product_id,product_name,category,sub_category
7847,"Tenex Lockers, Blue",Office Supplies,Storage
7465,"Acme Trimmer, High Speed",Office Supplies,Supplies
7859,"Tenex Box, Single Width",Office Supplies,Storage
6207,"Enermax Note Cards, Premium",Office Supplies,Paper
1493,"Eldon Light Bulb, Duo Pack",Furniture,Furnishings
6280,"Eaton Computer Printout Paper, 8.5 x 11",Office Supplies,Paper
9589,"Okidata Inkjet, Wireless",Technology,Machines
2376,"Hoover Microwave, White",Office Supplies,Appliances
8934,"Hewlett Wireless Fax, Laser",Technology,Copiers
1768,"Novimex Swivel Stool, Set of Two",Furniture,Chairs
7116,"Tenex Lockers, Industrial",Office Supplies,Storage
2057,"Chromcraft Round Table, Adjustable Height",Furniture,Tables
109,"Dania Corner Shelving, Traditional",Furniture,Bookcases
8624,"Hewlett Fax and Copier, Laser",Technology,Copiers
534,"Hon Rocking Chair, Set of Two",Furniture,Chairs
9922,"Nokia Headset, VoIP",Technology,Phones
4094,"Breville Coffee Grinder, Black",Office Supplies,Appliances
8235,"Belkin Numeric Keypad, Bluetooth",Technology,Accessories
577,"SAFCO Chairmat, Black",Furniture,Chairs
7008,"Smead File Cart, Blue",Office Supplies,Storage
5820,"Avery Color Coded Labels, Laser Printer Compatible",Office Supplies,Labels
4011,"BIC Sketch Pad, Water Color",Office Supplies,Art
6691,"Rogers Folders, Industrial",Office Supplies,Storage
7346,"Stiletto Scissors, Serrated",Office Supplies,Supplies
4127,"Cameo Interoffice Envelope, Set of 50",Office Supplies,Envelopes
4964,"Stockwell Staples, Metal",Office Supplies,Fasteners
2301,"Advantus Rubber Bands, Metal",Office Supplies,Fasteners
176,"Dania Classic Bookcase, Pine",Furniture,Bookcases
8030,"Enermax Keyboard, Bluetooth",Technology,Accessories
4313,"Jiffy Interoffice Envelope, Set of 50",Office Supplies,Envelopes
2986,"Binney & Smith Sketch Pad, Easy-Erase",Office Supplies,Art
7723,"Fiskars Letter Opener, Easy Grip",Office Supplies,Supplies
8832,"Sharp Ink, Laser",Technology,Copiers
4705,"Jiffy Interoffice Envelope, Set of 50",Office Supplies,Envelopes
1000,"SAFCO Chairmat, Black",Furniture,Chairs
8255,"Memorex Mouse, USB",Technology,Accessories
4477,"Kraft Peel and Seal, Recycled",Office Supplies,Envelopes
3097,"Boston Markers, Easy-Erase",Office Supplies,Art
6031,"Message Book, Wirebound, Four 5 1/2"" X 4"" Forms/Pg., 200 Dupl. Sets/Book",Office Supplies,Paper
5577,"Harbour Creations File Folder Labels, 5000 Label Set",Office Supplies,Labels
6947,"Eldon Folders, Single Width",Office Supplies,Storage
4082,"Boston Pens, Fluorescent",Office Supplies,Art
3364,"Avery Hole Reinforcements, Durable",Office Supplies,Binders
2733,"Hoover Stove, Black",Office Supplies,Appliances
2958,"Sanford Canvas, Fluorescent",Office Supplies,Art
2901,"Binney & Smith Pencil Sharpener, Water Color",Office Supplies,Art
7094,SAFCO Boltless Steel Shelving,Office Supplies,Storage
1146,"Rubbermaid Photo Frame, Durable",Furniture,Furnishings
5799,Avery 508,Office Supplies,Labels
3896,GBC Standard Plastic Binding Systems Combs,Office Supplies,Binders
1153,"Advantus Frame, Durable",Furniture,Furnishings
6825,"Fellowes Box, Industrial",Office Supplies,Storage
6973,"Tenex Trays, Blue",Office Supplies,Storage
4792,"Advantus Staples, Metal",Office Supplies,Fasteners
6460,"Enermax Memo Slips, Recycled",Office Supplies,Paper
9115,"Logitech Flash Drive, Erganomic",Technology,Accessories
4422,"Cameo Manila Envelope, with clear poly window",Office Supplies,Envelopes
3197,"Avery Hi-Liter EverBold Pen Style Fluorescent Highlighters, 4/Pack",Office Supplies,Art
926,Global Deluxe High-Back Manager's Chair,Furniture,Chairs
3973,Ibico Hi-Tech Manual Binding System,Office Supplies,Binders
10196,GE 30524EE4,Technology,Phones
4208,"Eldon File Cart, Single Width",Office Supplies,Storage
9185,"Panasonic Phone, Wireless",Technology,Machines
8284,"Logitech Router, Programmable",Technology,Accessories
7305,"Smead Lockers, Industrial",Office Supplies,Storage
9468,"Panasonic Card Printer, White",Technology,Machines
9056,"HP Fax and Copier, Color",Technology,Copiers
10137,Wireless Extenders zBoost YX545 SOHO Signal Booster,Technology,Phones
7341,"Stanley Sketch Pad, Easy-Erase",Office Supplies,Art
4928,"Accos Thumb Tacks, Assorted Sizes",Office Supplies,Fasteners
73,"Bush Floating Shelf Set, Pine",Furniture,Bookcases
6288,Xerox 225,Office Supplies,Paper
7320,"Stanley Sketch Pad, Fluorescent",Office Supplies,Art
4911,"Stockwell Rubber Bands, Bulk Pack",Office Supplies,Fasteners
3404,"Ibico Index Tab, Durable",Office Supplies,Binders
3085,"Dixon Prang Watercolor Pencils, 10-Color Set with Brush",Office Supplies,Art
3223,"BIC Sketch Pad, Fluorescent",Office Supplies,Art
8,"Advantus Stacking Tray, Black",Furniture,Furnishings
4913,"Alliance Super-Size Bands, Assorted Sizes",Office Supplies,Fasteners
6144,Southworth 25% Cotton Granite Paper & Envelopes,Office Supplies,Paper
5767,"Novimex Shipping Labels, Adjustable",Office Supplies,Labels
3005,Rogers Handheld Barrel Pencil Sharpener,Office Supplies,Art
2828,"Stanley Pens, Blue",Office Supplies,Art
1727,"Ikea Classic Bookcase, Pine",Furniture,Bookcases
9302,"Panasonic Inkjet, White",Technology,Machines
319,"Ikea Classic Bookcase, Metal",Furniture,Bookcases
7058,"Smead Lockers, Single Width",Office Supplies,Storage
1647,"Howard Miller 14-1/2"" Diameter Chrome Round Wall Clock",Furniture,Furnishings
3755,"Wilson Jones Binder Covers, Clear",Office Supplies,Binders
2801,"Binney & Smith Sketch Pad, Blue",Office Supplies,Art
3349,"Avery Index Tab, Economy",Office Supplies,Binders
3848,"Acco Four Pocket Poly Ring Binder with Label Holder, Smoke, 1""",Office Supplies,Binders
9813,"Motorola Signal Booster, Full Size",Technology,Phones
7958,"Belkin Numeric Keypad, USB",Technology,Accessories
6935,"Fellowes Trays, Blue",Office Supplies,Storage
10054,"Apple Headset, Full Size",Technology,Phones
4795,"Stockwell Push Pins, 12 Pack",Office Supplies,Fasteners
5561,"Smead Removable Labels, Adjustable",Office Supplies,Labels
6459,"Green Bar Memo Slips, Premium",Office Supplies,Paper
3865,"Avery Index Tab, Clear",Office Supplies,Binders
10158,"Nokia Smart Phone, with Caller ID",Technology,Phones
1732,"Ikea Library with Doors, Traditional",Furniture,Bookcases
8552,"Canon Ink, Laser",Technology,Copiers
1026,"Chromcraft Wood Table, Fully Assembled",Furniture,Tables
6722,"SanDisk Message Books, Recycled",Office Supplies,Paper
6697,"Sanford Pencil Sharpener, Fluorescent",Office Supplies,Art
9011,"Epson Phone, Red",Technology,Machines
5360,"Hoover Microwave, Red",Office Supplies,Appliances
8727,"Sharp Wireless Fax, Digital",Technology,Copiers
4183,"Eaton Note Cards, Premium",Office Supplies,Paper
7288,"Fellowes File Cart, Blue",Office Supplies,Storage
4112,"Cameo Mailers, with clear poly window",Office Supplies,Envelopes
7030,"Fellowes Shelving, Wire Frame",Office Supplies,Storage
7718,"Kleencut Ruler, Steel",Office Supplies,Supplies
5583,"Hon File Folder Labels, Alphabetical",Office Supplies,Labels
3743,"Avery Binder Covers, Recycled",Office Supplies,Binders
10270,"StarTech Calculator, Red",Technology,Machines
6501,"Enermax Note Cards, Premium",Office Supplies,Paper
6702,"Sanford Pens, Easy-Erase",Office Supplies,Art
3344,"Avery Binder Covers, Clear",Office Supplies,Binders
2254,"Acco Binder, Durable",Office Supplies,Binders
8049,Memorex Micro Travel Drive 8 GB,Technology,Accessories
5055,"Stockwell Staples, Assorted Sizes",Office Supplies,Fasteners
7736,"Elite Scissors, Easy Grip",Office Supplies,Supplies
3269,Newell 312,Office Supplies,Art
941,"SAFCO Executive Leather Armchair, Red",Furniture,Chairs
7186,"Smead Lockers, Blue",Office Supplies,Storage
247,"Dania Floating Shelf Set, Traditional",Furniture,Bookcases
9943,"Apple Audio Dock, VoIP",Technology,Phones
8736,"Sharp Wireless Fax, Color",Technology,Copiers
9937,"Apple Headset, VoIP",Technology,Phones
3211,"Sanford Canvas, Easy-Erase",Office Supplies,Art
1998,"Bevis Training Table, with Bottom Storage",Furniture,Tables
2993,"Binney & Smith Canvas, Blue",Office Supplies,Art
1244,"Advantus Clock, Black",Furniture,Furnishings
1283,"Eldon Door Stop, Durable",Furniture,Furnishings
1865,"Safco Floating Shelf Set, Metal",Furniture,Bookcases
4259,"GlobeWeis Interoffice Envelope, Set of 50",Office Supplies,Envelopes
7166,"Smead Trays, Single Width",Office Supplies,Storage
1127,"Rubbermaid Photo Frame, Duo Pack",Furniture,Furnishings
2400,"KitchenAid Coffee Grinder, Black",Office Supplies,Appliances
3302,"Boston Canvas, Fluorescent",Office Supplies,Art
1227,"Howard Miller 11-1/2"" Diameter Ridgewood Wall Clock",Furniture,Furnishings
5751,"Novimex File Folder Labels, Alphabetical",Office Supplies,Labels
3627,"Ibico Hole Reinforcements, Recycled",Office Supplies,Binders
3934,"Avery Hole Reinforcements, Durable",Office Supplies,Binders
5893,Avery 482,Office Supplies,Labels
8433,"Logitech Router, USB",Technology,Accessories
8844,"Hewlett Fax and Copier, Laser",Technology,Copiers
401,"Ikea Stackable Bookrack, Traditional",Furniture,Bookcases
9346,"Epson Printer, White",Technology,Machines
585,"Hon Chairmat, Adjustable",Furniture,Chairs
6071,"Green Bar Note Cards, Multicolor",Office Supplies,Paper
1097,"DAX Value U-Channel Document Frames, Easel Back",Furniture,Furnishings
3396,"Ibico Index Tab, Clear",Office Supplies,Binders
5197,"Fellowes Folders, Wire Frame",Office Supplies,Storage
3342,"Avery Removable Labels, Alphabetical",Office Supplies,Labels
5453,"Kleencut Ruler, Easy Grip",Office Supplies,Supplies
2312,"Advantus Staples, 12 Pack",Office Supplies,Fasteners
5207,"Fellowes Trays, Industrial",Office Supplies,Storage
6785,"Smead Lockers, Blue",Office Supplies,Storage
9059,"HP Fax Machine, Laser",Technology,Copiers
9162,"StarTech Inkjet, Wireless",Technology,Machines
7063,"Smead Lockers, Blue",Office Supplies,Storage
5192,"Fellowes Box, Wire Frame",Office Supplies,Storage
7567,"Elite Ruler, Steel",Office Supplies,Supplies
3331,"Sanford Pens, Fluorescent",Office Supplies,Art
6293,"Green Bar Cards & Envelopes, Multicolor",Office Supplies,Paper
5718,"Harbour Creations Legal Exhibit Labels, Laser Printer Compatible",Office Supplies,Labels
5756,"Harbour Creations Legal Exhibit Labels, Adjustable",Office Supplies,Labels
3523,"Wilson Jones Hole Reinforcements, Durable",Office Supplies,Binders
6801,Tennsco 6- and 18-Compartment Lockers,Office Supplies,Storage
6795,Fellowes Stor/Drawer Steel Plus Storage Drawers,Office Supplies,Storage
8263,Plantronics S12 Corded Telephone Headset System,Technology,Accessories
9334,"StarTech Card Printer, White",Technology,Machines
552,Global Highback Leather Tilter in Burgundy,Furniture,Chairs
10055,"Apple Headset, with Caller ID",Technology,Phones
314,"O'Sullivan Elevations Bookcase, Cherry Finish",Furniture,Bookcases
6229,"Xerox Message Books, Premium",Office Supplies,Paper
151,"Safco Floating Shelf Set, Traditional",Furniture,Bookcases
4693,"Jiffy Mailers, Security-Tint",Office Supplies,Envelopes
4360,Brown Kraft Recycled Envelopes,Office Supplies,Envelopes
6564,"Eaton Computer Printout Paper, 8.5 x 11",Office Supplies,Paper
5191,"Fellowes File Cart, Blue",Office Supplies,Storage
1223,"Tenex Door Stop, Black",Furniture,Furnishings
7213,"Smead Trays, Blue",Office Supplies,Storage
6932,"Tenex Shelving, Single Width",Office Supplies,Storage
2291,"Acme Trimmer, Easy Grip",Office Supplies,Supplies
3412,"Cardinal Binder Covers, Recycled",Office Supplies,Binders
3200,4009 Highlighters by Sanford,Office Supplies,Art
4398,Staples,Office Supplies,Envelopes
6400,Xerox 1923,Office Supplies,Paper
3914,Staples,Office Supplies,Binders
7322,"Stanley Canvas, Blue",Office Supplies,Art
3823,Avery Metallic Poly Binders,Office Supplies,Binders
8852,"Hewlett Copy Machine, Laser",Technology,Copiers
322,"Dania Library with Doors, Traditional",Furniture,Bookcases
856,"Hon Swivel Stool, Set of Two",Furniture,Chairs
2913,"Binney & Smith Canvas, Blue",Office Supplies,Art
2820,"Stanley Markers, Fluorescent",Office Supplies,Art
2457,"Cuisinart Microwave, White",Office Supplies,Appliances
346,Sauder Cornerstone Collection Library,Furniture,Bookcases
6268,"Green Bar Computer Printout Paper, 8.5 x 11",Office Supplies,Paper
7772,"Elite Letter Opener, Easy Grip",Office Supplies,Supplies
1666,"Harbour Creations Rocking Chair, Adjustable",Furniture,Chairs
6730,"Sanford Markers, Fluorescent",Office Supplies,Art
5501,"Harbour Creations Removable Labels, 5000 Label Set",Office Supplies,Labels
8314,Logitech 910-002974 M325 Wireless Mouse for Web Scrolling,Technology,Accessories
2949,"Binney & Smith Markers, Water Color",Office Supplies,Art
1243,DAX Black Cherry Wood-Tone Poster Frame,Furniture,Furnishings
10151,AT&T 841000 Phone,Technology,Phones
5604,Round Specialty Laser Printer Labels,Office Supplies,Labels
6975,"Fellowes Box, Wire Frame",Office Supplies,Storage
6898,"Fellowes Folders, Blue",Office Supplies,Storage
7189,"Tenex Box, Industrial",Office Supplies,Storage
3572,"Ibico Binder, Economy",Office Supplies,Binders
3591,GBC Linen Binding Covers,Office Supplies,Binders
3274,"Stanley Pens, Easy-Erase",Office Supplies,Art
5638,"Hon Shipping Labels, Laser Printer Compatible",Office Supplies,Labels
5211,"Fellowes Lockers, Blue",Office Supplies,Storage
4820,"Stockwell Thumb Tacks, Bulk Pack",Office Supplies,Fasteners
4943,"OIC Clamps, 12 Pack",Office Supplies,Fasteners
3947,"Acco Binding Machine, Economy",Office Supplies,Binders
4145,"Cardinal Binder, Recycled",Office Supplies,Binders
4040,"Binney & Smith Pencil Sharpener, Water Color",Office Supplies,Art
3916,"Wilson Jones Binding Machine, Clear",Office Supplies,Binders
9254,"Okidata Printer, Wireless",Technology,Machines
429,"Ikea Floating Shelf Set, Metal",Furniture,Bookcases
8941,"Brother Ink, Laser",Technology,Copiers
8488,"Belkin Mouse, USB",Technology,Accessories
2417,Fellowes Mighty 8 Compact Surge Protector,Office Supplies,Appliances
8188,"SanDisk Flash Drive, Bluetooth",Technology,Accessories
4625,"GlobeWeis Business Envelopes, Recycled",Office Supplies,Envelopes
7369,"Stockwell Clamps, Assorted Sizes",Office Supplies,Fasteners
501,"Bush Classic Bookcase, Traditional",Furniture,Bookcases
2580,"Cuisinart Microwave, Silver",Office Supplies,Appliances
231,O'Sullivan 4-Shelf Bookcase in Odessa Pine,Furniture,Bookcases
1790,"Office Star Rocking Chair, Red",Furniture,Chairs
489,"Bush Library with Doors, Mobile",Furniture,Bookcases
6101,"TOPS Carbonless Receipt Book, Four 2-3/4 x 7-1/4 Money Receipts per Page",Office Supplies,Paper
6764,"Smead Trays, Single Width",Office Supplies,Storage
4446,"Tyvek  Top-Opening Peel & Seel Envelopes, Plain White",Office Supplies,Envelopes
3053,"Boston Pencil Sharpener, Water Color",Office Supplies,Art
4199,"Eldon Trays, Single Width",Office Supplies,Storage
5259,"Green Bar Note Cards, Premium",Office Supplies,Paper
3842,"GBC Standard Recycled Report Covers, Clear Plastic Sheets",Office Supplies,Binders
5201,"Fellowes Box, Blue",Office Supplies,Storage
5960,"Novimex Color Coded Labels, Adjustable",Office Supplies,Labels
5966,"Novimex Shipping Labels, 5000 Label Set",Office Supplies,Labels
1971,"Chromcraft Conference Table, Fully Assembled",Furniture,Tables
5204,"Fellowes Lockers, Single Width",Office Supplies,Storage
749,Hon 4700 Series Mobuis Mid-Back Task Chairs with Adjustable Arms,Furniture,Chairs
9728,Apple iPhone 5C,Technology,Phones
9724,"Cisco Signal Booster, with Caller ID",Technology,Phones
1797,"Office Star Rocking Chair, Black",Furniture,Chairs
1436,Eldon ClusterMat Chair Mat with Cordless Antistatic Protection,Furniture,Furnishings
10074,"Apple Signal Booster, VoIP",Technology,Phones
8364,"Memorex Router, Programmable",Technology,Accessories
2562,"Holmes Replacement Filter for HEPA Air Cleaner, Very Large Room, HEPA Filter",Office Supplies,Appliances
7793,"Fiskars Box Cutter, Serrated",Office Supplies,Supplies
7124,Fellowes Bases and Tops For Staxonsteel/High-Stak Systems,Office Supplies,Storage
5218,"Fiskars Trimmer, High Speed",Office Supplies,Supplies
3517,"Avery Binder Covers, Recycled",Office Supplies,Binders
3297,Panasonic KP-4ABK Battery-Operated Pencil Sharpener,Office Supplies,Art
6673,"Rogers Shelving, Wire Frame",Office Supplies,Storage
3775,GBC DocuBind TL200 Manual Binding Machine,Office Supplies,Binders
4364,Staples,Office Supplies,Envelopes
1462,"Eldon Expressions Desk Accessory, Wood Pencil Holder, Oak",Furniture,Furnishings
3161,"Sanford Sketch Pad, Water Color",Office Supplies,Art
3937,Storex Dura Pro Binders,Office Supplies,Binders
4107,"Cameo Manila Envelope, Set of 50",Office Supplies,Envelopes
3678,"Acco Binder Covers, Economy",Office Supplies,Binders
3080,Newell 351,Office Supplies,Art
3470,"Acco Pressboard Covers with Storage Hooks, 9 1/2"" x 11"", Executive Red",Office Supplies,Binders
6876,Eldon Fold 'N Roll Cart System,Office Supplies,Storage
6391,"Wirebound Service Call Books, 5 1/2"" x 4""",Office Supplies,Paper
1370,Ultra Door Push Plate,Furniture,Furnishings
3241,Newell 327,Office Supplies,Art
7121,"Rogers Lockers, Single Width",Office Supplies,Storage
394,"Bush Classic Bookcase, Traditional",Furniture,Bookcases
6833,"Tenex File Cart, Blue",Office Supplies,Storage
2889,"Binney & Smith Highlighters, Blue",Office Supplies,Art
6754,"Smead Trays, Wire Frame",Office Supplies,Storage
3461,"Acco Binding Machine, Clear",Office Supplies,Binders
321,"Sauder Floating Shelf Set, Traditional",Furniture,Bookcases
850,"Novimex Steel Folding Chair, Red",Furniture,Chairs
8251,"SanDisk Keyboard, USB",Technology,Accessories
2940,"Boston Canvas, Easy-Erase",Office Supplies,Art
10174,"Samsung Headset, Cordless",Technology,Phones
1328,Ultra Door Pull Handle,Furniture,Furnishings
16,"Advantus Clock, Durable",Furniture,Furnishings
5077,"Stockwell Staples, Metal",Office Supplies,Fasteners
3983,"Avery Index Tab, Clear",Office Supplies,Binders
203,"Dania Classic Bookcase, Mobile",Furniture,Bookcases
660,"Novimex Executive Leather Armchair, Red",Furniture,Chairs
7645,"Stiletto Box Cutter, High Speed",Office Supplies,Supplies
5657,"Harbour Creations Color Coded Labels, Laser Printer Compatible",Office Supplies,Labels
6201,"Eaton Memo Slips, 8.5 x 11",Office Supplies,Paper
5990,"OIC Clamps, Assorted Sizes",Office Supplies,Fasteners
5388,"Ibico Index Tab, Clear",Office Supplies,Binders
8569,"Cisco Smart Phone, Full Size",Technology,Phones
4103,"Breville Stove, Black",Office Supplies,Appliances
8919,"Sharp Fax Machine, Laser",Technology,Copiers
982,"Harbour Creations Swivel Stool, Set of Two",Furniture,Chairs
4587,"Kraft Manila Envelope, with clear poly window",Office Supplies,Envelopes
1191,"Tenex Frame, Black",Furniture,Furnishings
1693,"Hon Rocking Chair, Adjustable",Furniture,Chairs
862,"Office Star Bag Chairs, Set of Two",Furniture,Chairs
2830,"Boston Pens, Water Color",Office Supplies,Art
6524,"SanDisk Memo Slips, Multicolor",Office Supplies,Paper
8070,"SanDisk Flash Drive, Programmable",Technology,Accessories
5125,"Advantus Staples, 12 Pack",Office Supplies,Fasteners
5869,"Harbour Creations Color Coded Labels, Adjustable",Office Supplies,Labels
6256,Xerox 195,Office Supplies,Paper
5907,"Avery Shipping Labels, Laser Printer Compatible",Office Supplies,Labels
3368,"Avery Round Labels, Alphabetical",Office Supplies,Labels
3147,"Boston Markers, Fluorescent",Office Supplies,Art
3748,"Avery Hole Reinforcements, Recycled",Office Supplies,Binders
5038,"Alliance Big Bands Rubber Bands, 12/Pack",Office Supplies,Fasteners
5987,"OIC Clamps, 12 Pack",Office Supplies,Fasteners
3762,"Avery Binder Covers, Recycled",Office Supplies,Binders
3013,"Stanley Canvas, Blue",Office Supplies,Art
9612,"Panasonic Phone, Red",Technology,Machines
2948,"Stanley Markers, Water Color",Office Supplies,Art
3546,"Cardinal Binder, Clear",Office Supplies,Binders
3109,"Boston Pens, Blue",Office Supplies,Art
4662,"GlobeWeis Peel and Seal, Security-Tint",Office Supplies,Envelopes
6072,"Xerox Cards & Envelopes, 8.5 x 11",Office Supplies,Paper
6156,"Eaton Computer Printout Paper, Recycled",Office Supplies,Paper
1629,"Advantus Light Bulb, Duo Pack",Furniture,Furnishings
4045,"Binney & Smith Pens, Fluorescent",Office Supplies,Art
908,"Novimex Executive Leather Armchair, Black",Furniture,Chairs
1869,"SAFCO Executive Leather Armchair, Adjustable",Furniture,Chairs
8738,"Hewlett Wireless Fax, Laser",Technology,Copiers
9096,"Konica Inkjet, White",Technology,Machines
5436,"KitchenAid Coffee Grinder, Silver",Office Supplies,Appliances
455,"Safco Stackable Bookrack, Mobile",Furniture,Bookcases
6748,"Smead Lockers, Industrial",Office Supplies,Storage
9006,"Enermax Router, Erganomic",Technology,Accessories
9061,"HP Personal Copier, Laser",Technology,Copiers
6018,"Eaton Computer Printout Paper, Recycled",Office Supplies,Paper
3071,"BIC Sketch Pad, Easy-Erase",Office Supplies,Art
7670,"Elite Trimmer, Serrated",Office Supplies,Supplies
7253,"Fellowes Shelving, Wire Frame",Office Supplies,Storage
5297,"Hamilton Beach Blender, White",Office Supplies,Appliances
7108,"Rogers Box, Single Width",Office Supplies,Storage
3795,"Ibico Binder Covers, Durable",Office Supplies,Binders
2799,"BIC Highlighters, Water Color",Office Supplies,Art
8407,"Memorex Flash Drive, Bluetooth",Technology,Accessories
5634,"Smead Removable Labels, 5000 Label Set",Office Supplies,Labels
3571,"Cardinal Binder, Economy",Office Supplies,Binders
1758,"Novimex Steel Folding Chair, Adjustable",Furniture,Chairs
7203,"Smead Trays, Wire Frame",Office Supplies,Storage
4285,"Kraft Clasp Envelope, Recycled",Office Supplies,Envelopes
6233,"Green Bar Note Cards, Premium",Office Supplies,Paper
4144,"Cardinal Index Tab, Economy",Office Supplies,Binders
7902,"Xerox Message Books, Premium",Office Supplies,Paper
3710,"Acco Binder Covers, Clear",Office Supplies,Binders
5980,"Novimex Shipping Labels, Laser Printer Compatible",Office Supplies,Labels
1401,"Rubbermaid Stacking Tray, Erganomic",Furniture,Furnishings
5336,"Hon Color Coded Labels, Alphabetical",Office Supplies,Labels
431,"Safco Value Mate Series Steel Bookcases, Baked Enamel Finish on Steel, Gray",Furniture,Bookcases
7247,"SAFCO Commercial Wire Shelving, 72h",Office Supplies,Storage
9853,Jabra SPEAK 410,Technology,Phones
9337,"Okidata Calculator, Durable",Technology,Machines
5465,"Kleencut Trimmer, Serrated",Office Supplies,Supplies
10176,Macally Suction Cup Mount,Technology,Phones
5209,"Fellowes Trays, Blue",Office Supplies,Storage
7734,"Stiletto Scissors, Steel",Office Supplies,Supplies
1615,"GE General Use Halogen Bulbs, 100 Watts, 1 Bulb per Pack",Furniture,Furnishings
4623,"Cameo Clasp Envelope, Security-Tint",Office Supplies,Envelopes
1060,"Deflect-O Stacking Tray, Black",Furniture,Furnishings
4076,"Boston Highlighters, Fluorescent",Office Supplies,Art
4056,"Binney & Smith Highlighters, Blue",Office Supplies,Art
4273,"Kraft Business Envelopes, Set of 50",Office Supplies,Envelopes
4779,"Stockwell Thumb Tacks, 12 Pack",Office Supplies,Fasteners
6421,"Eureka Recycled Copy Paper 8 1/2"" x 11"", Ream",Office Supplies,Paper
3618,Wilson Jones 14 Line Acrylic Coated Pressboard Data Binders,Office Supplies,Binders
6064,"REDIFORM Incoming/Outgoing Call Register, 11"" X 8 1/2"", 100 Messages",Office Supplies,Paper
4140,"Cardinal Hole Reinforcements, Economy",Office Supplies,Binders
1323,Eldon Image Series Black Desk Accessories,Furniture,Furnishings
8761,"Sharp Fax Machine, Digital",Technology,Copiers
2106,Balt Split Level Computer Training Table,Furniture,Tables
4442,"Cameo Interoffice Envelope, Security-Tint",Office Supplies,Envelopes
7449,"Kleencut Box Cutter, Steel",Office Supplies,Supplies
7181,Recycled Steel Personal File for Hanging File Folders,Office Supplies,Storage
3168,Dixon Ticonderoga Core-Lock Colored Pencils,Office Supplies,Art
7198,"Rogers Folders, Single Width",Office Supplies,Storage
2138,"Hon Conference Table, Adjustable Height",Furniture,Tables
2200,"Hon Conference Table, Adjustable Height",Furniture,Tables
5234,"Fiskars Trimmer, Easy Grip",Office Supplies,Supplies
3439,"Pressboard Covers with Storage Hooks, 9 1/2"" x 11"", Light Blue",Office Supplies,Binders
872,"SAFCO Rocking Chair, Red",Furniture,Chairs
8533,"Canon Fax Machine, Laser",Technology,Copiers
4186,"Eaton Memo Slips, Multicolor",Office Supplies,Paper
8483,"Apple Signal Booster, Cordless",Technology,Phones
5386,"Ibico Index Tab, Clear",Office Supplies,Binders
7877,"Wilson Jones Binder Covers, Economy",Office Supplies,Binders
2326,"Ames Mailers, with clear poly window",Office Supplies,Envelopes
3347,"Avery Hole Reinforcements, Clear",Office Supplies,Binders
10144,"Motorola Smart Phone, Cordless",Technology,Phones
2028,"Barricks Computer Table, Fully Assembled",Furniture,Tables
9313,"Konica Inkjet, White",Technology,Machines
6900,Space Solutions HD Industrial Steel Shelving.,Office Supplies,Storage
1896,"Sauder Classic Bookcase, Traditional",Furniture,Bookcases
1767,"Novimex Swivel Stool, Adjustable",Furniture,Chairs
927,"SAFCO Bag Chairs, Adjustable",Furniture,Chairs
6150,"Eaton Parchment Paper, 8.5 x 11",Office Supplies,Paper
3911,"Avery 3-Hole Punch, Clear",Office Supplies,Binders
3810,"Ibico Binding Machine, Durable",Office Supplies,Binders
5449,"Kleencut Letter Opener, Steel",Office Supplies,Supplies
6406,"Xerox Computer Printout Paper, 8.5 x 11",Office Supplies,Paper
5572,"Harbour Creations Removable Labels, 5000 Label Set",Office Supplies,Labels
6435,"Eaton Parchment Paper, 8.5 x 11",Office Supplies,Paper
3398,"Wilson Jones 3-Hole Punch, Recycled",Office Supplies,Binders
4222,"Elite Ruler, Serrated",Office Supplies,Supplies
5250,"GlobeWeis Peel and Seal, Security-Tint",Office Supplies,Envelopes
2850,"BIC Pens, Blue",Office Supplies,Art
6908,"Eldon Folders, Wire Frame",Office Supplies,Storage
6166,Xerox 1972,Office Supplies,Paper
8777,"Brother Personal Copier, Laser",Technology,Copiers
391,"Sauder Facets Collection Library, Sky Alder Finish",Furniture,Bookcases
5194,"Fellowes Lockers, Wire Frame",Office Supplies,Storage
7017,"Tenex Trays, Single Width",Office Supplies,Storage
2465,"KitchenAid Coffee Grinder, Red",Office Supplies,Appliances
2564,"Hamilton Beach Refrigerator, Silver",Office Supplies,Appliances
14,"Advantus Photo Frame, Erganomic",Furniture,Furnishings
2982,"Binney & Smith Pencil Sharpener, Easy-Erase",Office Supplies,Art
7459,"Kleencut Ruler, High Speed",Office Supplies,Supplies
8042,"Memorex Memory Card, USB",Technology,Accessories
2912,"Sanford Pencil Sharpener, Water Color",Office Supplies,Art
3766,"Wilson Jones Hole Reinforcements, Economy",Office Supplies,Binders
5628,"Smead File Folder Labels, Adjustable",Office Supplies,Labels
4673,"GlobeWeis Peel and Seal, Set of 50",Office Supplies,Envelopes
3551,"Acco Hole Reinforcements, Recycled",Office Supplies,Binders
3611,"Avery Hole Reinforcements, Durable",Office Supplies,Binders
3479,"Wilson Jones Hole Reinforcements, Clear",Office Supplies,Binders
388,"Safco Stackable Bookrack, Pine",Furniture,Bookcases
9771,"Motorola Signal Booster, Cordless",Technology,Phones
8627,"Hewlett Copy Machine, Color",Technology,Copiers
6829,"Eldon File Cart, Blue",Office Supplies,Storage
9707,"Cisco Smart Phone, Full Size",Technology,Phones
8917,"Brother Wireless Fax, Laser",Technology,Copiers
1935,"Bevis Computer Table, Fully Assembled",Furniture,Tables
8069,Enermax Aurora Lite Keyboard,Technology,Accessories
126,"Ikea Library with Doors, Pine",Furniture,Bookcases
6803,"Fellowes File Cart, Industrial",Office Supplies,Storage
9331,"Epson Receipt Printer, Wireless",Technology,Machines
560,"SAFCO Steel Folding Chair, Black",Furniture,Chairs
8880,"HP Fax and Copier, Digital",Technology,Copiers
3205,"Stanley Canvas, Blue",Office Supplies,Art
9360,"Konica Phone, White",Technology,Machines
8083,"Logitech Numeric Keypad, Erganomic",Technology,Accessories
3174,"Boston Highlighters, Water Color",Office Supplies,Art
2972,"BIC Canvas, Water Color",Office Supplies,Art
2864,"Sanford Pencil Sharpener, Water Color",Office Supplies,Art
7550,"Acme Box Cutter, High Speed",Office Supplies,Supplies
2835,"Sanford Highlighters, Water Color",Office Supplies,Art
6136,"Xerox Note Cards, Premium",Office Supplies,Paper
5589,"Avery Color Coded Labels, 5000 Label Set",Office Supplies,Labels
1291,"Rubbermaid Light Bulb, Duo Pack",Furniture,Furnishings
3185,"Boston Pencil Sharpener, Easy-Erase",Office Supplies,Art
9954,AT&T 17929 Lendline Telephone,Technology,Phones
8994,"Enermax Keyboard, Programmable",Technology,Accessories
4919,"OIC Push Pins, Bulk Pack",Office Supplies,Fasteners
3476,Surelock Post Binders,Office Supplies,Binders
7881,"Wilson Jones Hole Reinforcements, Economy",Office Supplies,Binders
4910,Staples,Office Supplies,Fasteners
7939,"SanDisk Memory Card, Erganomic",Technology,Accessories
2673,"Breville Blender, Black",Office Supplies,Appliances
9018,"Epson Receipt Printer, White",Technology,Machines
7162,"Tenex Shelving, Industrial",Office Supplies,Storage
3968,Ibico Laser Imprintable Binding System Covers,Office Supplies,Binders
7886,"Wilson Jones 3-Hole Punch, Durable",Office Supplies,Binders
2853,"Binney & Smith Pens, Water Color",Office Supplies,Art
5819,"Harbour Creations File Folder Labels, 5000 Label Set",Office Supplies,Labels
3740,Avery Durable Poly Binders,Office Supplies,Binders
3379,"Avery Hole Reinforcements, Economy",Office Supplies,Binders
1673,"Harbour Creations Chairmat, Set of Two",Furniture,Chairs
6059,"Message Book, Standard Line ""While You Were Out"", 5 1/2"" X 4"", 200 Sets/Book",Office Supplies,Paper
3922,GBC Recycled Grain Textured Covers,Office Supplies,Binders
6779,"Smead Shelving, Single Width",Office Supplies,Storage
18,"Advantus Light Bulb, Black",Furniture,Furnishings
6765,"Smead Round Labels, Alphabetical",Office Supplies,Labels
9800,AT&T CL82213,Technology,Phones
7307,"Rogers Trays, Blue",Office Supplies,Storage
10032,Aastra 57i VoIP phone,Technology,Phones
2669,"Hoover Coffee Grinder, Silver",Office Supplies,Appliances
9893,"Cisco Signal Booster, with Caller ID",Technology,Phones
9433,"Konica Receipt Printer, Wireless",Technology,Machines
2996,"Stanley Pencil Sharpener, Water Color",Office Supplies,Art
3443,"Avery Binder Covers, Durable",Office Supplies,Binders
5661,"Avery Legal Exhibit Labels, Alphabetical",Office Supplies,Labels
8882,"Sharp Copy Machine, Color",Technology,Copiers
5865,"Novimex Legal Exhibit Labels, Laser Printer Compatible",Office Supplies,Labels
5759,Avery 480,Office Supplies,Labels
3547,"Avery Flip-Chart Easel Binder, Black",Office Supplies,Binders
6964,Acco Perma 4000 Stacking Storage Drawers,Office Supplies,Storage
3494,"Ibico 3-Hole Punch, Durable",Office Supplies,Binders
7993,Maxell DVD-RAM Discs,Technology,Accessories
4803,"Stockwell Clamps, 12 Pack",Office Supplies,Fasteners
4057,"Binney & Smith Sketch Pad, Water Color",Office Supplies,Art
7057,"Smead Box, Blue",Office Supplies,Storage
1155,"Eldon Photo Frame, Duo Pack",Furniture,Furnishings
2231,"Acco Binder, Economy",Office Supplies,Binders
1852,"SAFCO Swivel Stool, Black",Furniture,Chairs
931,"SAFCO Executive Leather Armchair, Adjustable",Furniture,Chairs
9748,"Cisco Signal Booster, VoIP",Technology,Phones
3032,"Binney & Smith Pencil Sharpener, Fluorescent",Office Supplies,Art
2074,"Lesro Coffee Table, Adjustable Height",Furniture,Tables
2511,"Hamilton Beach Blender, Black",Office Supplies,Appliances
951,"Harbour Creations Rocking Chair, Set of Two",Furniture,Chairs
1611,"Advantus Frame, Duo Pack",Furniture,Furnishings
3737,"Cardinal Binder Covers, Clear",Office Supplies,Binders
181,"Ikea Corner Shelving, Metal",Furniture,Bookcases
7031,"Rogers Trays, Wire Frame",Office Supplies,Storage
7150,"Eldon File Cart, Single Width",Office Supplies,Storage
2146,"Lesro Coffee Table, Fully Assembled",Furniture,Tables
1365,"Deflect-O Stacking Tray, Durable",Furniture,Furnishings
4400,"GlobeWeis Manila Envelope, Set of 50",Office Supplies,Envelopes
6915,"Smead Folders, Wire Frame",Office Supplies,Storage
5082,"Stockwell Rubber Bands, 12 Pack",Office Supplies,Fasteners
1356,"Master Caster Door Stop, Large Brown",Furniture,Furnishings
9167,"Okidata Calculator, White",Technology,Machines
3717,"Acco Binding Machine, Recycled",Office Supplies,Binders
9658,"Samsung Smart Phone, VoIP",Technology,Phones
8570,"Cisco Headset, Full Size",Technology,Phones
130,"Dania Classic Bookcase, Traditional",Furniture,Bookcases
6963,"Tenex File Cart, Industrial",Office Supplies,Storage
845,"Novimex Bag Chairs, Black",Furniture,Chairs
392,"Sauder Library with Doors, Mobile",Furniture,Bookcases
9349,"Panasonic Receipt Printer, Wireless",Technology,Machines
2530,"KitchenAid Blender, White",Office Supplies,Appliances
7526,"Fiskars Trimmer, Easy Grip",Office Supplies,Supplies
4150,"Cardinal 3-Hole Punch, Economy",Office Supplies,Binders
2797,"Stanley Pencil Sharpener, Fluorescent",Office Supplies,Art
1463,"Rubbermaid Photo Frame, Erganomic",Furniture,Furnishings
6773,"Smead Lockers, Wire Frame",Office Supplies,Storage
4604,"Ames Peel and Seal, Set of 50",Office Supplies,Envelopes
3506,"Avery Binder Covers, Clear",Office Supplies,Binders
4341,"Kraft Clasp Envelope, with clear poly window",Office Supplies,Envelopes
7822,"Elite Ruler, Easy Grip",Office Supplies,Supplies
4052,"Binney & Smith Highlighters, Easy-Erase",Office Supplies,Art
4268,"GlobeWeis Peel and Seal, with clear poly window",Office Supplies,Envelopes
1807,"Rubbermaid Photo Frame, Black",Furniture,Furnishings
10203,"Samsung Audio Dock, Cordless",Technology,Phones
2300,"Advantus Staples, Metal",Office Supplies,Fasteners
4240,"Elite Letter Opener, High Speed",Office Supplies,Supplies
3058,"Boston Highlighters, Easy-Erase",Office Supplies,Art
2844,"BIC Highlighters, Blue",Office Supplies,Art
6712,"Sanford Pens, Water Color",Office Supplies,Art
7433,"Acme Ruler, Easy Grip",Office Supplies,Supplies
2250,"Accos Thumb Tacks, 12 Pack",Office Supplies,Fasteners
4138,"Cardinal Binder Covers, Clear",Office Supplies,Binders
9034,"Hewlett Ink, Digital",Technology,Copiers
10201,"Samsung Signal Booster, Full Size",Technology,Phones
8656,"Canon Personal Copier, Laser",Technology,Copiers
5213,"Fiskars Box Cutter, Easy Grip",Office Supplies,Supplies
6690,"Rogers File Cart, Single Width",Office Supplies,Storage
3606,"Cardinal Index Tab, Clear",Office Supplies,Binders
23,"Advantus Light Bulb, Duo Pack",Furniture,Furnishings
2128,Hon 2111 Invitation Series Corner Table,Furniture,Tables
1840,"SAFCO Swivel Stool, Adjustable",Furniture,Chairs
1372,"Rubbermaid ClusterMat Chairmats, Mat Size- 66"" x 60"", Lip 20"" x 11"" -90 Degree Angle",Furniture,Furnishings
6745,"Smead Shelving, Wire Frame",Office Supplies,Storage
624,"Global Value Mid-Back Manager's Chair, Gray",Furniture,Chairs
4187,"Eaton Computer Printout Paper, Recycled",Office Supplies,Paper
7077,Fellowes Neat Ideas Storage Cubes,Office Supplies,Storage
3976,VariCap6 Expandable Binder,Office Supplies,Binders
3797,Wilson Jones Leather-Like Binders with DublLock Round Rings,Office Supplies,Binders
5945,Avery 483,Office Supplies,Labels
3945,"Cardinal Binder, Economy",Office Supplies,Binders
3984,Wilson Jones Turn Tabs Binder Tool for Ring Binders,Office Supplies,Binders
535,"Global Geo Office Task Chair, Gray",Furniture,Chairs
8534,"Canon Fax Machine, Color",Technology,Copiers
1091,"Eldon Frame, Black",Furniture,Furnishings
8521,"Brother Ink, Color",Technology,Copiers
9745,"Cisco Signal Booster, with Caller ID",Technology,Phones
6813,"Tenex Lockers, Wire Frame",Office Supplies,Storage
6708,"SanDisk Computer Printout Paper, Recycled",Office Supplies,Paper
9752,"Motorola Office Telephone, VoIP",Technology,Phones
5248,"GlobeWeis Mailers, Set of 50",Office Supplies,Envelopes
7810,"Elite Scissors, Serrated",Office Supplies,Supplies
1403,"Tenex Photo Frame, Durable",Furniture,Furnishings
7000,"Rogers Shelving, Wire Frame",Office Supplies,Storage
8346,"Belkin Numeric Keypad, Bluetooth",Technology,Accessories
7418,"Fiskars Trimmer, Serrated",Office Supplies,Supplies
5026,"Stockwell Clamps, Bulk Pack",Office Supplies,Fasteners
9802,"Motorola Office Telephone, Full Size",Technology,Phones
3191,"BIC Markers, Blue",Office Supplies,Art
3901,"Avery Index Tab, Durable",Office Supplies,Binders
6741,"Sanford Pencil Sharpener, Easy-Erase",Office Supplies,Art
3280,"Stanley Pens, Easy-Erase",Office Supplies,Art
7015,"Eldon Box, Blue",Office Supplies,Storage
479,"Sauder Classic Bookcase, Traditional",Furniture,Bookcases
9833,"Nokia Signal Booster, with Caller ID",Technology,Phones
8643,"Brother Fax Machine, High-Speed",Technology,Copiers
407,"Sauder Classic Bookcase, Pine",Furniture,Bookcases
802,"Hon Executive Leather Armchair, Adjustable",Furniture,Chairs
1902,"Barricks Coffee Table, Fully Assembled",Furniture,Tables
7429,Compact Automatic Electric Letter Opener,Office Supplies,Supplies
10045,"Cisco Headset, Cordless",Technology,Phones
9595,"Okidata Calculator, Wireless",Technology,Machines
7995,Logitech G600 MMO Gaming Mouse,Technology,Accessories
7868,"Tenex File Cart, Single Width",Office Supplies,Storage
4073,"Boston Markers, Blue",Office Supplies,Art
4174,"Cuisinart Blender, Black",Office Supplies,Appliances
7337,"Stanley Canvas, Easy-Erase",Office Supplies,Art
1145,"Rubbermaid Door Stop, Erganomic",Furniture,Furnishings
5271,"Green Bar Message Books, Premium",Office Supplies,Paper
1085,"Eldon Clock, Erganomic",Furniture,Furnishings
2470,Belkin 8 Outlet Surge Protector,Office Supplies,Appliances
6073,"Memo Book, 100 Message Capacity, 5 3/8” x 11”",Office Supplies,Paper
6005,"OIC Push Pins, Metal",Office Supplies,Fasteners
730,"SAFCO Executive Leather Armchair, Black",Furniture,Chairs
9339,"Okidata Card Printer, Red",Technology,Machines
8134,"Enermax Router, USB",Technology,Accessories
2419,"Hoover Microwave, Black",Office Supplies,Appliances
9301,"Panasonic Printer, Durable",Technology,Machines
699,"Office Star Swivel Stool, Adjustable",Furniture,Chairs
10078,"Nokia Audio Dock, VoIP",Technology,Phones
674,"Novimex Swivel Stool, Black",Furniture,Chairs
2546,"Hamilton Beach Blender, White",Office Supplies,Appliances
1301,"Advantus Clock, Erganomic",Furniture,Furnishings
8598,"Brother Ink, Laser",Technology,Copiers
3201,"Stanley Highlighters, Easy-Erase",Office Supplies,Art
9789,"Apple Speaker Phone, VoIP",Technology,Phones
1554,"Tenex Stacking Tray, Erganomic",Furniture,Furnishings
6048,"Enermax Parchment Paper, Premium",Office Supplies,Paper
3519,Pressboard Data Binders by Wilson Jones,Office Supplies,Binders
416,"Bush Corner Shelving, Metal",Furniture,Bookcases
3905,"Acco Index Tab, Clear",Office Supplies,Binders
10180,"Cisco Signal Booster, Cordless",Technology,Phones
1102,"Advantus Light Bulb, Duo Pack",Furniture,Furnishings
5056,"Advantus Rubber Bands, Assorted Sizes",Office Supplies,Fasteners
3445,"Ibico Binding Machine, Clear",Office Supplies,Binders
4615,"GlobeWeis Peel and Seal, Set of 50",Office Supplies,Envelopes
4036,"Binney & Smith Markers, Water Color",Office Supplies,Art
2473,"Holmes Cool Mist Humidifier for the Whole House with 8-Gallon Output per Day, Extended Life Filter",Office Supplies,Appliances
5326,"Harbour Creations Removable Labels, 5000 Label Set",Office Supplies,Labels
6732,"Sanford Highlighters, Water Color",Office Supplies,Art
3647,Wilson Jones Easy Flow II Sheet Lifters,Office Supplies,Binders
9844,"Cisco Audio Dock, Full Size",Technology,Phones
4161,"Cuisinart Microwave, White",Office Supplies,Appliances
8329,"SanDisk Router, Programmable",Technology,Accessories
9397,"Panasonic Calculator, Durable",Technology,Machines
695,"Harbour Creations Steel Folding Chair, Set of Two",Furniture,Chairs
6025,"SanDisk Parchment Paper, Multicolor",Office Supplies,Paper
2289,"Acme Box Cutter, Steel",Office Supplies,Supplies
4947,"OIC Staples, Assorted Sizes",Office Supplies,Fasteners
5430,"KitchenAid Blender, Black",Office Supplies,Appliances
7562,"Elite Letter Opener, High Speed",Office Supplies,Supplies
3215,Staples,Office Supplies,Art
6705,"SanDisk Note Cards, 8.5 x 11",Office Supplies,Paper
5036,"OIC Thumb Tacks, Assorted Sizes",Office Supplies,Fasteners
5841,"Novimex Removable Labels, Adjustable",Office Supplies,Labels
5127,"Advantus Thumb Tacks, Assorted Sizes",Office Supplies,Fasteners
7650,"Stiletto Trimmer, Serrated",Office Supplies,Supplies
1380,"DAX Copper Panel Document Frame, 5 x 7 Size",Furniture,Furnishings
6823,Akro Stacking Bins,Office Supplies,Storage
9419,"StarTech Card Printer, Red",Technology,Machines
2140,"Barricks Round Table, with Bottom Storage",Furniture,Tables
6805,"Eldon File Cart, Industrial",Office Supplies,Storage
8967,"Canon Ink, Color",Technology,Copiers
6295,"Green Bar Cards & Envelopes, 8.5 x 11",Office Supplies,Paper
472,"Ikea Floating Shelf Set, Mobile",Furniture,Bookcases
4547,"GlobeWeis Peel and Seal, with clear poly window",Office Supplies,Envelopes
10117,"Apple Office Telephone, Cordless",Technology,Phones
594,"SAFCO Chairmat, Red",Furniture,Chairs
3094,"Binney & Smith Canvas, Water Color",Office Supplies,Art
9820,"Nokia Speaker Phone, Full Size",Technology,Phones
8053,Enermax Briskie RF Wireless Keyboard and Mouse Combo,Technology,Accessories
4861,"Stockwell Thumb Tacks, 12 Pack",Office Supplies,Fasteners
5570,"Novimex Round Labels, 5000 Label Set",Office Supplies,Labels
9422,"Okidata Calculator, Red",Technology,Machines
6991,"Smead Trays, Blue",Office Supplies,Storage
5035,"Stockwell Thumb Tacks, Assorted Sizes",Office Supplies,Fasteners
6812,"Smead Box, Single Width",Office Supplies,Storage
5899,"Novimex File Folder Labels, Adjustable",Office Supplies,Labels
6452,Xerox 204,Office Supplies,Paper
1121,"Master Caster Door Stop, Brown",Furniture,Furnishings
9271,"Konica Printer, Red",Technology,Machines
3360,"Avery Binding Machine, Durable",Office Supplies,Binders
1178,"Advantus Clock, Black",Furniture,Furnishings
1710,"Hon Computer Table, Adjustable Height",Furniture,Tables
9623,"Panasonic Phone, White",Technology,Machines
10071,"Apple Speaker Phone, with Caller ID",Technology,Phones
7383,"Stockwell Clamps, Bulk Pack",Office Supplies,Fasteners
7921,"Logitech Memory Card, USB",Technology,Accessories
5205,"Fellowes Shelving, Single Width",Office Supplies,Storage
6675,"Rogers Trays, Blue",Office Supplies,Storage
3552,"Acco Binder Covers, Recycled",Office Supplies,Binders
4028,"BIC Highlighters, Blue",Office Supplies,Art
5406,"Jiffy Peel and Seal, with clear poly window",Office Supplies,Envelopes
3667,"Wilson Jones Hole Reinforcements, Recycled",Office Supplies,Binders
4190,"Eaton Parchment Paper, Multicolor",Office Supplies,Paper
5324,"Harbour Creations Color Coded Labels, Adjustable",Office Supplies,Labels
5348,"Hon Shipping Labels, Adjustable",Office Supplies,Labels
8983,"Hewlett Wireless Fax, Color",Technology,Copiers
269,"Ikea Classic Bookcase, Pine",Furniture,Bookcases
700,"Harbour Creations Bag Chairs, Black",Furniture,Chairs
10041,"Nokia Office Telephone, VoIP",Technology,Phones
7889,"Wilson Jones Binding Machine, Recycled",Office Supplies,Binders
7638,"Stiletto Trimmer, Steel",Office Supplies,Supplies
6254,Xerox 220,Office Supplies,Paper
4265,"Cameo Clasp Envelope, Recycled",Office Supplies,Envelopes
6613,"SanDisk Note Cards, Premium",Office Supplies,Paper
49,"Bush Classic Bookcase, Mobile",Furniture,Bookcases
8563,"Cisco Smart Phone, with Caller ID",Technology,Phones
8962,"Canon Wireless Fax, High-Speed",Technology,Copiers
8502,"Belkin Keyboard, Erganomic",Technology,Accessories
9382,"Okidata Printer, Durable",Technology,Machines
4657,"Kraft Peel and Seal, Security-Tint",Office Supplies,Envelopes
9874,"Cisco Signal Booster, Full Size",Technology,Phones
3665,"Acco Binding Machine, Recycled",Office Supplies,Binders
5202,"Fellowes Shelving, Wire Frame",Office Supplies,Storage
9317,"Okidata Printer, Durable",Technology,Machines
6685,"Rogers Trays, Industrial",Office Supplies,Storage
9596,"Okidata Receipt Printer, Durable",Technology,Machines
2236,"Acco Hole Reinforcements, Economy",Office Supplies,Binders
8888,"Brother Copy Machine, High-Speed",Technology,Copiers
9101,"Logitech Flash Drive, Programmable",Technology,Accessories
7878,"Wilson Jones Hole Reinforcements, Clear",Office Supplies,Binders
6329,"SanDisk Computer Printout Paper, 8.5 x 11",Office Supplies,Paper
5384,"Ibico Index Tab, Durable",Office Supplies,Binders
5906,Staples,Office Supplies,Labels
7907,"Xerox Memo Slips, Recycled",Office Supplies,Paper
3431,GBC Plastic Binding Combs,Office Supplies,Binders
9030,"Epson Inkjet, Durable",Technology,Machines
10114,"Samsung Audio Dock, Cordless",Technology,Phones
4202,"Eldon Lockers, Wire Frame",Office Supplies,Storage
6710,"SanDisk Computer Printout Paper, 8.5 x 11",Office Supplies,Paper
2321,"Advantus Paper Clips, Metal",Office Supplies,Fasteners
1468,"Eldon Stacking Tray, Durable",Furniture,Furnishings
8666,"HP Fax and Copier, Color",Technology,Copiers
5971,"Novimex Legal Exhibit Labels, Adjustable",Office Supplies,Labels
6017,"TOPS 4 x 6 Fluorescent Color Memo Sheets, 500 Sheets per Pack",Office Supplies,Paper
5977,"Novimex Shipping Labels, Adjustable",Office Supplies,Labels
8753,"Sharp Fax Machine, Color",Technology,Copiers
338,"Safco 3-Shelf Cabinet, Mobile",Furniture,Bookcases
9242,"Epson Receipt Printer, White",Technology,Machines
1240,"Advantus Frame, Black",Furniture,Furnishings
6860,"Tenex File Cart, Industrial",Office Supplies,Storage
7745,"Kleencut Letter Opener, High Speed",Office Supplies,Supplies
662,"Harbour Creations Swivel Stool, Red",Furniture,Chairs
9989,"Samsung Office Telephone, Full Size",Technology,Phones
7699,"Elite Shears, Serrated",Office Supplies,Supplies
9849,"Motorola Headset, with Caller ID",Technology,Phones
8013,"Belkin Numeric Keypad, Erganomic",Technology,Accessories
7816,"Acme Trimmer, Serrated",Office Supplies,Supplies
1214,"Rubbermaid Clock, Black",Furniture,Furnishings
3023,"Stanley Markers, Fluorescent",Office Supplies,Art
8460,"Memorex Mouse, Erganomic",Technology,Accessories
9798,"Samsung Office Telephone, Full Size",Technology,Phones
7540,"Acme Trimmer, Serrated",Office Supplies,Supplies
8432,"Memorex Mouse, Erganomic",Technology,Accessories
6441,"Green Bar Parchment Paper, Recycled",Office Supplies,Paper
2415,"Hamilton Beach Stove, White",Office Supplies,Appliances
1211,"Eldon Door Stop, Black",Furniture,Furnishings
2651,"KitchenAid Microwave, Silver",Office Supplies,Appliances
1565,"Advantus Stacking Tray, Erganomic",Furniture,Furnishings
8365,"Logitech Keyboard, Bluetooth",Technology,Accessories
8319,"Belkin Memory Card, Bluetooth",Technology,Accessories
3672,"Wilson Jones 3-Hole Punch, Durable",Office Supplies,Binders
3207,Zebra Zazzle Fluorescent Highlighters,Office Supplies,Art
2863,"BIC Pencil Sharpener, Fluorescent",Office Supplies,Art
5193,"Fellowes File Cart, Industrial",Office Supplies,Storage
72,"Safco Classic Bookcase, Traditional",Furniture,Bookcases
9120,"Logitech Router, Erganomic",Technology,Accessories
2594,"Hamilton Beach Toaster, Black",Office Supplies,Appliances
601,Novimex Swivel Fabric Task Chair,Furniture,Chairs
1671,"Harbour Creations Bag Chairs, Red",Furniture,Chairs
796,"Office Star Rocking Chair, Red",Furniture,Chairs
9304,"Panasonic Receipt Printer, White",Technology,Machines
10268,"Sharp Fax Machine, High-Speed",Technology,Copiers
2008,Bevis Round Conference Room Tables and Bases,Furniture,Tables
3277,"BIC Sketch Pad, Blue",Office Supplies,Art
638,Harbour Creations Steel Folding Chair,Furniture,Chairs
1705,"Hon Steel Folding Chair, Red",Furniture,Chairs
8486,"Apple Speaker Phone, with Caller ID",Technology,Phones
2967,"BIC Markers, Easy-Erase",Office Supplies,Art
9091,"Konica Printer, White",Technology,Machines
1364,"Tenex Clock, Black",Furniture,Furnishings
657,"Hon Swivel Stool, Red",Furniture,Chairs
8438,"Belkin Keyboard, USB",Technology,Accessories
9801,"Cisco Signal Booster, Full Size",Technology,Phones
1872,"Safco Floating Shelf Set, Traditional",Furniture,Bookcases
6883,"Smead Shelving, Single Width",Office Supplies,Storage
6951,Fellowes Bankers Box Recycled Super Stor/Drawer,Office Supplies,Storage
10292,"StarTech Receipt Printer, Wireless",Technology,Machines
2271,"Acco 3-Hole Punch, Recycled",Office Supplies,Binders
9249,"Epson Calculator, Durable",Technology,Machines
7565,"Acme Scissors, Easy Grip",Office Supplies,Supplies
6024,"Xerox Parchment Paper, Premium",Office Supplies,Paper
4216,"Eldon Box, Single Width",Office Supplies,Storage
2857,"Binney & Smith Pens, Easy-Erase",Office Supplies,Art
6807,"Fellowes Shelving, Wire Frame",Office Supplies,Storage
5992,"OIC Push Pins, Assorted Sizes",Office Supplies,Fasteners
5340,"Hon Shipping Labels, 5000 Label Set",Office Supplies,Labels
1779,"Novimex Bag Chairs, Adjustable",Furniture,Chairs
5132,Plymouth Boxed Rubber Bands by Plymouth,Office Supplies,Fasteners
6416,"Black Print Carbonless 8 1/2"" x 8 1/4"" Rapid Memo Book",Office Supplies,Paper
5329,"Hon Round Labels, Laser Printer Compatible",Office Supplies,Labels
3944,"Acco Hole Reinforcements, Recycled",Office Supplies,Binders
3467,"Wilson Jones Hole Reinforcements, Clear",Office Supplies,Binders
3837,"Ibico Index Tab, Clear",Office Supplies,Binders
7866,"Tenex Box, Wire Frame",Office Supplies,Storage
5363,"Hoover Toaster, Silver",Office Supplies,Appliances
10035,Sannysis Cute Owl Design Soft Skin Case Cover for Samsung Galaxy S4,Technology,Phones
342,"Ikea Corner Shelving, Traditional",Furniture,Bookcases
428,"Ikea 3-Shelf Cabinet, Pine",Furniture,Bookcases
739,"Office Star Executive Leather Armchair, Black",Furniture,Chairs
683,"Harbour Creations Steel Folding Chair, Black",Furniture,Chairs
8780,"Canon Wireless Fax, Digital",Technology,Copiers
6670,"Rogers Lockers, Wire Frame",Office Supplies,Storage
8391,Hypercom P1300 Pinpad,Technology,Accessories
3752,"Acco Binder Covers, Durable",Office Supplies,Binders
6148,"Enermax Message Books, 8.5 x 11",Office Supplies,Paper
6093,"Array Parchment Paper, Assorted Colors",Office Supplies,Paper
3077,"Stanley Markers, Water Color",Office Supplies,Art
6056,Xerox 1971,Office Supplies,Paper
10279,"StarTech Card Printer, White",Technology,Machines
555,"Harbour Creations Swivel Stool, Adjustable",Furniture,Chairs
968,"Office Star Executive Leather Armchair, Adjustable",Furniture,Chairs
9605,"Panasonic Inkjet, White",Technology,Machines
10272,"StarTech Inkjet, White",Technology,Machines
9088,"Konica Receipt Printer, Wireless",Technology,Machines
8773,"Sharp Fax Machine, Laser",Technology,Copiers
2070,"Bevis Oval Conference Table, Walnut",Furniture,Tables
1029,"Dania Stackable Bookrack, Pine",Furniture,Bookcases
9977,"Samsung Audio Dock, with Caller ID",Technology,Phones
8909,"HP Copy Machine, High-Speed",Technology,Copiers
5428,"KitchenAid Coffee Grinder, Black",Office Supplies,Appliances
2590,3.6 Cubic Foot Counter Height Office Refrigerator,Office Supplies,Appliances
1084,"Eldon Frame, Durable",Furniture,Furnishings
6766,"Smead Lockers, Single Width",Office Supplies,Storage
8480,"Apple Speaker Phone, Cordless",Technology,Phones
5179,"OIC Clamps, 12 Pack",Office Supplies,Fasteners
9531,"Memorex Keyboard, Erganomic",Technology,Accessories
6967,"Tenex Folders, Blue",Office Supplies,Storage
3462,"Wilson Jones 3-Hole Punch, Durable",Office Supplies,Binders
3816,"Cardinal HOLDit! Binder Insert Strips,Extra Strips",Office Supplies,Binders
1689,"Hon Bag Chairs, Adjustable",Furniture,Chairs
7060,Eldon Shelf Savers Cubes and Bins,Office Supplies,Storage
5014,"Stockwell Rubber Bands, Assorted Sizes",Office Supplies,Fasteners
5519,Avery 495,Office Supplies,Labels
5758,"Hon File Folder Labels, Adjustable",Office Supplies,Labels
4561,"GlobeWeis Manila Envelope, with clear poly window",Office Supplies,Envelopes
4044,"Binney & Smith Pens, Blue",Office Supplies,Art
10163,PowerGen Dual USB Car Charger,Technology,Phones
2303,"Advantus Paper Clips, Assorted Sizes",Office Supplies,Fasteners
9867,"Cisco Audio Dock, Cordless",Technology,Phones
6940,Sensible Storage WireTech Storage Systems,Office Supplies,Storage
3581,"Ibico Binder, Durable",Office Supplies,Binders
7794,"Stiletto Shears, Serrated",Office Supplies,Supplies
9602,"Panasonic Receipt Printer, Red",Technology,Machines
9051,"Hewlett Personal Copier, Laser",Technology,Copiers
2963,"BIC Brite Liner Highlighters, Chisel Tip",Office Supplies,Art
8137,Logitech Wireless Gaming Headset G930,Technology,Accessories
6270,Xerox 1891,Office Supplies,Paper
2865,Newell 345,Office Supplies,Art
3595,GBC Wire Binding Combs,Office Supplies,Binders
5378,"Ibico Binder Covers, Clear",Office Supplies,Binders
7451,Acme Forged Steel Scissors with Black Enamel Handles,Office Supplies,Supplies
4710,"Cameo Mailers, Set of 50",Office Supplies,Envelopes
3485,"Avery Hole Reinforcements, Durable",Office Supplies,Binders
9110,"Logitech Memory Card, Erganomic",Technology,Accessories
963,"Global Leather and Oak Executive Chair, Black",Furniture,Chairs
790,Office Star - Task Chair with Contemporary Loop Arms,Furniture,Chairs
7315,"Rogers Lockers, Blue",Office Supplies,Storage
3317,"BIC Canvas, Easy-Erase",Office Supplies,Art
960,"Global Push Button Manager's Chair, Indigo",Furniture,Chairs
6894,"Contico 72""H Heavy-Duty Storage System",Office Supplies,Storage
2317,"Advantus Push Pins, Metal",Office Supplies,Fasteners
3920,Catalog Binders with Expanding Posts,Office Supplies,Binders
9543,"Motorola Office Telephone, Cordless",Technology,Phones
5399,"Ibico Binder, Economy",Office Supplies,Binders
2970,Newell 330,Office Supplies,Art
484,"Dania Stackable Bookrack, Mobile",Furniture,Bookcases
6682,"Rogers Box, Blue",Office Supplies,Storage
6749,"Smead Box, Blue",Office Supplies,Storage
7040,"Carina 42""Hx23 3/4""W Media Storage Unit",Office Supplies,Storage
4543,"Cameo Clasp Envelope, Security-Tint",Office Supplies,Envelopes
2836,Newell Chalk Holder,Office Supplies,Art
606,"Harbour Creations Executive Leather Armchair, Red",Furniture,Chairs
10020,"Apple Signal Booster, with Caller ID",Technology,Phones
2005,"Chromcraft Computer Table, with Bottom Storage",Furniture,Tables
2492,"Hoover Toaster, Silver",Office Supplies,Appliances
9665,"Cisco Office Telephone, with Caller ID",Technology,Phones
8875,"HP Fax Machine, Laser",Technology,Copiers
10039,"Nokia Smart Phone, Cordless",Technology,Phones
8981,"Sharp Personal Copier, Laser",Technology,Copiers
9725,"Apple Signal Booster, Full Size",Technology,Phones
8315,"SanDisk Mouse, Programmable",Technology,Accessories
4804,"Advantus Clamps, Assorted Sizes",Office Supplies,Fasteners
9263,"Panasonic Calculator, Wireless",Technology,Machines
1815,"Rubbermaid Stacking Tray, Black",Furniture,Furnishings
7572,"Kleencut Ruler, Easy Grip",Office Supplies,Supplies
5395,"Ibico 3-Hole Punch, Clear",Office Supplies,Binders
4955,"Stockwell Thumb Tacks, Bulk Pack",Office Supplies,Fasteners
3723,"Acco Binder, Clear",Office Supplies,Binders
6260,"SanDisk Computer Printout Paper, 8.5 x 11",Office Supplies,Paper
2244,"Acco Binding Machine, Economy",Office Supplies,Binders
7384,"Stockwell Rubber Bands, Bulk Pack",Office Supplies,Fasteners
6709,"Sanford Canvas, Easy-Erase",Office Supplies,Art
7872,"Wilson Jones Binding Machine, Durable",Office Supplies,Binders
1515,"Tenex Light Bulb, Duo Pack",Furniture,Furnishings
4676,"Kraft Interoffice Envelope, Set of 50",Office Supplies,Envelopes
2928,"BIC Pencil Sharpener, Water Color",Office Supplies,Art
8879,"Sharp Ink, Color",Technology,Copiers
6004,"OIC Paper Clips, Metal",Office Supplies,Fasteners
8864,"Brother Fax Machine, Laser",Technology,Copiers
9660,"Motorola Audio Dock, with Caller ID",Technology,Phones
916,"SAFCO Rocking Chair, Set of Two",Furniture,Chairs
2920,"BOSTON Ranger #55 Pencil Sharpener, Black",Office Supplies,Art
619,"Harbour Creations Steel Folding Chair, Adjustable",Furniture,Chairs
846,"Harbour Creations Chairmat, Adjustable",Furniture,Chairs
6797,"Tenex Folders, Industrial",Office Supplies,Storage
9545,"Motorola Speaker Phone, Full Size",Technology,Phones
6717,"Sanford Markers, Easy-Erase",Office Supplies,Art
4885,"OIC Thumb Tacks, Bulk Pack",Office Supplies,Fasteners
6318,"Geographics Note Cards, Blank, White, 8 1/2"" x 11""",Office Supplies,Paper
9079,"Konica Calculator, Red",Technology,Machines
9550,"Motorola Smart Phone, Full Size",Technology,Phones
9723,Panasonic KX-TG9471B,Technology,Phones
8193,"Logitech Flash Drive, Programmable",Technology,Accessories
8818,"HP Copy Machine, Laser",Technology,Copiers
6301,"Southworth 100% Résumé Paper, 24lb.",Office Supplies,Paper
2597,"Fellowes Premier Superior Surge Suppressor, 10-Outlet, With Phone and Remote",Office Supplies,Appliances
1300,"Eldon Frame, Black",Furniture,Furnishings
4253,"Jiffy Manila Envelope, with clear poly window",Office Supplies,Envelopes
3324,"Boston Highlighters, Fluorescent",Office Supplies,Art
1215,"Eldon Light Bulb, Durable",Furniture,Furnishings
7720,"Elite Scissors, High Speed",Office Supplies,Supplies
3146,"Binney & Smith Markers, Blue",Office Supplies,Art
5419,"Jiffy Mailers, Recycled",Office Supplies,Envelopes
10106,"Nokia Office Telephone, with Caller ID",Technology,Phones
6036,Xerox 198,Office Supplies,Paper
5712,"Smead Legal Exhibit Labels, Laser Printer Compatible",Office Supplies,Labels
3824,"Cardinal Index Tab, Economy",Office Supplies,Binders
4879,Stockwell Push Pins,Office Supplies,Fasteners
3019,Economy #2 Pencils,Office Supplies,Art
1551,Eldon Wave Desk Accessories,Furniture,Furnishings
3653,"Acco Hole Reinforcements, Economy",Office Supplies,Binders
7091,"Fellowes File Cart, Wire Frame",Office Supplies,Storage
8362,"Memorex Keyboard, Bluetooth",Technology,Accessories
3192,"Sanford Sketch Pad, Water Color",Office Supplies,Art
6620,"Enermax Memo Slips, Premium",Office Supplies,Paper
4418,"Cameo Mailers, with clear poly window",Office Supplies,Envelopes
3235,"BIC Sketch Pad, Easy-Erase",Office Supplies,Art
1587,"Tenex Door Stop, Duo Pack",Furniture,Furnishings
7130,"Fellowes Shelving, Industrial",Office Supplies,Storage
2753,"Hoover Stove, Red",Office Supplies,Appliances
9402,Hewlett-Packard Deskjet 6540 Color Inkjet Printer,Technology,Machines
7210,"Eldon File Cart, Single Width",Office Supplies,Storage
849,Global Commerce Series High-Back Swivel/Tilt Chairs,Furniture,Chairs
8441,"Memorex Router, Erganomic",Technology,Accessories
7499,"Fiskars Box Cutter, Serrated",Office Supplies,Supplies
603,"Harbour Creations Executive Leather Armchair, Black",Furniture,Chairs
2938,"Sanford Pens, Water Color",Office Supplies,Art
7856,"Tenex Shelving, Blue",Office Supplies,Storage
4742,"Stockwell Clamps, Bulk Pack",Office Supplies,Fasteners
8452,Imation 30456 USB Flash Drive 8GB,Technology,Accessories
4221,"Eldon Trays, Blue",Office Supplies,Storage
3764,"Premium Transparent Presentation Covers, No Pattern/Clear, 8 1/2"" x 11""",Office Supplies,Binders
6032,Xerox 1887,Office Supplies,Paper
6874,Carina Double Wide Media Storage Towers in Natural & Black,Office Supplies,Storage
7679,"Fiskars Letter Opener, Steel",Office Supplies,Supplies
7139,Staples,Office Supplies,Storage
6168,Xerox 1963,Office Supplies,Paper
3228,Avery Hi-Liter Fluorescent Desk Style Markers,Office Supplies,Art
5739,"Harbour Creations Round Labels, Adjustable",Office Supplies,Labels
8118,"Belkin Mouse, Programmable",Technology,Accessories
962,"SAFCO Swivel Stool, Adjustable",Furniture,Chairs
920,"Office Star Steel Folding Chair, Set of Two",Furniture,Chairs
3769,"Cardinal Binding Machine, Durable",Office Supplies,Binders
6300,Xerox 1889,Office Supplies,Paper
3622,"Avery Binder, Recycled",Office Supplies,Binders
6954,"Hot File 7-Pocket, Floor Stand",Office Supplies,Storage
3962,"Cardinal Binder, Clear",Office Supplies,Binders
3586,GBC VeloBinder Manual Binding System,Office Supplies,Binders
1314,"Eldon Expressions Desk Accessory, Wood Photo Frame, Mahogany",Furniture,Furnishings
6289,"SanDisk Parchment Paper, Premium",Office Supplies,Paper
2894,"Sanford Highlighters, Easy-Erase",Office Supplies,Art
5116,"Stockwell Paper Clips, Metal",Office Supplies,Fasteners
3162,"Binney & Smith Pens, Blue",Office Supplies,Art
3487,Insertable Tab Post Binder Dividers,Office Supplies,Binders
9890,Polycom VoiceStation 500 Conference phone,Technology,Phones
8501,"Belkin Memory Card, Erganomic",Technology,Accessories
5506,"Novimex File Folder Labels, Laser Printer Compatible",Office Supplies,Labels
6339,"Eaton Computer Printout Paper, Recycled",Office Supplies,Paper
7691,"Fiskars Trimmer, Steel",Office Supplies,Supplies
1632,"Rubbermaid Light Bulb, Erganomic",Furniture,Furnishings
2242,"Acco Binder Covers, Clear",Office Supplies,Binders
2107,Bretford Rectangular Conference Table Tops,Furniture,Tables
2013,Balt Solid Wood Round Tables,Furniture,Tables
9429,"Epson Printer, White",Technology,Machines
2154,"Hon 30"" x 60"" Table with Locking Drawer",Furniture,Tables
6486,Xerox 1909,Office Supplies,Paper
10048,"Nokia Office Telephone, VoIP",Technology,Phones
9572,"Nokia Headset, VoIP",Technology,Phones
7240,"Smead Folders, Industrial",Office Supplies,Storage
4930,"Stockwell Clamps, Assorted Sizes",Office Supplies,Fasteners
2456,Bionaire Personal Warm Mist Humidifier/Vaporizer,Office Supplies,Appliances
6138,Xerox 1918,Office Supplies,Paper
6401,Xerox 1926,Office Supplies,Paper
3428,"GBC Twin Loop Wire Binding Elements, 9/16"" Spine, Black",Office Supplies,Binders
2713,Belkin 6 Outlet Metallic Surge Strip,Office Supplies,Appliances
5689,"Hon Round Labels, 5000 Label Set",Office Supplies,Labels
6331,Xerox 1967,Office Supplies,Paper
3230,Newell 333,Office Supplies,Art
6449,Xerox 1957,Office Supplies,Paper
3243,Newell 35,Office Supplies,Art
6420,EcoTones Memo Sheets,Office Supplies,Paper
6304,Xerox 1966,Office Supplies,Paper
414,"Bush Heritage Pine Collection 5-Shelf Bookcase, Albany Pine Finish, *Special Order",Furniture,Bookcases
9204,Swingline SM12-08 MicroCut Jam Free Shredder,Technology,Machines
2519,"Hamilton Beach Blender, Silver",Office Supplies,Appliances
157,"Safco Corner Shelving, Metal",Furniture,Bookcases
9295,Cisco TelePresence System EX90 Videoconferencing Unit,Technology,Machines
3967,"Avery Binding Machine, Economy",Office Supplies,Binders
6920,"Smead Shelving, Industrial",Office Supplies,Storage
10064,"Nokia Audio Dock, with Caller ID",Technology,Phones
1343,"Dana Fluorescent Magnifying Lamp, White, 36""",Furniture,Furnishings
5177,"Stockwell Clamps, Bulk Pack",Office Supplies,Fasteners
2781,"Breville Toaster, Red",Office Supplies,Appliances
7652,"Fiskars Box Cutter, Steel",Office Supplies,Supplies
1617,Eldon Cleatmat Chair Mats for Medium Pile Carpets,Furniture,Furnishings
4394,"Kraft Business Envelopes, Security-Tint",Office Supplies,Envelopes
1585,"Executive Impressions 13"" Clairmont Wall Clock",Furniture,Furnishings
5016,Staples,Office Supplies,Fasteners
5708,"Smead File Folder Labels, Alphabetical",Office Supplies,Labels
6671,"Rogers Box, Single Width",Office Supplies,Storage
3169,Avery Fluorescent Highlighter Four-Color Set,Office Supplies,Art
10159,Cisco 8x8 Inc. 6753i IP Business Phone System,Technology,Phones
8212,"Logitech Wireless Boombox Speaker - portable - wireless, wired",Technology,Accessories
8958,"HP Ink, High-Speed",Technology,Copiers
6892,Crate-A-Files,Office Supplies,Storage
1393,Document Clip Frames,Furniture,Furnishings
5535,Avery 501,Office Supplies,Labels
9702,Samsung Galaxy S4 Active,Technology,Phones
2487,"KitchenAid Microwave, Black",Office Supplies,Appliances
8913,"HP Ink, Color",Technology,Copiers
543,"SAFCO Rocking Chair, Red",Furniture,Chairs
357,"Dania 3-Shelf Cabinet, Mobile",Furniture,Bookcases
8705,"HP Ink, Digital",Technology,Copiers
9322,"StarTech Inkjet, White",Technology,Machines
9764,"Apple Office Telephone, Cordless",Technology,Phones
7440,"Elite Box Cutter, High Speed",Office Supplies,Supplies
808,"Harbour Creations Chairmat, Black",Furniture,Chairs
5121,"OIC Thumb Tacks, Bulk Pack",Office Supplies,Fasteners
3363,"Avery 3-Hole Punch, Recycled",Office Supplies,Binders
5916,Avery 505,Office Supplies,Labels
7820,"Kleencut Shears, Easy Grip",Office Supplies,Supplies
4666,"GlobeWeis Interoffice Envelope, Recycled",Office Supplies,Envelopes
9586,"Okidata Calculator, Durable",Technology,Machines
9054,"Hewlett Fax Machine, Digital",Technology,Copiers
3592,"Wilson Jones Ledger-Size, Piano-Hinge Binder, 2"", Blue",Office Supplies,Binders
5609,"Harbour Creations Round Labels, Laser Printer Compatible",Office Supplies,Labels
1103,"Rubbermaid Frame, Black",Furniture,Furnishings
6103,Xerox 1919,Office Supplies,Paper
961,"Hon Steel Folding Chair, Adjustable",Furniture,Chairs
5005,"Advantus Push Pins, Metal",Office Supplies,Fasteners
10108,"Apple Speaker Phone, VoIP",Technology,Phones
1284,DAX Wood Document Frame,Furniture,Furnishings
1346,"Rubbermaid Door Stop, Duo Pack",Furniture,Furnishings
7188,"Eldon Trays, Blue",Office Supplies,Storage
5679,"Avery Shipping Labels, Alphabetical",Office Supplies,Labels
7036,Tennsco Commercial Shelving,Office Supplies,Storage
5168,"Stockwell Thumb Tacks, Metal",Office Supplies,Fasteners
3152,"Binney & Smith Pens, Fluorescent",Office Supplies,Art
5904,Avery 492,Office Supplies,Labels
3314,"Binney & Smith Crayola Metallic Colored Pencils, 8-Color Set",Office Supplies,Art
5761,"Novimex Shipping Labels, 5000 Label Set",Office Supplies,Labels
3263,"Binney & Smith inkTank Erasable Desk Highlighter, Chisel Tip, Yellow, 12/Box",Office Supplies,Art
8991,"Enermax Numeric Keypad, USB",Technology,Accessories
2990,American Pencil,Office Supplies,Art
6711,"Sanford Highlighters, Easy-Erase",Office Supplies,Art
9627,"Nokia Smart Phone, Full Size",Technology,Phones
9713,"Nokia Signal Booster, VoIP",Technology,Phones
659,Office Star - Mesh Screen back chair with Vinyl seat,Furniture,Chairs
7214,"Smead Trays, Industrial",Office Supplies,Storage
94,"Ikea Stackable Bookrack, Mobile",Furniture,Bookcases
1478,"Eldon Photo Frame, Duo Pack",Furniture,Furnishings
6466,"Xerox Cards & Envelopes, Premium",Office Supplies,Paper
3294,"Boston Markers, Blue",Office Supplies,Art
3730,GBC Prestige Therm-A-Bind Covers,Office Supplies,Binders
3118,"Stanley Canvas, Fluorescent",Office Supplies,Art
3771,"Acco Binder Covers, Economy",Office Supplies,Binders
6361,Xerox 1951,Office Supplies,Paper
6179,"Green Bar Parchment Paper, Premium",Office Supplies,Paper
5566,"Avery Removable Labels, Adjustable",Office Supplies,Labels
3942,"C-Line Peel & Stick Add-On Filing Pockets, 8-3/4 x 5-1/8, 10/Pack",Office Supplies,Binders
10009,Ooma Telo VoIP Home Phone System,Technology,Phones
1696,"Hon Rocking Chair, Black",Furniture,Chairs
1279,"Rubbermaid Frame, Duo Pack",Furniture,Furnishings
10152,"Motorola Signal Booster, Cordless",Technology,Phones
7870,"Tenex File Cart, Single Width",Office Supplies,Storage
6849,Economy Rollaway Files,Office Supplies,Storage
196,"Safco Library with Doors, Pine",Furniture,Bookcases
8687,"Canon Ink, Digital",Technology,Copiers
1050,"Dania Classic Bookcase, Metal",Furniture,Bookcases
6517,"SanDisk Cards & Envelopes, Recycled",Office Supplies,Paper
4334,"Kraft Interoffice Envelope, Recycled",Office Supplies,Envelopes
5931,"Harbour Creations Legal Exhibit Labels, Alphabetical",Office Supplies,Labels
9228,"StarTech Receipt Printer, Wireless",Technology,Machines
3366,"Avery Legal Exhibit Labels, 5000 Label Set",Office Supplies,Labels
5840,"Novimex Round Labels, Adjustable",Office Supplies,Labels
5909,Avery 476,Office Supplies,Labels
3749,"Avery Binding Machine, Durable",Office Supplies,Binders
9906,"Motorola Signal Booster, Full Size",Technology,Phones
3876,"Ibico 3-Hole Punch, Economy",Office Supplies,Binders
7251,"Tenex Shelving, Single Width",Office Supplies,Storage
7711,"Elite Ruler, Easy Grip",Office Supplies,Supplies
1425,"DAX Contemporary Wood Frame with Silver Metal Mat, Desktop, 11 x 14 Size",Furniture,Furnishings
1509,"Advantus Light Bulb, Black",Furniture,Furnishings
6661,Xerox 190,Office Supplies,Paper
5165,"Accos Rubber Bands, Bulk Pack",Office Supplies,Fasteners
10110,"Nokia Signal Booster, Full Size",Technology,Phones
8900,"HP Fax Machine, Laser",Technology,Copiers
2885,"Stanley Canvas, Easy-Erase",Office Supplies,Art
762,"Iceberg Nesting Folding Chair, 19w x 6d x 43h",Furniture,Chairs
7111,"Rogers Folders, Blue",Office Supplies,Storage
4762,"OIC Clamps, Metal",Office Supplies,Fasteners
2214,"Tenex Frame, Black",Furniture,Furnishings
9835,"Nokia Audio Dock, Full Size",Technology,Phones
4110,"Cameo Manila Envelope, Recycled",Office Supplies,Envelopes
7245,"Smead Folders, Single Width",Office Supplies,Storage
5527,"Harbour Creations Legal Exhibit Labels, 5000 Label Set",Office Supplies,Labels
2792,"BIC Brite Liner Grip Highlighters, Assorted, 5/Pack",Office Supplies,Art
8203,Imation Swivel Flash Drive USB flash drive - 8 GB,Technology,Accessories
3065,"Stanley Highlighters, Blue",Office Supplies,Art
6653,"Eaton Message Books, Premium",Office Supplies,Paper
5947,"Avery File Folder Labels, Laser Printer Compatible",Office Supplies,Labels
3182,"Eberhard Faber 3 1/2"" Golf Pencils",Office Supplies,Art
4835,"Advantus Thumb Tacks, Metal",Office Supplies,Fasteners
5697,"Harbour Creations Removable Labels, Laser Printer Compatible",Office Supplies,Labels
7232,"Tenex Lockers, Blue",Office Supplies,Storage
3649,"Ibico 3-Hole Punch, Recycled",Office Supplies,Binders
8178,SanDisk Ultra 32 GB MicroSDHC Class 10 Memory Card,Technology,Accessories
10090,Griffin GC17055 Auxiliary Audio Cable,Technology,Phones
5686,Smead Alpha-Z Color-Coded Name Labels First Letter Starter Set,Office Supplies,Labels
3286,Newell 308,Office Supplies,Art
5943,"Novimex Legal Exhibit Labels, Alphabetical",Office Supplies,Labels
2143,Hon 94000 Series Round Tables,Furniture,Tables
9990,AT&T TR1909W,Technology,Phones
9561,"Nokia Speaker Phone, VoIP",Technology,Phones
8866,"HP Ink, Color",Technology,Copiers
2211,"Tenex Clock, Black",Furniture,Furnishings
1782,"Office Star Rocking Chair, Adjustable",Furniture,Chairs
1907,Chromcraft Bull-Nose Wood Oval Conference Tables & Bases,Furniture,Tables
8303,"Belkin Keyboard, Bluetooth",Technology,Accessories
4980,"Stockwell Clamps, 12 Pack",Office Supplies,Fasteners
4686,"Cameo Manila Envelope, Recycled",Office Supplies,Envelopes
7260,"Rogers Box, Industrial",Office Supplies,Storage
7450,"Kleencut Scissors, High Speed",Office Supplies,Supplies
5140,"Stockwell Push Pins, Metal",Office Supplies,Fasteners
5670,"Smead Color Coded Labels, 5000 Label Set",Office Supplies,Labels
7014,"Smead Box, Industrial",Office Supplies,Storage
4571,"Jiffy Peel and Seal, Security-Tint",Office Supplies,Envelopes
2339,"Ames Clasp Envelope, with clear poly window",Office Supplies,Envelopes
4358,Poly String Tie Envelopes,Office Supplies,Envelopes
5580,"Novimex Round Labels, Adjustable",Office Supplies,Labels
3698,"Cardinal Hole Reinforcements, Clear",Office Supplies,Binders
9843,"Samsung Smart Phone, Cordless",Technology,Phones
2009,Bush Advantage Collection Racetrack Conference Table,Furniture,Tables
264,"Sauder Floating Shelf Set, Pine",Furniture,Bookcases
2488,"Cuisinart Blender, Black",Office Supplies,Appliances
1593,"Deflect-O Frame, Black",Furniture,Furnishings
7769,"Kleencut Scissors, Serrated",Office Supplies,Supplies
1516,"Tenex Door Stop, Erganomic",Furniture,Furnishings
4695,"Ames Manila Envelope, with clear poly window",Office Supplies,Envelopes
5517,"Smead File Folder Labels, 5000 Label Set",Office Supplies,Labels
777,"Novimex Swivel Stool, Black",Furniture,Chairs
9823,Innergie mMini Combo Duo USB Travel Charging Kit,Technology,Phones
745,"Global Stack Chair without Arms, Black",Furniture,Chairs
432,"Ikea Corner Shelving, Pine",Furniture,Bookcases
798,"SAFCO Executive Leather Armchair, Adjustable",Furniture,Chairs
4425,Airmail Envelopes,Office Supplies,Envelopes
10091,"Motorola Speaker Phone, VoIP",Technology,Phones
8662,"Canon Personal Copier, Digital",Technology,Copiers
9316,"Konica Inkjet, Durable",Technology,Machines
5195,"Fellowes Lockers, Industrial",Office Supplies,Storage
9344,"Okidata Receipt Printer, Durable",Technology,Machines
156,O'Sullivan Living Dimensions 2-Shelf Bookcases,Furniture,Bookcases
8763,"Canon Fax and Copier, Digital",Technology,Copiers
5069,"Accos Rubber Bands, Metal",Office Supplies,Fasteners
6957,Space Solutions Commercial Steel Shelving,Office Supplies,Storage
4868,"Accos Clamps, 12 Pack",Office Supplies,Fasteners
7771,"Stiletto Letter Opener, Steel",Office Supplies,Supplies
4672,"Ames Peel and Seal, with clear poly window",Office Supplies,Envelopes
6911,"Smead Box, Industrial",Office Supplies,Storage
4772,"Accos Staples, Metal",Office Supplies,Fasteners
1464,"Eldon Stacking Tray, Durable",Furniture,Furnishings
5711,Avery 490,Office Supplies,Labels
4939,"Stockwell Clamps, Bulk Pack",Office Supplies,Fasteners
7625,"Stiletto Trimmer, High Speed",Office Supplies,Supplies
3033,Peel-Off China Markers,Office Supplies,Art
3938,"Ibico Hole Reinforcements, Recycled",Office Supplies,Binders
2950,"Sanford EarthWrite Recycled Pencils, Medium Soft, #2",Office Supplies,Art
1598,"Advantus Stacking Tray, Erganomic",Furniture,Furnishings
1819,"Rubbermaid Stacking Tray, Erganomic",Furniture,Furnishings
7110,Sterilite Show Offs Storage Containers,Office Supplies,Storage
1039,"Dania Classic Bookcase, Pine",Furniture,Bookcases
811,"Global Leather Highback Executive Chair with Pneumatic Height Adjustment, Black",Furniture,Chairs
5374,"Hoover Microwave, Black",Office Supplies,Appliances
6986,"Rogers Lockers, Blue",Office Supplies,Storage
3941,GBC DocuBind 200 Manual Binding Machine,Office Supplies,Binders
9701,"Samsung Audio Dock, Full Size",Technology,Phones
1802,"Office Star Swivel Stool, Set of Two",Furniture,Chairs
9570,"Nokia Speaker Phone, Full Size",Technology,Phones
8456,Kensington SlimBlade Notebook Wireless Mouse with Nano Receiver,Technology,Accessories
6701,"SanDisk Cards & Envelopes, Multicolor",Office Supplies,Paper
236,"Ikea Stackable Bookrack, Pine",Furniture,Bookcases
1262,"Eldon Clock, Erganomic",Furniture,Furnishings
5311,"Harbour Creations Removable Labels, Adjustable",Office Supplies,Labels
7334,"Stanley Highlighters, Fluorescent",Office Supplies,Art
3217,"Sanford Pens, Easy-Erase",Office Supplies,Art
2793,"Sanford Pencil Sharpener, Water Color",Office Supplies,Art
3600,Ibico Plastic and Wire Spiral Binding Combs,Office Supplies,Binders
5913,"Avery Legal Exhibit Labels, 5000 Label Set",Office Supplies,Labels
2613,Fellowes Advanced Computer Series Surge Protectors,Office Supplies,Appliances
1451,"Advantus Photo Frame, Durable",Furniture,Furnishings
3090,"Stanley Pens, Easy-Erase",Office Supplies,Art
3654,Fellowes Black Plastic Comb Bindings,Office Supplies,Binders
4113,"Cameo Business Envelopes, Recycled",Office Supplies,Envelopes
4146,"Cardinal Hole Reinforcements, Durable",Office Supplies,Binders
3531,Avery Hole Reinforcements,Office Supplies,Binders
3827,Avery Round Ring Poly Binders,Office Supplies,Binders
10072,"Apple Signal Booster, Full Size",Technology,Phones
3846,"Wilson Jones Binding Machine, Recycled",Office Supplies,Binders
345,"Ikea 3-Shelf Cabinet, Metal",Furniture,Bookcases
2837,"Stanley Canvas, Water Color",Office Supplies,Art
9952,"Motorola Audio Dock, with Caller ID",Technology,Phones
3975,"Cardinal Binding Machine, Clear",Office Supplies,Binders
2611,"Cuisinart Toaster, Red",Office Supplies,Appliances
8392,"SanDisk Flash Drive, Programmable",Technology,Accessories
8224,"Memorex Memory Card, Erganomic",Technology,Accessories
8335,"Memorex Keyboard, Bluetooth",Technology,Accessories
993,"Novimex Chairmat, Red",Furniture,Chairs
6942,"Rogers Trays, Wire Frame",Office Supplies,Storage
3045,"Stanley Markers, Easy-Erase",Office Supplies,Art
1475,"Rubbermaid Stacking Tray, Durable",Furniture,Furnishings
7306,"Smead Folders, Single Width",Office Supplies,Storage
7151,"Rogers Box, Wire Frame",Office Supplies,Storage
3413,"Cardinal Hole Reinforcements, Economy",Office Supplies,Binders
6857,Rogers Profile Extra Capacity Storage Tub,Office Supplies,Storage
3929,"Cardinal Hole Reinforcements, Durable",Office Supplies,Binders
3670,"Cardinal Binder Covers, Clear",Office Supplies,Binders
3391,"Pressboard Data Binder, Crimson, 12"" X 8 1/2""",Office Supplies,Binders
3406,Zipper Ring Binder Pockets,Office Supplies,Binders
5668,"Avery Round Labels, Adjustable",Office Supplies,Labels
4424,"Jiffy Clasp Envelope, Recycled",Office Supplies,Envelopes
2784,"KitchenAid Stove, Black",Office Supplies,Appliances
9739,Motorola Droid Maxx,Technology,Phones
9816,"Samsung Smart Phone, Cordless",Technology,Phones
8912,"HP Ink, High-Speed",Technology,Copiers
2657,"KitchenAid Stove, Black",Office Supplies,Appliances
9377,"Okidata Card Printer, White",Technology,Machines
8798,"Hewlett Fax and Copier, Laser",Technology,Copiers
2699,Euro-Pro Shark Turbo Vacuum,Office Supplies,Appliances
1461,Luxo Adjustable Task Clamp Lamp,Furniture,Furnishings
8744,"Canon Personal Copier, Color",Technology,Copiers
9542,"Motorola Headset, Full Size",Technology,Phones
6428,"SanDisk Parchment Paper, Recycled",Office Supplies,Paper
3203,"Stanley Pencil Sharpener, Water Color",Office Supplies,Art
8722,"Canon Personal Copier, Color",Technology,Copiers
5613,"Harbour Creations Round Labels, 5000 Label Set",Office Supplies,Labels
4304,"Ames Mailers, Recycled",Office Supplies,Envelopes
6223,Xerox 1947,Office Supplies,Paper
6575,Xerox 1990,Office Supplies,Paper
5308,"Harbour Creations Shipping Labels, Adjustable",Office Supplies,Labels
6407,Xerox 1898,Office Supplies,Paper
4395,"Jiffy Interoffice Envelope, Security-Tint",Office Supplies,Envelopes
7781,"Kleencut Trimmer, Steel",Office Supplies,Supplies
8106,"Logitech Mouse, Bluetooth",Technology,Accessories
4349,Staples,Office Supplies,Envelopes
727,"Hon Rocking Chair, Black",Furniture,Chairs
8760,"Canon Ink, Digital",Technology,Copiers
1763,"Novimex Swivel Stool, Red",Furniture,Chairs
8609,"Canon Fax Machine, Color",Technology,Copiers
6889,"Smead Lockers, Wire Frame",Office Supplies,Storage
7227,Safco Commercial Shelving,Office Supplies,Storage
9722,"Samsung Headset, with Caller ID",Technology,Phones
8226,"Memorex Memory Card, Programmable",Technology,Accessories
2396,"Breville Blender, Black",Office Supplies,Appliances
8241,Logitech Wireless Marathon Mouse M705,Technology,Accessories
2884,"Boston Pens, Fluorescent",Office Supplies,Art
9553,"Motorola Signal Booster, Cordless",Technology,Phones
3012,"Binney & Smith Markers, Fluorescent",Office Supplies,Art
4331,"Jiffy Manila Envelope, Security-Tint",Office Supplies,Envelopes
3040,Newell 319,Office Supplies,Art
4833,"OIC Rubber Bands, Metal",Office Supplies,Fasteners
5485,"Kraft Peel and Seal, with clear poly window",Office Supplies,Envelopes
7332,"Stanley Highlighters, Easy-Erase",Office Supplies,Art
4309,"GlobeWeis Clasp Envelope, Set of 50",Office Supplies,Envelopes
5653,"Novimex Shipping Labels, Alphabetical",Office Supplies,Labels
5658,Avery 518,Office Supplies,Labels
3636,"Cardinal Binder Covers, Durable",Office Supplies,Binders
6508,Xerox 209,Office Supplies,Paper
3903,Avery Non-Stick Binders,Office Supplies,Binders
8473,"Apple Office Telephone, Full Size",Technology,Phones
2230,"Acco Hole Reinforcements, Durable",Office Supplies,Binders
1559,Advantus Panel Wall Acrylic Frame,Furniture,Furnishings
7657,Martin Yale Chadless Opener Electric Letter Opener,Office Supplies,Supplies
2575,"Breville Microwave, White",Office Supplies,Appliances
1009,"Office Star Rocking Chair, Red",Furniture,Chairs
8630,"Hewlett Personal Copier, High-Speed",Technology,Copiers
3596,"Cardinal Binding Machine, Economy",Office Supplies,Binders
4021,"BIC Sketch Pad, Easy-Erase",Office Supplies,Art
4545,"Cameo Interoffice Envelope, Recycled",Office Supplies,Envelopes
6554,"Eaton Premium Continuous-Feed Paper, 25% Cotton, Letter Size, White, 1000 Shts/Box",Office Supplies,Paper
3742,Ibico Standard Transparent Covers,Office Supplies,Binders
5321,"Harbour Creations Shipping Labels, 5000 Label Set",Office Supplies,Labels
6904,Adjustable Personal File Tote,Office Supplies,Storage
7167,"Tenex File Box, Personal Filing Tote with Lid, Black",Office Supplies,Storage
3142,Stanley Contemporary Battery Pencil Sharpeners,Office Supplies,Art
3504,"Wilson Jones Binder Covers, Recycled",Office Supplies,Binders
3918,"Fellowes Twister Kit, Gray/Clear, 3/pkg",Office Supplies,Binders
5083,"Stockwell Rubber Bands, Assorted Sizes",Office Supplies,Fasteners
3323,Crayola Colored Pencils,Office Supplies,Art
3998,"Avery 3-Hole Punch, Recycled",Office Supplies,Binders
4886,"OIC Rubber Bands, Bulk Pack",Office Supplies,Fasteners
2806,Newell 321,Office Supplies,Art
8537,"Canon Personal Copier, High-Speed",Technology,Copiers
5509,"Harbour Creations File Folder Labels, Adjustable",Office Supplies,Labels
5891,"Smead File Folder Labels, 5000 Label Set",Office Supplies,Labels
1939,"Chromcraft Bull-Nose Wood Round Conference Table Top, Wood Base",Furniture,Tables
2777,"KitchenAid Toaster, White",Office Supplies,Appliances
8374,Razer Kraken 7.1 Surround Sound Over Ear USB Gaming Headset,Technology,Accessories
8423,Imation Secure+ Hardware Encrypted USB 2.0 Flash Drive; 16GB,Technology,Accessories
1954,KI Adjustable-Height Table,Furniture,Tables
8412,"Belkin Mouse, USB",Technology,Accessories
3735,"Avery Trapezoid Ring Binder, 3"" Capacity, Black, 1040 sheets",Office Supplies,Binders
4608,"Cameo Peel and Seal, with clear poly window",Office Supplies,Envelopes
3014,Boston Home & Office Model 2000 Electric Pencil Sharpeners,Office Supplies,Art
7581,"Elite Box Cutter, High Speed",Office Supplies,Supplies
3853,Large Capacity Hanging Post Binders,Office Supplies,Binders
1788,"Office Star Steel Folding Chair, Red",Furniture,Chairs
8290,Kingston Digital DataTraveler 32GB USB 2.0,Technology,Accessories
1333,C-Line Cubicle Keepers Polyproplyene Holder With Velcro Backings,Furniture,Furnishings
6305,"Green Bar Message Books, Recycled",Office Supplies,Paper
3429,"Cardinal Binder Covers, Economy",Office Supplies,Binders
7860,"Tenex Shelving, Industrial",Office Supplies,Storage
1914,"Barricks Training Table, with Bottom Storage",Furniture,Tables
7797,Martin-Yale Premier Letter Opener,Office Supplies,Supplies
1201,Tenex B1-RE Series Chair Mats for Low Pile Carpets,Furniture,Furnishings
6284,Xerox 194,Office Supplies,Paper
6444,Xerox 211,Office Supplies,Paper
5626,"Smead Round Labels, 5000 Label Set",Office Supplies,Labels
5663,"Avery Color Coded Labels, Adjustable",Office Supplies,Labels
546,"Hon Executive Leather Armchair, Black",Furniture,Chairs
2388,"KitchenAid Toaster, Red",Office Supplies,Appliances
6926,"Fellowes Trays, Single Width",Office Supplies,Storage
702,"Harbour Creations Rocking Chair, Red",Furniture,Chairs
6938,"Rogers Folders, Wire Frame",Office Supplies,Storage
6022,Xerox 1945,Office Supplies,Paper
7484,"Acme Scissors, Easy Grip",Office Supplies,Supplies
6464,Xerox 226,Office Supplies,Paper
2900,"Stanley Pens, Water Color",Office Supplies,Art
10190,RCA Visys Integrated PBX 8-Line Router,Technology,Phones
4707,"GlobeWeis Peel and Seal, Security-Tint",Office Supplies,Envelopes
4697,"Jiffy Mailers, Recycled",Office Supplies,Envelopes
5825,"Avery Removable Labels, Laser Printer Compatible",Office Supplies,Labels
1595,"Stacking Tray, Side-Loading, Legal, Smoke",Furniture,Furnishings
9024,"Epson Phone, Wireless",Technology,Machines
2696,"Hoover Refrigerator, Red",Office Supplies,Appliances
2542,"Hoover Microwave, Red",Office Supplies,Appliances
5433,"KitchenAid Refrigerator, White",Office Supplies,Appliances
1956,"SAFCO PlanMaster Boards, 60w x 37-1/2d, White Melamine",Furniture,Tables
9917,"Nokia Headset, Cordless",Technology,Phones
8125,Logitech Wireless Headset h800,Technology,Accessories
2169,Riverside Furniture Stanwyck Manor Table Series,Furniture,Tables
3082,"Binney & Smith Pencil Sharpener, Water Color",Office Supplies,Art
10255,"Sharp Personal Copier, Color",Technology,Copiers
2130,Bevis 36 x 72 Conference Tables,Furniture,Tables
1625,"Tenex Light Bulb, Durable",Furniture,Furnishings
10273,"StarTech Phone, Durable",Technology,Machines
6636,Things To Do Today Spiral Book,Office Supplies,Paper
4798,Binder Clips by OIC,Office Supplies,Fasteners
6854,"Rogers File Cart, Single Width",Office Supplies,Storage
4340,"GlobeWeis Mailers, Set of 50",Office Supplies,Envelopes
4289,"Ames Clasp Envelope, with clear poly window",Office Supplies,Envelopes
4406,"Cameo Business Envelopes, Security-Tint",Office Supplies,Envelopes
8930,"Canon Copy Machine, Digital",Technology,Copiers
9825,Jawbone JAMBOX Wireless Bluetooth Speaker,Technology,Phones
7280,"Smead Shelving, Industrial",Office Supplies,Storage
8121,Logitech Wireless Anywhere Mouse MX for PC and Mac,Technology,Accessories
8279,Memorex Mini Travel Drive 64 GB USB 2.0 Flash Drive,Technology,Accessories
8415,"Belkin Flash Drive, Bluetooth",Technology,Accessories
9792,"Samsung Office Telephone, VoIP",Technology,Phones
6796,"Rogers Shelving, Blue",Office Supplies,Storage
2882,"Boston Pencil Sharpener, Water Color",Office Supplies,Art
9690,AT&T SB67148 SynJ,Technology,Phones
6884,Eldon Simplefile Box Office,Office Supplies,Storage
4072,"Boston Canvas, Water Color",Office Supplies,Art
6009,Xerox 224,Office Supplies,Paper
5545,"Harbour Creations Round Labels, 5000 Label Set",Office Supplies,Labels
4863,"Acco Banker's Clasps, 5 3/4""-Long",Office Supplies,Fasteners
5791,"Harbour Creations Round Labels, Alphabetical",Office Supplies,Labels
3992,GBC Personal VeloBind Strips,Office Supplies,Binders
266,"Ikea Library with Doors, Metal",Furniture,Bookcases
9709,"Nokia Headset, VoIP",Technology,Phones
4687,"Ames Interoffice Envelope, Security-Tint",Office Supplies,Envelopes
2825,"Binney & Smith Markers, Easy-Erase",Office Supplies,Art
9688,AT&T 1080 Corded phone,Technology,Phones
719,"Novimex Steel Folding Chair, Red",Furniture,Chairs
3145,Prismacolor Color Pencil Set,Office Supplies,Art
2804,"Binney & Smith Highlighters, Fluorescent",Office Supplies,Art
8218,"Enermax Keyboard, Erganomic",Technology,Accessories
6045,Xerox 213,Office Supplies,Paper
3577,"Cardinal Index Tab, Clear",Office Supplies,Binders
3732,Recycled Pressboard Report Cover with Reinforced Top Hinge,Office Supplies,Binders
3840,Fellowes PB200 Plastic Comb Binding Machine,Office Supplies,Binders
9114,"Logitech Memory Card, USB",Technology,Accessories
8803,"Sharp Fax and Copier, Laser",Technology,Copiers
8487,"Belkin Numeric Keypad, Bluetooth",Technology,Accessories
304,"Bush Library with Doors, Metal",Furniture,Bookcases
1166,"Deflect-O Frame, Durable",Furniture,Furnishings
6240,"Xerox Parchment Paper, Multicolor",Office Supplies,Paper
9699,"Square Credit Card Reader, 4 1/2"" x 4 1/2"" x 1"", White",Technology,Phones
2,"Advantus Clock, Erganomic",Furniture,Furnishings
678,"Harbour Creations Chairmat, Set of Two",Furniture,Chairs
797,"Hon Steel Folding Chair, Black",Furniture,Chairs
8496,"Belkin Flash Drive, Programmable",Technology,Accessories
4023,"BIC Pens, Water Color",Office Supplies,Art
7815,"Fiskars Ruler, Serrated",Office Supplies,Supplies
6649,"Green Bar Cards & Envelopes, Recycled",Office Supplies,Paper
779,"Office Star Bag Chairs, Black",Furniture,Chairs
3821,"Cardinal Index Tab, Clear",Office Supplies,Binders
2892,"BIC Highlighters, Easy-Erase",Office Supplies,Art
7375,"Stockwell Rubber Bands, Metal",Office Supplies,Fasteners
5407,"Jiffy Business Envelopes, Recycled",Office Supplies,Envelopes
2803,Newell 314,Office Supplies,Art
5721,Avery 479,Office Supplies,Labels
4987,Staples,Office Supplies,Fasteners
5337,"Hon Removable Labels, 5000 Label Set",Office Supplies,Labels
4089,"Breville Blender, Silver",Office Supplies,Appliances
9229,"Okidata Inkjet, Durable",Technology,Machines
280,"Ikea Stackable Bookrack, Mobile",Furniture,Bookcases
3122,"BIC Canvas, Blue",Office Supplies,Art
3437,"Avery Binding Machine, Clear",Office Supplies,Binders
7141,"Fellowes Folders, Blue",Office Supplies,Storage
8098,"Enermax Keyboard, Programmable",Technology,Accessories
6767,"Smead Trays, Blue",Office Supplies,Storage
1034,"Dania 3-Shelf Cabinet, Mobile",Furniture,Bookcases
6049,"Eaton Computer Printout Paper, Multicolor",Office Supplies,Paper
3373,"Avery Binder, Durable",Office Supplies,Binders
4148,"Cardinal Index Tab, Clear",Office Supplies,Binders
5993,"OIC Staples, 12 Pack",Office Supplies,Fasteners
7381,"Stockwell Staples, Assorted Sizes",Office Supplies,Fasteners
5100,"Accos Staples, Assorted Sizes",Office Supplies,Fasteners
7133,"Eldon Box, Wire Frame",Office Supplies,Storage
6784,"Smead Removable Labels, Adjustable",Office Supplies,Labels
5387,"Ibico Hole Reinforcements, Clear",Office Supplies,Binders
1567,"Howard Miller 13"" Diameter Goldtone Round Wall Clock",Furniture,Furnishings
234,"Bush Stackable Bookrack, Traditional",Furniture,Bookcases
4217,"Eldon Shelving, Blue",Office Supplies,Storage
2369,Belkin F9G930V10-GRY 9 Outlet Surge,Office Supplies,Appliances
910,"Hon Rocking Chair, Red",Furniture,Chairs
7892,"Wilson Jones Index Tab, Economy",Office Supplies,Binders
781,"Office Star Rocking Chair, Adjustable",Furniture,Chairs
4963,"Advantus Push Pins, Assorted Sizes",Office Supplies,Fasteners
4165,"Cuisinart Coffee Grinder, Silver",Office Supplies,Appliances
6335,"SanDisk Computer Printout Paper, Recycled",Office Supplies,Paper
9524,"Memorex Mouse, USB",Technology,Accessories
3141,"Stanley Highlighters, Water Color",Office Supplies,Art
5687,"Hon Round Labels, Alphabetical",Office Supplies,Labels
818,"Novimex Swivel Stool, Adjustable",Furniture,Chairs
8307,"Memorex Router, USB",Technology,Accessories
8631,"Brother Fax Machine, Color",Technology,Copiers
1648,"Eldon Frame, Erganomic",Furniture,Furnishings
6353,"Green Bar Cards & Envelopes, Recycled",Office Supplies,Paper
8165,"Memorex Mouse, Bluetooth",Technology,Accessories
4532,"Jiffy Interoffice Envelope, with clear poly window",Office Supplies,Envelopes
4063,"Boston Pencil Sharpener, Water Color",Office Supplies,Art
3997,"Wilson Jones Hole Reinforcements, Durable",Office Supplies,Binders
6117,"SanDisk Computer Printout Paper, 8.5 x 11",Office Supplies,Paper
6163,"Xerox Cards & Envelopes, Multicolor",Office Supplies,Paper
6559,"Enermax Parchment Paper, Multicolor",Office Supplies,Paper
7190,"Eldon Lockers, Blue",Office Supplies,Storage
9393,"Panasonic Printer, Red",Technology,Machines
8324,"Memorex Mouse, Erganomic",Technology,Accessories
1261,"Advantus Frame, Durable",Furniture,Furnishings
6641,"SanDisk Cards & Envelopes, Multicolor",Office Supplies,Paper
776,DMI Arturo Collection Mission-style Design Wood Chair,Furniture,Chairs
6814,"Rogers Shelving, Industrial",Office Supplies,Storage
9328,Ativa MDM8000 8-Sheet Micro-Cut Shredder,Technology,Machines
4249,Cameo Buff Policy Envelopes,Office Supplies,Envelopes
3114,"Boston Highlighters, Blue",Office Supplies,Art
7149,"Rogers Box, Blue",Office Supplies,Storage
2816,"BIC Sketch Pad, Fluorescent",Office Supplies,Art
7970,Kensington Expert Mouse Optical USB Trackball for PC or Mac,Technology,Accessories
4914,"Advantus Clamps, Metal",Office Supplies,Fasteners
7686,"Acme Ruler, Steel",Office Supplies,Supplies
7007,"Fellowes Folders, Industrial",Office Supplies,Storage
5555,"Hon File Folder Labels, 5000 Label Set",Office Supplies,Labels
3400,"Acco Hole Reinforcements, Clear",Office Supplies,Binders
2871,"Binney & Smith inkTank Desk Highlighter, Chisel Tip, Yellow, 12/Box",Office Supplies,Art
2264,"Acco Index Tab, Durable",Office Supplies,Binders
3676,"Acco Index Tab, Clear",Office Supplies,Binders
4751,"Advantus Push Pins, Aluminum Head",Office Supplies,Fasteners
3029,Prang Dustless Chalk Sticks,Office Supplies,Art
1286,"Deflect-O Frame, Erganomic",Furniture,Furnishings
347,"Dania Corner Shelving, Pine",Furniture,Bookcases
380,"Dania Corner Shelving, Pine",Furniture,Bookcases
7311,"Fellowes File Cart, Industrial",Office Supplies,Storage
1371,"Deflect-O Door Stop, Duo Pack",Furniture,Furnishings
9637,"Motorola Office Telephone, Full Size",Technology,Phones
3834,GBC Durable Plastic Covers,Office Supplies,Binders
2890,"BIC Pens, Water Color",Office Supplies,Art
8077,"Enermax Flash Drive, Bluetooth",Technology,Accessories
6219,Xerox 232,Office Supplies,Paper
1556,"Executive Impressions 13"" Chairman Wall Clock",Furniture,Furnishings
7592,"Stiletto Scissors, Easy Grip",Office Supplies,Supplies
8145,"Enermax Flash Drive, Bluetooth",Technology,Accessories
3686,"Acco Index Tab, Clear",Office Supplies,Binders
6752,"Smead Folders, Single Width",Office Supplies,Storage
1999,Bush Advantage Collection Round Conference Table,Furniture,Tables
10112,"Cisco Speaker Phone, VoIP",Technology,Phones
10198,"Samsung Audio Dock, with Caller ID",Technology,Phones
6198,"Eaton Cards & Envelopes, Multicolor",Office Supplies,Paper
1822,"Rubbermaid Frame, Duo Pack",Furniture,Furnishings
7282,"Personal Folder Holder, Ebony",Office Supplies,Storage
4200,"Eldon File Cart, Industrial",Office Supplies,Storage
4022,"BIC Sketch Pad, Blue",Office Supplies,Art
3289,"Boston Sketch Pad, Easy-Erase",Office Supplies,Art
1885,"Sauder Corner Shelving, Pine",Furniture,Bookcases
1148,"GE 4 Foot Flourescent Tube, 40 Watt",Furniture,Furnishings
3173,"Binney & Smith Canvas, Blue",Office Supplies,Art
5734,"Smead File Folder Labels, Alphabetical",Office Supplies,Labels
3457,"Cardinal Binder, Durable",Office Supplies,Binders
8062,"Logitech Numeric Keypad, Programmable",Technology,Accessories
2267,"Acco Binder, Clear",Office Supplies,Binders
6756,"Smead Box, Industrial",Office Supplies,Storage
1140,"Deflect-O Light Bulb, Durable",Furniture,Furnishings
4134,"Cardinal Index Tab, Durable",Office Supplies,Binders
602,"Hon Executive Leather Armchair, Adjustable",Furniture,Chairs
7076,"SAFCO Commercial Wire Shelving, Black",Office Supplies,Storage
9962,"Samsung Speaker Phone, VoIP",Technology,Phones
765,"Hon Executive Leather Armchair, Adjustable",Furniture,Chairs
10024,"Cisco Audio Dock, Cordless",Technology,Phones
2745,"Hoover Coffee Grinder, White",Office Supplies,Appliances
7021,"Smead File Cart, Single Width",Office Supplies,Storage
10161,"Samsung Speaker Phone, with Caller ID",Technology,Phones
9053,"Hewlett Ink, Color",Technology,Copiers
3251,"Binney & Smith Highlighters, Blue",Office Supplies,Art
7494,"Acme Scissors, High Speed",Office Supplies,Supplies
3471,"Wilson Jones Index Tab, Economy",Office Supplies,Binders
6875,"Fellowes File Cart, Wire Frame",Office Supplies,Storage
5328,"Harbour Creations Color Coded Labels, Laser Printer Compatible",Office Supplies,Labels
5699,"Novimex Color Coded Labels, Alphabetical",Office Supplies,Labels
3759,ACCOHIDE Binder by Acco,Office Supplies,Binders
1065,"Deflect-O Stacking Tray, Erganomic",Furniture,Furnishings
10111,"Cisco Signal Booster, with Caller ID",Technology,Phones
2503,"Hamilton Beach Refrigerator, Black",Office Supplies,Appliances
4683,Staples,Office Supplies,Envelopes
1724,"Ikea Library with Doors, Pine",Furniture,Bookcases
1672,"Harbour Creations Rocking Chair, Set of Two",Furniture,Chairs
3259,"Boston Highlighters, Easy-Erase",Office Supplies,Art
7517,"Fiskars Trimmer, Serrated",Office Supplies,Supplies
1079,"Eldon Door Stop, Erganomic",Furniture,Furnishings
4644,"GlobeWeis Interoffice Envelope, Set of 50",Office Supplies,Envelopes
5190,"Fellowes Box, Single Width",Office Supplies,Storage
9359,"Epson Phone, Red",Technology,Machines
1277,"Eldon Photo Frame, Durable",Furniture,Furnishings
1576,"Deflect-O Frame, Black",Furniture,Furnishings
945,"SAFCO Bag Chairs, Red",Furniture,Chairs
526,"Novimex Steel Folding Chair, Black",Furniture,Chairs
2860,"Boston Markers, Easy-Erase",Office Supplies,Art
792,"Office Star Bag Chairs, Adjustable",Furniture,Chairs
8167,"SanDisk Keyboard, Programmable",Technology,Accessories
7731,"Elite Scissors, High Speed",Office Supplies,Supplies
1083,"Eldon Photo Frame, Duo Pack",Furniture,Furnishings
6405,"Enermax Note Cards, 8.5 x 11",Office Supplies,Paper
3495,"Ibico 3-Hole Punch, Recycled",Office Supplies,Binders
4488,"GlobeWeis Business Envelopes, with clear poly window",Office Supplies,Envelopes
4124,"Cameo Business Envelopes, Set of 50",Office Supplies,Envelopes
4857,"OIC Staples, Metal",Office Supplies,Fasteners
4260,"Ames Manila Envelope, Recycled",Office Supplies,Envelopes
3498,"Acco Binder, Recycled",Office Supplies,Binders
4006,"ACCOHIDE 3-Ring Binder, Blue, 1""",Office Supplies,Binders
5655,"Hon Legal Exhibit Labels, Adjustable",Office Supplies,Labels
1363,G.E. Halogen Desk Lamp Bulbs,Furniture,Furnishings
3999,Wilson Jones Suede Grain Vinyl Binders,Office Supplies,Binders
5422,"Jiffy Clasp Envelope, Recycled",Office Supplies,Envelopes
2290,"Acme Letter Opener, Steel",Office Supplies,Supplies
912,GuestStacker Chair with Chrome Finish Legs,Furniture,Chairs
9558,"Nokia Speaker Phone, Cordless",Technology,Phones
4075,"Boston Pencil Sharpener, Easy-Erase",Office Supplies,Art
2479,Kensington 6 Outlet MasterPiece HOMEOFFICE Power Control Center,Office Supplies,Appliances
10135,AT&T CL2909,Technology,Phones
8240,"Memorex Router, Programmable",Technology,Accessories
4220,"Eldon File Cart, Blue",Office Supplies,Storage
5389,"Ibico Binding Machine, Durable",Office Supplies,Binders
1520,"Tenex Traditional Chairmats for Medium Pile Carpet, Standard Lip, 36"" x 48""",Furniture,Furnishings
1052,"Deflect-O Frame, Duo Pack",Furniture,Furnishings
9689,"Samsung Headset, Cordless",Technology,Phones
2344,"Ames Mailers, Recycled",Office Supplies,Envelopes
8133,"Memorex Numeric Keypad, Bluetooth",Technology,Accessories
4204,"Eldon Trays, Wire Frame",Office Supplies,Storage
9607,"Panasonic Receipt Printer, Wireless",Technology,Machines
1706,"Hon Chairmat, Set of Two",Furniture,Chairs
7901,"Xerox Message Books, Recycled",Office Supplies,Paper
4141,"Cardinal Binder Covers, Durable",Office Supplies,Binders
2257,"Accos Paper Clips, Assorted Sizes",Office Supplies,Fasteners
1068,"Deflect-O Clock, Erganomic",Furniture,Furnishings
2337,"Ames Business Envelopes, Recycled",Office Supplies,Envelopes
3067,12 Colored Short Pencils,Office Supplies,Art
6477,Xerox 1985,Office Supplies,Paper
7335,"Stanley Highlighters, Blue",Office Supplies,Art
4182,"Eaton Cards & Envelopes, Recycled",Office Supplies,Paper
4194,"Eaton Memo Slips, 8.5 x 11",Office Supplies,Paper
9634,"Nokia Headset, with Caller ID",Technology,Phones
10228,"SanDisk Router, Programmable",Technology,Accessories
1006,Bevis Steel Folding Chairs,Furniture,Chairs
7717,"Fiskars Trimmer, Easy Grip",Office Supplies,Supplies
6793,"Fellowes Folders, Single Width",Office Supplies,Storage
5733,"Novimex Color Coded Labels, Alphabetical",Office Supplies,Labels
9528,"Memorex Numeric Keypad, Bluetooth",Technology,Accessories
823,"Novimex Chairmat, Red",Furniture,Chairs
3199,Newell 347,Office Supplies,Art
3584,"Acco Pressboard Covers with Storage Hooks, 14 7/8"" x 11"", Executive Red",Office Supplies,Binders
7344,"Stiletto Ruler, Steel",Office Supplies,Supplies
1406,"Deflect-O Stacking Tray, Erganomic",Furniture,Furnishings
9577,"Nokia Smart Phone, Cordless",Technology,Phones
764,"Harbour Creations Executive Leather Armchair, Red",Furniture,Chairs
413,"Ikea 3-Shelf Cabinet, Pine",Furniture,Bookcases
706,"Hon Rocking Chair, Black",Furniture,Chairs
9415,"Konica Printer, Durable",Technology,Machines
4211,"Eldon File Cart, Single Width",Office Supplies,Storage
6692,"Rogers File Cart, Blue",Office Supplies,Storage
4125,"Cameo Business Envelopes, Security-Tint",Office Supplies,Envelopes
4343,"GlobeWeis Business Envelopes, with clear poly window",Office Supplies,Envelopes
4308,"Cameo Peel and Seal, Set of 50",Office Supplies,Envelopes
4843,"OIC Push Pins, Assorted Sizes",Office Supplies,Fasteners
6235,"Eaton Parchment Paper, Recycled",Office Supplies,Paper
3981,"Cardinal Hole Reinforcements, Clear",Office Supplies,Binders
9775,Samsung Galaxy Mega 6.3,Technology,Phones
6885,Recycled Steel Personal File for Standard File Folders,Office Supplies,Storage
10001,"Apple Office Telephone, Full Size",Technology,Phones
2449,"Hamilton Beach Coffee Grinder, Red",Office Supplies,Appliances
6914,"Carina Mini System Audio Rack, Model AR050B",Office Supplies,Storage
691,"Office Star Chairmat, Set of Two",Furniture,Chairs
1537,"Advantus Door Stop, Erganomic",Furniture,Furnishings
9882,"Motorola Audio Dock, VoIP",Technology,Phones
3022,"Binney & Smith Markers, Easy-Erase",Office Supplies,Art
4170,"Cuisinart Toaster, White",Office Supplies,Appliances
4781,"Stockwell Push Pins, 12 Pack",Office Supplies,Fasteners
1654,"Rubbermaid Frame, Durable",Furniture,Furnishings
7187,"Tenex Shelving, Wire Frame",Office Supplies,Storage
5185,"Advantus Staples, Metal",Office Supplies,Fasteners
7024,X-Rack File for Hanging Folders,Office Supplies,Storage
5457,"Kleencut Box Cutter, High Speed",Office Supplies,Supplies
3602,"Acco Binder, Recycled",Office Supplies,Binders
3719,"Ibico Binder, Clear",Office Supplies,Binders
3598,"Acco Data Flex Cable Posts For Top & Bottom Load Binders, 6"" Capacity",Office Supplies,Binders
7890,"Wilson Jones Binder Covers, Recycled",Office Supplies,Binders
3322,Blackstonian Pencils,Office Supplies,Art
5537,Avery 488,Office Supplies,Labels
5385,"Ibico Hole Reinforcements, Economy",Office Supplies,Binders
5654,Avery File Folder Labels,Office Supplies,Labels
650,Global Leather Executive Chair,Furniture,Chairs
3132,"Boston Canvas, Blue",Office Supplies,Art
9737,"Nokia Headset, with Caller ID",Technology,Phones
6879,2300 Heavy-Duty Transfer File Systems by Perma,Office Supplies,Storage
3869,"Avery 3-Hole Punch, Recycled",Office Supplies,Binders
6299,"SanDisk Message Books, Premium",Office Supplies,Paper
7760,"Elite Scissors, Steel",Office Supplies,Supplies
3017,"Sanford Sketch Pad, Fluorescent",Office Supplies,Art
3832,"Avery Binding Machine, Clear",Office Supplies,Binders
3163,"BIC Pencil Sharpener, Blue",Office Supplies,Art
7289,"Eldon Box, Single Width",Office Supplies,Storage
3270,"Boston Sketch Pad, Fluorescent",Office Supplies,Art
9668,Square Credit Card Reader,Technology,Phones
3857,"Ibico Index Tab, Economy",Office Supplies,Binders
1334,"Tenex Stacking Tray, Black",Furniture,Furnishings
1771,"Novimex Bag Chairs, Set of Two",Furniture,Chairs
8202,Maxell 4.7GB DVD-RW 3/Pack,Technology,Accessories
3260,Hunt Boston Vacuum Mount KS Pencil Sharpener,Office Supplies,Art
1776,"Novimex Bag Chairs, Black",Furniture,Chairs
519,"SAFCO Executive Leather Armchair, Black",Furniture,Chairs
2561,"KitchenAid Refrigerator, Silver",Office Supplies,Appliances
8937,Brother DCP1000 Digital 3 in 1 Multifunction Machine,Technology,Copiers
2572,"Hoover Microwave, Red",Office Supplies,Appliances
8557,"Cisco Signal Booster, Cordless",Technology,Phones
7971,"SanDisk Memory Card, Bluetooth",Technology,Accessories
1546,"Tenex Photo Frame, Duo Pack",Furniture,Furnishings
1738,"Ikea 3-Shelf Cabinet, Pine",Furniture,Bookcases
7575,"Stiletto Scissors, Steel",Office Supplies,Supplies
9521,"Memorex Router, Erganomic",Technology,Accessories
9168,"Epson Phone, Wireless",Technology,Machines
4068,"Boston Sketch Pad, Easy-Erase",Office Supplies,Art
4015,"BIC Pencil Sharpener, Easy-Erase",Office Supplies,Art
4130,"Cardinal Binding Machine, Clear",Office Supplies,Binders
5558,"Harbour Creations Shipping Labels, 5000 Label Set",Office Supplies,Labels
4875,"Stockwell Thumb Tacks, Assorted Sizes",Office Supplies,Fasteners
4920,"Stockwell Push Pins, 12 Pack",Office Supplies,Fasteners
9036,"Hewlett Fax Machine, Color",Technology,Copiers
9700,"Apple Headset, Cordless",Technology,Phones
7220,"Eldon Lockers, Single Width",Office Supplies,Storage
10288,"StarTech Inkjet, Durable",Technology,Machines
9016,"Epson Phone, Durable",Technology,Machines
7849,"Tenex Lockers, Wire Frame",Office Supplies,Storage
255,"Safco Floating Shelf Set, Metal",Furniture,Bookcases
7241,"Rogers Lockers, Blue",Office Supplies,Storage
7333,"Stanley Sketch Pad, Blue",Office Supplies,Art
6880,"Fellowes Shelving, Industrial",Office Supplies,Storage
4381,"Kraft Mailers, Set of 50",Office Supplies,Envelopes
7598,"Fiskars Letter Opener, High Speed",Office Supplies,Supplies
6140,"SanDisk Computer Printout Paper, Multicolor",Office Supplies,Paper
1089,"Eldon Light Bulb, Erganomic",Furniture,Furnishings
2229,"Acco Binding Machine, Clear",Office Supplies,Binders
622,"Harbour Creations Swivel Stool, Set of Two",Furniture,Chairs
5398,"Ibico Binder Covers, Recycled",Office Supplies,Binders
10146,"Nokia Office Telephone, with Caller ID",Technology,Phones
2800,"BIC Sketch Pad, Blue",Office Supplies,Art
3994,GBC Poly Designer Binding Covers,Office Supplies,Binders
7224,"Rogers Folders, Wire Frame",Office Supplies,Storage
3573,"Avery Binder Covers, Clear",Office Supplies,Binders
5703,Avery 481,Office Supplies,Labels
4198,"Eldon Folders, Blue",Office Supplies,Storage
3880,"Avery Durable Plastic 1"" Binders",Office Supplies,Binders
3407,"Cardinal Hole Reinforcements, Recycled",Office Supplies,Binders
2141,"Hon Wood Table, with Bottom Storage",Furniture,Tables
76,"Dania Classic Bookcase, Pine",Furniture,Bookcases
9136,"Okidata Inkjet, Wireless",Technology,Machines
8618,"Canon Fax and Copier, High-Speed",Technology,Copiers
9427,"Okidata Receipt Printer, Durable",Technology,Machines
2983,"Sanford Sketch Pad, Easy-Erase",Office Supplies,Art
4827,"Stockwell Clamps, Metal",Office Supplies,Fasteners
1514,"Deflect-O Stacking Tray, Erganomic",Furniture,Furnishings
3021,"Binney & Smith Sketch Pad, Water Color",Office Supplies,Art
9456,"Panasonic Calculator, Durable",Technology,Machines
9913,"Nokia Office Telephone, with Caller ID",Technology,Phones
2537,"Cuisinart Blender, Red",Office Supplies,Appliances
2822,"BIC Markers, Fluorescent",Office Supplies,Art
5796,"Harbour Creations File Folder Labels, Laser Printer Compatible",Office Supplies,Labels
5370,"Hoover Blender, Silver",Office Supplies,Appliances
7324,"Stanley Markers, Water Color",Office Supplies,Art
3561,Fellowes Binding Cases,Office Supplies,Binders
5656,"Novimex File Folder Labels, 5000 Label Set",Office Supplies,Labels
1591,"Eldon Light Bulb, Duo Pack",Furniture,Furnishings
1324,"Eldon Regeneration Recycled Desk Accessories, Smoke",Furniture,Furnishings
4819,OIC Thumb-Tacks,Office Supplies,Fasteners
2418,Holmes Odor Grabber,Office Supplies,Appliances
8804,"Brother Fax and Copier, Digital",Technology,Copiers
1111,"Tenex Photo Frame, Black",Furniture,Furnishings
970,"Office Star Bag Chairs, Adjustable",Furniture,Chairs
2955,"BIC Markers, Water Color",Office Supplies,Art
1715,"Hon Steel Folding Chair, Black",Furniture,Chairs
6541,"Eaton Note Cards, Premium",Office Supplies,Paper
5377,"Ibico Binder, Clear",Office Supplies,Binders
4542,"Cameo Peel and Seal, Security-Tint",Office Supplies,Envelopes
6074,Staples,Office Supplies,Paper
7125,"Fellowes Box, Blue",Office Supplies,Storage
6192,Xerox 1933,Office Supplies,Paper
7164,Eldon Portable Mobile Manager,Office Supplies,Storage
4230,"Elite Scissors, Steel",Office Supplies,Supplies
6410,"Adams ""While You Were Out"" Message Pads",Office Supplies,Paper
8816,"Brother Wireless Fax, High-Speed",Technology,Copiers
263,"Dania 3-Shelf Cabinet, Metal",Furniture,Bookcases
8702,"Hewlett Ink, Color",Technology,Copiers
137,"Dania 3-Shelf Cabinet, Traditional",Furniture,Bookcases
6786,"Smead File Cart, Industrial",Office Supplies,Storage
5439,"KitchenAid Stove, Red",Office Supplies,Appliances
9144,"StarTech Receipt Printer, Red",Technology,Machines
206,"Dania Stackable Bookrack, Traditional",Furniture,Bookcases
9568,"Nokia Audio Dock, VoIP",Technology,Phones
3843,Wilson Jones Legal Size Ring Binders,Office Supplies,Binders
1579,"Eldon Stacking Tray, Black",Furniture,Furnishings
3031,Model L Table or Wall-Mount Pencil Sharpener,Office Supplies,Art
539,"Office Star Chairmat, Adjustable",Furniture,Chairs
1259,"Tenex Photo Frame, Erganomic",Furniture,Furnishings
8341,"Enermax Mouse, Bluetooth",Technology,Accessories
4840,"Accos Paper Clips, Assorted Sizes",Office Supplies,Fasteners
3694,"Wilson Jones Binder, Economy",Office Supplies,Binders
7329,"Stanley Pencil Sharpener, Fluorescent",Office Supplies,Art
5383,"Ibico 3-Hole Punch, Recycled",Office Supplies,Binders
3822,"Wilson Jones Index Tab, Recycled",Office Supplies,Binders
5265,"Green Bar Message Books, Recycled",Office Supplies,Paper
7194,"Eldon Box, Wire Frame",Office Supplies,Storage
1066,"Deflect-O Light Bulb, Erganomic",Furniture,Furnishings
980,"Lifetime Advantage Folding Chairs, 4/Carton",Furniture,Chairs
1722,"Ikea Classic Bookcase, Mobile",Furniture,Bookcases
10171,"Samsung Speaker Phone, Full Size",Technology,Phones
4525,"Kraft Mailers, with clear poly window",Office Supplies,Envelopes
3932,"Wilson Jones Binding Machine, Economy",Office Supplies,Binders
3528,"Acco PRESSTEX Data Binder with Storage Hooks, Dark Blue, 14 7/8"" X 11""",Office Supplies,Binders
3106,Newell 335,Office Supplies,Art
8693,Hewlett Packard LaserJet 3310 Copier,Technology,Copiers
1900,"Lesro Coffee Table, Adjustable Height",Furniture,Tables
10067,"Cisco Speaker Phone, Full Size",Technology,Phones
8058,"Enermax Memory Card, USB",Technology,Accessories
8111,"Enermax Memory Card, Bluetooth",Technology,Accessories
7064,"Tenex Lockers, Wire Frame",Office Supplies,Storage
8833,"Canon Personal Copier, Digital",Technology,Copiers
9026,"Epson Card Printer, Durable",Technology,Machines
1569,"Eldon Frame, Durable",Furniture,Furnishings
9562,"Nokia Signal Booster, Cordless",Technology,Phones
7564,"Stiletto Shears, Easy Grip",Office Supplies,Supplies
7927,Sony Micro Vault Click 16 GB USB 2.0 Flash Drive,Technology,Accessories
3328,"Boston Markers, Easy-Erase",Office Supplies,Art
986,"Office Star Bag Chairs, Set of Two",Furniture,Chairs
8513,"Brother Copy Machine, Color",Technology,Copiers
2239,"Accos Clamps, Bulk Pack",Office Supplies,Fasteners
5789,Avery 506,Office Supplies,Labels
6374,Weyerhaeuser First Choice Laser/Copy Paper (20Lb. and 88 Bright),Office Supplies,Paper
2991,"Sanford Pencil Sharpener, Fluorescent",Office Supplies,Art
5802,"Hon Round Labels, Adjustable",Office Supplies,Labels
9822,Wilson Electronics DB Pro Signal Booster,Technology,Phones
7075,"Tenex Lockers, Wire Frame",Office Supplies,Storage
440,Bestar Classic Bookcase,Furniture,Bookcases
8356,"Enermax Flash Drive, Erganomic",Technology,Accessories
7852,"Tenex Shelving, Wire Frame",Office Supplies,Storage
9394,"Konica Calculator, Red",Technology,Machines
5200,"Fellowes Folders, Blue",Office Supplies,Storage
9126,"Konica Phone, Durable",Technology,Machines
748,Hon Pagoda Stacking Chairs,Furniture,Chairs
2544,"Breville Toaster, White",Office Supplies,Appliances
6579,"Enermax Parchment Paper, 8.5 x 11",Office Supplies,Paper
4350,"Strathmore #10 Envelopes, Ultimate White",Office Supplies,Envelopes
6357,"SanDisk Cards & Envelopes, Multicolor",Office Supplies,Paper
1613,"Deflect-O Door Stop, Duo Pack",Furniture,Furnishings
1409,"Tenex Door Stop, Erganomic",Furniture,Furnishings
3194,"Binney & Smith Highlighters, Easy-Erase",Office Supplies,Art
9552,"Motorola Office Telephone, with Caller ID",Technology,Phones
4066,"Boston Canvas, Fluorescent",Office Supplies,Art
6592,Southworth 25% Cotton Premium Laser Paper and Envelopes,Office Supplies,Paper
4363,"Jiffy Peel and Seal, Recycled",Office Supplies,Envelopes
5582,"Harbour Creations Removable Labels, Adjustable",Office Supplies,Labels
7818,Acme Design Stainless Steel Bent Scissors,Office Supplies,Supplies
2919,"BIC Pens, Blue",Office Supplies,Art
2881,DIXON Ticonderoga Erasable Checking Pencils,Office Supplies,Art
10076,"LF Elite 3D Dazzle Designer Hard Case Cover, Lf Stylus Pen and Wiper For Apple Iphone 5c Mini Lite",Technology,Phones
3633,"Ibico Hole Reinforcements, Recycled",Office Supplies,Binders
5629,"Avery Shipping Labels, Adjustable",Office Supplies,Labels
3125,"Stanley Pencil Sharpener, Water Color",Office Supplies,Art
516,Hon Multipurpose Stacking Arm Chairs,Furniture,Chairs
7002,"Rogers File Cart, Industrial",Office Supplies,Storage
446,"Sauder 3-Shelf Cabinet, Pine",Furniture,Bookcases
6562,"Xerox Message Books, 8.5 x 11",Office Supplies,Paper
3648,Avery Arch Ring Binders,Office Supplies,Binders
165,"Safco Floating Shelf Set, Traditional",Furniture,Bookcases
9915,Xblue XB-1670-86 X16 Small Office Telephone - Titanium,Technology,Phones
6965,"Fellowes Box, Industrial",Office Supplies,Storage
8021,Logitech ClearChat Comfort/USB Headset H390,Technology,Accessories
4872,"Advantus Rubber Bands, Metal",Office Supplies,Fasteners
7578,"Acme Box Cutter, Serrated",Office Supplies,Supplies
4959,"OIC Rubber Bands, 12 Pack",Office Supplies,Fasteners
2641,"Hamilton Beach Toaster, White",Office Supplies,Appliances
8075,SanDisk Cruzer 64 GB USB Flash Drive,Technology,Accessories
2736,Staples,Office Supplies,Appliances
6828,"Eldon Box, Wire Frame",Office Supplies,Storage
1196,"Deflect-o EconoMat Studded, No Bevel Mat for Low Pile Carpeting",Furniture,Furnishings
5631,"Avery File Folder Labels, Adjustable",Office Supplies,Labels
2113,"Chromcraft Wood Table, with Bottom Storage",Furniture,Tables
2025,"Bevis Traditional Conference Table Top, Plinth Base",Furniture,Tables
427,"Bush Floating Shelf Set, Pine",Furniture,Bookcases
9472,"Konica Receipt Printer, Durable",Technology,Machines
2088,"Barricks Wood Table, with Bottom Storage",Furniture,Tables
1766,"Novimex Rocking Chair, Black",Furniture,Chairs
9551,"Motorola Audio Dock, Full Size",Technology,Phones
6635,"Eaton Note Cards, 8.5 x 11",Office Supplies,Paper
1642,"Advantus Photo Frame, Erganomic",Furniture,Furnishings
983,"Office Star Rocking Chair, Black",Furniture,Chairs
4074,"Boston Sketch Pad, Blue",Office Supplies,Art
4680,"GlobeWeis Mailers, with clear poly window",Office Supplies,Envelopes
7804,"Elite Trimmer, Easy Grip",Office Supplies,Supplies
4658,"GlobeWeis Peel and Seal, Security-Tint",Office Supplies,Envelopes
4860,"Stockwell Push Pins, Assorted Sizes",Office Supplies,Fasteners
4475,"GlobeWeis Peel and Seal, Recycled",Office Supplies,Envelopes
6081,"Xerox Computer Printout Paper, Recycled",Office Supplies,Paper
6703,"SanDisk Cards & Envelopes, Premium",Office Supplies,Paper
6706,"Sanford Canvas, Water Color",Office Supplies,Art
5413,"Jiffy Interoffice Envelope, Recycled",Office Supplies,Envelopes
6678,"Rogers Shelving, Blue",Office Supplies,Storage
8007,"Belkin Router, Erganomic",Technology,Accessories
3958,GBC DocuBind P100 Manual Binding Machine,Office Supplies,Binders
7925,"SanDisk Router, Bluetooth",Technology,Accessories
7078,"Tenex Shelving, Industrial",Office Supplies,Storage
671,"Novimex Swivel Stool, Black",Furniture,Chairs
8490,"Belkin Router, Erganomic",Technology,Accessories
8494,"Belkin Memory Card, Bluetooth",Technology,Accessories
4302,"Ames Mailers, Set of 50",Office Supplies,Envelopes
3585,"Wilson Jones Binding Machine, Recycled",Office Supplies,Binders
8227,Plantronics Audio 478 Stereo USB Headset,Technology,Accessories
9000,"Enermax Numeric Keypad, Bluetooth",Technology,Accessories
10253,"Sharp Wireless Fax, Color",Technology,Copiers
4185,"Eaton Computer Printout Paper, Premium",Office Supplies,Paper
4992,Staples,Office Supplies,Fasteners
1053,"Deflect-O Stacking Tray, Durable",Furniture,Furnishings
6715,"Sanford Highlighters, Blue",Office Supplies,Art
665,"SAFCO Executive Leather Armchair, Black",Furniture,Chairs
1045,"Dania Library with Doors, Traditional",Furniture,Bookcases
7202,"Tenex Lockers, Blue",Office Supplies,Storage
1590,Electrix Halogen Magnifier Lamp,Furniture,Furnishings
1857,"SAFCO Steel Folding Chair, Red",Furniture,Chairs
1322,"Advantus Door Stop, Durable",Furniture,Furnishings
690,"Harbour Creations Chairmat, Red",Furniture,Chairs
4152,"Cardinal Binder, Economy",Office Supplies,Binders
8171,"Enermax Router, Bluetooth",Technology,Accessories
2520,"Breville Toaster, Red",Office Supplies,Appliances
7132,"Fellowes Box, Wire Frame",Office Supplies,Storage
2684,"Hamilton Beach Coffee Grinder, Silver",Office Supplies,Appliances
4982,"OIC Rubber Bands, Bulk Pack",Office Supplies,Fasteners
8162,Imation Clip USB flash drive - 8 GB,Technology,Accessories
5212,"Fellowes Folders, Industrial",Office Supplies,Storage
9741,"Nokia Smart Phone, Full Size",Technology,Phones
6672,"Rogers Trays, Single Width",Office Supplies,Storage
9042,"Hewlett Personal Copier, Digital",Technology,Copiers
7261,"Smead Shelving, Wire Frame",Office Supplies,Storage
6621,"Green Bar Computer Printout Paper, Multicolor",Office Supplies,Paper
8999,"Enermax Flash Drive, USB",Technology,Accessories
4038,"Binney & Smith Markers, Fluorescent",Office Supplies,Art
3424,"Wilson Jones Binder Covers, Recycled",Office Supplies,Binders
5322,"Harbour Creations Removable Labels, Laser Printer Compatible",Office Supplies,Labels
8899,"Hewlett Copy Machine, Color",Technology,Copiers
847,"Office Star Swivel Stool, Adjustable",Furniture,Chairs
2421,"Breville Refrigerator, Black",Office Supplies,Appliances
92,"Sauder Classic Bookcase, Traditional",Furniture,Bookcases
9953,Apple iPhone 5,Technology,Phones
1137,Deflect-o Glass Clear Studded Chair Mats,Furniture,Furnishings
10105,"Nokia Signal Booster, VoIP",Technology,Phones
4588,"Jiffy Peel and Seal, Recycled",Office Supplies,Envelopes
6547,"Xerox Cards & Envelopes, Recycled",Office Supplies,Paper
729,"SAFCO Steel Folding Chair, Set of Two",Furniture,Chairs
3108,"Sanford Sketch Pad, Fluorescent",Office Supplies,Art
2012,"Hon Coffee Table, Fully Assembled",Furniture,Tables
159,"Bush 3-Shelf Cabinet, Traditional",Furniture,Bookcases
1620,"Advantus Door Stop, Erganomic",Furniture,Furnishings
9123,"Logitech Flash Drive, USB",Technology,Accessories
10275,"StarTech Calculator, White",Technology,Machines
9565,"Nokia Headset, Full Size",Technology,Phones
6213,Xerox 1949,Office Supplies,Paper
6939,"Rogers Folders, Wire Frame",Office Supplies,Storage
4225,"Elite Scissors, Serrated",Office Supplies,Supplies
6757,"Smead Shelving, Blue",Office Supplies,Storage
5811,"Hon Legal Exhibit Labels, Adjustable",Office Supplies,Labels
457,"Safco Stackable Bookrack, Traditional",Furniture,Bookcases
8717,"Brother Copy Machine, Laser",Technology,Copiers
7727,"Kleencut Trimmer, Serrated",Office Supplies,Supplies
2840,"Sanford Canvas, Easy-Erase",Office Supplies,Art
7799,"Kleencut Box Cutter, High Speed",Office Supplies,Supplies
947,"Hon Bag Chairs, Set of Two",Furniture,Chairs
4567,"GlobeWeis Interoffice Envelope, Set of 50",Office Supplies,Envelopes
5666,"Avery Removable Labels, Alphabetical",Office Supplies,Labels
7560,"Kleencut Scissors, High Speed",Office Supplies,Supplies
4462,"Kraft Mailers, with clear poly window",Office Supplies,Envelopes
3863,"Ibico Index Tab, Clear",Office Supplies,Binders
5829,"Avery Legal Exhibit Labels, Laser Printer Compatible",Office Supplies,Labels
6656,"Xerox Memo Slips, Multicolor",Office Supplies,Paper
7045,"Rogers File Cart, Industrial",Office Supplies,Storage
1108,24-Hour Round Wall Clock,Furniture,Furnishings
7627,"Elite Shears, Easy Grip",Office Supplies,Supplies
3301,"Sanford Colorific Scented Colored Pencils, 12/Pack",Office Supplies,Art
2358,Acco 6 Outlet Guardian Basic Surge Suppressor,Office Supplies,Appliances
6498,"Xerox Memo Slips, Recycled",Office Supplies,Paper
1070,"Deflect-O Stacking Tray, Erganomic",Furniture,Furnishings
1438,"Rubbermaid Clock, Durable",Furniture,Furnishings
3136,"Stanley Pens, Water Color",Office Supplies,Art
7601,"Elite Ruler, High Speed",Office Supplies,Supplies
8381,SanDisk Ultra 16 GB MicroSDHC Class 10 Memory Card,Technology,Accessories
3459,"Acco Binder, Durable",Office Supplies,Binders
1497,Contemporary Borderless Frame,Furniture,Furnishings
268,"Sauder Library with Doors, Mobile",Furniture,Bookcases
3874,Fellowes PB300 Plastic Comb Binding Machine,Office Supplies,Binders
312,"Sauder 3-Shelf Cabinet, Mobile",Furniture,Bookcases
9783,Plantronics Voyager Pro Legend,Technology,Phones
2681,"Hoover Refrigerator, Silver",Office Supplies,Appliances
3526,GBC ProClick Punch Binding System,Office Supplies,Binders
7782,"Elite Shears, High Speed",Office Supplies,Supplies
8336,"Memorex Keyboard, Programmable",Technology,Accessories
851,Global Deluxe Steno Chair,Furniture,Chairs
4511,Staples,Office Supplies,Envelopes
9375,"Panasonic Phone, Red",Technology,Machines
1638,"Tenex Stacking Tray, Erganomic",Furniture,Furnishings
8506,"Belkin Router, USB",Technology,Accessories
824,"SAFCO Bag Chairs, Adjustable",Furniture,Chairs
3954,"Avery Binder Covers, Durable",Office Supplies,Binders
7056,"Eldon Trays, Single Width",Office Supplies,Storage
953,"Hon Chairmat, Red",Furniture,Chairs
3516,Ibico Plastic Spiral Binding Combs,Office Supplies,Binders
3659,"Acco Hole Reinforcements, Economy",Office Supplies,Binders
9540,"Motorola Headset, VoIP",Technology,Phones
4899,"Advantus Paper Clips, Assorted Sizes",Office Supplies,Fasteners
6412,Xerox 1992,Office Supplies,Paper
6716,"Sanford Canvas, Blue",Office Supplies,Art
6218,"Adams Telephone Message Books, 5 1/4” x 11”",Office Supplies,Paper
3501,"Wilson Jones Hole Reinforcements, Economy",Office Supplies,Binders
3242,"Binney & Smith Highlighters, Easy-Erase",Office Supplies,Art
9925,Nortel Networks T7316 E Nt8 B27,Technology,Phones
9981,Plantronics Encore H101 Dual Earpieces Headset,Technology,Phones
9881,"Samsung Speaker Phone, Full Size",Technology,Phones
8669,"Brother Fax Machine, Color",Technology,Copiers
9631,"Nokia Smart Phone, Full Size",Technology,Phones
725,"Hon Steel Folding Chair, Red",Furniture,Chairs
463,"Ikea Stackable Bookrack, Metal",Furniture,Bookcases
3026,"Boston Sketch Pad, Water Color",Office Supplies,Art
2543,"1.7 Cubic Foot Compact ""Cube"" Office Refrigerators",Office Supplies,Appliances
9244,"Okidata Card Printer, White",Technology,Machines
9217,"Okidata Card Printer, White",Technology,Machines
9975,Motorola L804,Technology,Phones
5533,"Novimex File Folder Labels, 5000 Label Set",Office Supplies,Labels
5843,"Hon Legal Exhibit Labels, Alphabetical",Office Supplies,Labels
3499,Avery Non-Stick Binders,Office Supplies,Binders
6431,Xerox 1999,Office Supplies,Paper
3423,"Wilson Jones Index Tab, Recycled",Office Supplies,Binders
9133,"Okidata Calculator, Red",Technology,Machines
2953,Newell 317,Office Supplies,Art
4264,"Jiffy Clasp Envelope, Recycled",Office Supplies,Envelopes
3502,Angle-D Ring Binders,Office Supplies,Binders
7666,Letter Slitter,Office Supplies,Supplies
2410,"Hoover Refrigerator, White",Office Supplies,Appliances
1977,"Bevis Round Table, Rectangular",Furniture,Tables
9638,"Apple Smart Phone, Full Size",Technology,Phones
1881,"Sauder Classic Bookcase, Pine",Furniture,Bookcases
8897,"Canon Fax Machine, Laser",Technology,Copiers
9757,"Cisco Speaker Phone, Full Size",Technology,Phones
7234,"Tenex Shelving, Industrial",Office Supplies,Storage
8236,"Logitech Keyboard, Erganomic",Technology,Accessories
4796,"Stockwell Thumb Tacks, Metal",Office Supplies,Fasteners
6525,"Eaton Memo Slips, Premium",Office Supplies,Paper
8635,"Sharp Fax and Copier, Color",Technology,Copiers
2957,"Binney & Smith Pens, Water Color",Office Supplies,Art
8361,"Enermax Flash Drive, Programmable",Technology,Accessories
6323,Xerox 1944,Office Supplies,Paper
7826,"Fiskars Letter Opener, Easy Grip",Office Supplies,Supplies
8003,"Enermax Numeric Keypad, USB",Technology,Accessories
5810,"Avery Removable Labels, 5000 Label Set",Office Supplies,Labels
6243,"Xerox Memo Slips, Recycled",Office Supplies,Paper
3387,"Avery 3-Hole Punch, Durable",Office Supplies,Binders
8221,"Belkin Memory Card, Programmable",Technology,Accessories
924,"Hon Rocking Chair, Set of Two",Furniture,Chairs
5199,"Fellowes File Cart, Wire Frame",Office Supplies,Storage
9880,"Samsung Audio Dock, with Caller ID",Technology,Phones
6802,"Rogers File Cart, Single Width",Office Supplies,Storage
7862,"Tenex Lockers, Industrial",Office Supplies,Storage
2163,"Chromcraft Wood Table, with Bottom Storage",Furniture,Tables
5476,"Kraft Manila Envelope, Security-Tint",Office Supplies,Envelopes
4039,"Binney & Smith Canvas, Blue",Office Supplies,Art
2480,Harmony Air Purifier,Office Supplies,Appliances
1399,"Electrix Incandescent Magnifying Lamp, Black",Furniture,Furnishings
6206,Strathmore Photo Frame Cards,Office Supplies,Paper
7216,"Tenex Lockers, Single Width",Office Supplies,Storage
150,"Dania Floating Shelf Set, Metal",Furniture,Bookcases
913,Global Commerce Series Low-Back Swivel/Tilt Chairs,Furniture,Chairs
9674,VTech DS6151,Technology,Phones
7257,"Rogers File Cart, Single Width",Office Supplies,Storage
81,Sauder Inglewood Library Bookcases,Furniture,Bookcases
8357,"Memorex Flash Drive, Programmable",Technology,Accessories
9935,netTALK DUO VoIP Telephone Service,Technology,Phones
612,Hon Olson Stacker Stools,Furniture,Chairs
3701,"Avery 3-Hole Punch, Clear",Office Supplies,Binders
6994,"SAFCO Mobile Desk Side File, Wire Frame",Office Supplies,Storage
7616,"Fiskars Letter Opener, High Speed",Office Supplies,Supplies
3793,"Wilson Jones Binder, Clear",Office Supplies,Binders
9677,Plantronics HL10 Handset Lifter,Technology,Phones
6990,Fellowes Officeware Wire Shelving,Office Supplies,Storage
242,"Safco Floating Shelf Set, Pine",Furniture,Bookcases
10123,"Samsung Office Telephone, Cordless",Technology,Phones
2691,"Breville Coffee Grinder, White",Office Supplies,Appliances
2149,"Bevis Coffee Table, with Bottom Storage",Furniture,Tables
2047,KI Conference Tables,Furniture,Tables
7964,"SanDisk Memory Card, Programmable",Technology,Accessories
1453,"Deflect-O Frame, Duo Pack",Furniture,Furnishings
5164,"Advantus Rubber Bands, Bulk Pack",Office Supplies,Fasteners
1643,"Advantus Clock, Erganomic",Furniture,Furnishings
6907,"Eldon Shelving, Industrial",Office Supplies,Storage
8088,Logitech Wireless Performance Mouse MX for PC and Mac,Technology,Accessories
3902,Fellowes Presentation Covers for Comb Binding Machines,Office Supplies,Binders
2219,"Tenex Photo Frame, Durable",Furniture,Furnishings
4461,"Cameo Interoffice Envelope, Set of 50",Office Supplies,Envelopes
6114,"Green Bar Memo Slips, Recycled",Office Supplies,Paper
7668,"Stiletto Box Cutter, Serrated",Office Supplies,Supplies
5644,"Harbour Creations Legal Exhibit Labels, Adjustable",Office Supplies,Labels
7395,"Stockwell Thumb Tacks, Metal",Office Supplies,Fasteners
4611,"Cameo Clasp Envelope, Recycled",Office Supplies,Envelopes
9859,"Cisco Smart Phone, Cordless",Technology,Phones
336,"Dania Floating Shelf Set, Metal",Furniture,Bookcases
3866,"Green Canvas Binder for 8-1/2"" x 14"" Sheets",Office Supplies,Binders
8215,"Logitech Mouse, Erganomic",Technology,Accessories
9787,I Need's 3d Hello Kitty Hybrid Silicone Case Cover for HTC One X 4g with 3d Hello Kitty Stylus Pen Green/pink,Technology,Phones
8431,"Logitech Mouse, Erganomic",Technology,Accessories
1918,"Hon Computer Table, Adjustable Height",Furniture,Tables
10015,Geemarc AmpliPOWER60,Technology,Phones
10012,"Nokia Signal Booster, VoIP",Technology,Phones
2443,Honeywell Quietcare HEPA Air Cleaner,Office Supplies,Appliances
8855,"HP Wireless Fax, Laser",Technology,Copiers
1985,Chromcraft Rectangular Conference Tables,Furniture,Tables
262,"Ikea 3-Shelf Cabinet, Mobile",Furniture,Bookcases
6159,"Green Bar Note Cards, Multicolor",Office Supplies,Paper
6239,Xerox 1948,Office Supplies,Paper
3923,"GBC Pre-Punched Binding Paper, Plastic, White, 8-1/2"" x 11""",Office Supplies,Binders
4739,"Stockwell Clamps, Assorted Sizes",Office Supplies,Fasteners
4330,"Kraft Manila Envelope, Set of 50",Office Supplies,Envelopes
4049,"Binney & Smith Pencil Sharpener, Water Color",Office Supplies,Art
7522,"Fiskars Ruler, Serrated",Office Supplies,Supplies
3804,"Acco Index Tab, Durable",Office Supplies,Binders
6227,"Ampad Poly Cover Wirebound Steno Book, 6"" x 9"" Assorted Colors, Gregg Ruled",Office Supplies,Paper
8837,"Hewlett Wireless Fax, Color",Technology,Copiers
9573,"Nokia Audio Dock, Full Size",Technology,Phones
2356,"Breville Refrigerator, Black",Office Supplies,Appliances
8074,"Logitech Numeric Keypad, Programmable",Technology,Accessories
8703,"Brother Copy Machine, Laser",Technology,Copiers
2109,"Bevis Training Table, Adjustable Height",Furniture,Tables
9928,Samsung Galaxy Note 3,Technology,Phones
44,"Bevis Training Table, Fully Assembled",Furniture,Tables
9588,"Okidata Card Printer, Red",Technology,Machines
8745,"Hewlett Fax and Copier, High-Speed",Technology,Copiers
8952,"Hewlett Fax and Copier, High-Speed",Technology,Copiers
3781,"Cardinal Binding Machine, Clear",Office Supplies,Binders
1422,"Tenex Photo Frame, Erganomic",Furniture,Furnishings
9858,"Apple Headset, with Caller ID",Technology,Phones
1265,"Rubbermaid Light Bulb, Erganomic",Furniture,Furnishings
5228,"Fiskars Ruler, Steel",Office Supplies,Supplies
7178,"Fellowes Trays, Wire Frame",Office Supplies,Storage
5534,"Novimex Legal Exhibit Labels, 5000 Label Set",Office Supplies,Labels
2210,"Tenex Door Stop, Erganomic",Furniture,Furnishings
9902,Grandstream GXP1160 VoIP phone,Technology,Phones
7338,"Stanley Markers, Fluorescent",Office Supplies,Art
5161,"Stockwell Staples, Metal",Office Supplies,Fasteners
6598,"Eaton Parchment Paper, Premium",Office Supplies,Paper
6097,"Eaton Parchment Paper, Premium",Office Supplies,Paper
894,"Harbour Creations Swivel Stool, Black",Furniture,Chairs
418,"Ikea Classic Bookcase, Traditional",Furniture,Bookcases
2628,Honeywell Enviracaire Portable HEPA Air Cleaner for 17' x 22' Room,Office Supplies,Appliances
9905,Adtran 1202752G1,Technology,Phones
7931,"Enermax Numeric Keypad, Bluetooth",Technology,Accessories
238,"Dania Library with Doors, Metal",Furniture,Bookcases
8172,"SanDisk Memory Card, Bluetooth",Technology,Accessories
10182,"Samsung Audio Dock, VoIP",Technology,Phones
3181,"Sanford Pencil Sharpener, Easy-Erase",Office Supplies,Art
10044,"Apple Speaker Phone, Full Size",Technology,Phones
8327,"Enermax Mouse, Erganomic",Technology,Accessories
3061,Boston Heavy-Duty Trimline Electric Pencil Sharpeners,Office Supplies,Art
3671,"Cardinal Binding Machine, Durable",Office Supplies,Binders
3620,Wilson Jones Heavy-Duty Casebound Ring Binders with Metal Hinges,Office Supplies,Binders
7314,"Eldon Shelving, Blue",Office Supplies,Storage
4002,"Cardinal 3-Hole Punch, Economy",Office Supplies,Binders
7033,Safco Steel Mobile File Cart,Office Supplies,Storage
8995,"Enermax Numeric Keypad, Erganomic",Technology,Accessories
2775,Acco 6 Outlet Guardian Premium Surge Suppressor,Office Supplies,Appliances
632,"Harbour Creations Steel Folding Chair, Red",Furniture,Chairs
6555,"Adams Telephone Message Book w/Frequently-Called Numbers Space, 400 Messages per Book",Office Supplies,Paper
4404,"Kraft Clasp Envelope, with clear poly window",Office Supplies,Envelopes
7884,"Wilson Jones Index Tab, Durable",Office Supplies,Binders
5472,"Kraft Manila Envelope, Recycled",Office Supplies,Envelopes
6718,"Sanford Canvas, Fluorescent",Office Supplies,Art
3411,"Wilson Jones 3-Hole Punch, Economy",Office Supplies,Binders
1336,3M Hangers With Command Adhesive,Furniture,Furnishings
6015,Xerox 205,Office Supplies,Paper
4479,"Kraft Interoffice Envelope, with clear poly window",Office Supplies,Envelopes
3817,"Avery Binder Covers, Economy",Office Supplies,Binders
7371,"Stockwell Thumb Tacks, Assorted Sizes",Office Supplies,Fasteners
3527,"GBC Clear Cover, 8-1/2 x 11, unpunched, 25 covers per pack",Office Supplies,Binders
2322,"Advantus Staples, Bulk Pack",Office Supplies,Fasteners
655,"SAFCO Executive Leather Armchair, Adjustable",Furniture,Chairs
2458,"KitchenAid Stove, Red",Office Supplies,Appliances
369,"Sauder Stackable Bookrack, Pine",Furniture,Bookcases
2160,"Lesro Wood Table, Adjustable Height",Furniture,Tables
8403,"Memorex Router, Erganomic",Technology,Accessories
8911,"Brother Ink, Laser",Technology,Copiers
8109,"SanDisk Memory Card, Bluetooth",Technology,Accessories
863,"Hon Swivel Stool, Black",Furniture,Chairs
7304,"Tenex File Cart, Blue",Office Supplies,Storage
827,"Office Star Rocking Chair, Set of Two",Furniture,Chairs
9768,Mophie Juice Pack Helium for iPhone,Technology,Phones
8269,"Belkin Router, Bluetooth",Technology,Accessories
9145,"Epson Phone, Durable",Technology,Machines
8422,"Belkin Mouse, Erganomic",Technology,Accessories
7942,"Enermax Numeric Keypad, Bluetooth",Technology,Accessories
9693,"Motorola Headset, Full Size",Technology,Phones
35,"Barricks Training Table, Rectangular",Furniture,Tables
7498,"Fiskars Shears, Easy Grip",Office Supplies,Supplies
6612,"Eaton Cards & Envelopes, Recycled",Office Supplies,Paper
6809,"Eldon Trays, Wire Frame",Office Supplies,Storage
3480,"Ibico Binder Covers, Recycled",Office Supplies,Binders
1442,"Tenex Stacking Tray, Durable",Furniture,Furnishings
8458,"Belkin Mouse, Bluetooth",Technology,Accessories
3605,GBC Standard Therm-A-Bind Covers,Office Supplies,Binders
6640,"SanDisk Memo Slips, 8.5 x 11",Office Supplies,Paper
1125,Aluminum Document Frame,Furniture,Furnishings
7114,"Tenex Box, Industrial",Office Supplies,Storage
1697,"Hon Swivel Stool, Black",Furniture,Chairs
1096,"Eldon Clock, Duo Pack",Furniture,Furnishings
6792,"Eldon Folders, Blue",Office Supplies,Storage
6723,"Sanford Pens, Fluorescent",Office Supplies,Art
1748,"Lesro Conference Table, Rectangular",Furniture,Tables
143,"Sauder 3-Shelf Cabinet, Mobile",Furniture,Bookcases
8213,"Belkin Keyboard, Programmable",Technology,Accessories
812,"Harbour Creations Swivel Stool, Red",Furniture,Chairs
1981,"Lesro Wood Table, Adjustable Height",Furniture,Tables
2148,KI Adjustable-Height Table,Furniture,Tables
9352,"Okidata Inkjet, Durable",Technology,Machines
8915,"Sharp Fax Machine, Color",Technology,Copiers
2608,"Breville Coffee Grinder, White",Office Supplies,Appliances
6681,"Rogers Lockers, Industrial",Office Supplies,Storage
9084,"Konica Printer, Red",Technology,Machines
6625,"Green Bar Note Cards, Premium",Office Supplies,Paper
3492,"Cardinal Binding Machine, Economy",Office Supplies,Binders
7811,"Kleencut Letter Opener, Easy Grip",Office Supplies,Supplies
7239,"Rogers Shelving, Industrial",Office Supplies,Storage
7766,"Fiskars Box Cutter, Easy Grip",Office Supplies,Supplies
1285,"Contract Clock, 14"", Brown",Furniture,Furnishings
6693,"Rogers Shelving, Industrial",Office Supplies,Storage
9516,"Memorex Keyboard, USB",Technology,Accessories
5172,"Stockwell Rubber Bands, Bulk Pack",Office Supplies,Fasteners
4053,"Binney & Smith Markers, Blue",Office Supplies,Art
7271,"Tenex Box, Blue",Office Supplies,Storage
2278,"Acme Letter Opener, Easy Grip",Office Supplies,Supplies
2455,"Cuisinart Blender, Silver",Office Supplies,Appliances
7835,"Elite Letter Opener, Easy Grip",Office Supplies,Supplies
5333,"Hon Round Labels, Alphabetical",Office Supplies,Labels
7913,"Xerox Computer Printout Paper, 8.5 x 11",Office Supplies,Paper
1813,"Rubbermaid Light Bulb, Durable",Furniture,Furnishings
8258,"Memorex Numeric Keypad, Bluetooth",Technology,Accessories
3385,"Avery Binder Covers, Recycled",Office Supplies,Binders
3221,"BIC Markers, Water Color",Office Supplies,Art
3870,"Cardinal Binder, Economy",Office Supplies,Binders
4647,Security-Tint Envelopes,Office Supplies,Envelopes
4054,"Binney & Smith Pens, Easy-Erase",Office Supplies,Art
4958,"Stockwell Rubber Bands, Bulk Pack",Office Supplies,Fasteners
4007,"Cardinal Hole Reinforcements, Recycled",Office Supplies,Binders
7848,"Tenex Folders, Wire Frame",Office Supplies,Storage
7319,"Stanley Pencil Sharpener, Water Color",Office Supplies,Art
5669,Avery 513,Office Supplies,Labels
2521,"Hoover Coffee Grinder, Silver",Office Supplies,Appliances
330,O'Sullivan Living Dimensions 5-Shelf Bookcases,Furniture,Bookcases
3180,"BIC Highlighters, Water Color",Office Supplies,Art
1433,"Seth Thomas 14"" Day/Date Wall Clock",Furniture,Furnishings
3369,"Avery Binding Machine, Clear",Office Supplies,Binders
2505,"Commercial WindTunnel Clean Air Upright Vacuum, Replacement Belts, Filtration Bags",Office Supplies,Appliances
1680,"Harbour Creations Chairmat, Red",Furniture,Chairs
7416,"Acme Box Cutter, Serrated",Office Supplies,Supplies
121,"Ikea Classic Bookcase, Pine",Furniture,Bookcases
4894,"Accos Rubber Bands, Bulk Pack",Office Supplies,Fasteners
8310,"Memorex Flash Drive, Programmable",Technology,Accessories
9125,"Epson Card Printer, Durable",Technology,Machines
2185,"Lesro Wood Table, Fully Assembled",Furniture,Tables
8758,"Brother Personal Copier, Color",Technology,Copiers
2090,"Chromcraft Bull-Nose Wood 48"" x 96"" Rectangular Conference Tables",Furniture,Tables
6677,"Rogers Trays, Wire Frame",Office Supplies,Storage
4048,"Binney & Smith Sketch Pad, Blue",Office Supplies,Art
2522,"Breville Coffee Grinder, Silver",Office Supplies,Appliances
6232,"SanDisk Computer Printout Paper, 8.5 x 11",Office Supplies,Paper
7129,"Tenex File Cart, Single Width",Office Supplies,Storage
3881,Wilson Jones Century Plastic Molded Ring Binders,Office Supplies,Binders
19,"Advantus Frame, Durable",Furniture,Furnishings
5944,"Avery Legal Exhibit Labels, 5000 Label Set",Office Supplies,Labels
7080,"Eldon Box, Industrial",Office Supplies,Storage
2981,"Stanley Highlighters, Blue",Office Supplies,Art
10224,"SanDisk Router, USB",Technology,Accessories
5856,"Avery Color Coded Labels, 5000 Label Set",Office Supplies,Labels
3111,Sanford Liquid Accent Highlighters,Office Supplies,Art
8987,"Enermax Keyboard, USB",Technology,Accessories
7551,Acme Office Executive Series Stainless Steel Trimmers,Office Supplies,Supplies
4284,"#10- 4 1/8"" x 9 1/2"" Recycled Envelopes",Office Supplies,Envelopes
5260,"Green Bar Computer Printout Paper, Premium",Office Supplies,Paper
5261,"Green Bar Parchment Paper, Premium",Office Supplies,Paper
3707,Presstex Flexible Ring Binders,Office Supplies,Binders
2708,"KitchenAid Stove, Silver",Office Supplies,Appliances
8695,"Brother Fax Machine, Digital",Technology,Copiers
8601,"HP Ink, Laser",Technology,Copiers
5361,"Hoover Stove, White",Office Supplies,Appliances
8873,"Brother Personal Copier, Digital",Technology,Copiers
8701,"Hewlett Fax and Copier, Color",Technology,Copiers
2016,"Bevis Round Conference Table Top, X-Base",Furniture,Tables
1025,"Chromcraft Conference Table, with Bottom Storage",Furniture,Tables
8895,"Brother Wireless Fax, Color",Technology,Copiers
8673,"Canon Fax Machine, Digital",Technology,Copiers
9652,"Apple Office Telephone, VoIP",Technology,Phones
6782,"Smead File Cart, Blue",Office Supplies,Storage
166,"Bush Floating Shelf Set, Traditional",Furniture,Bookcases
6047,"Green Bar Cards & Envelopes, Premium",Office Supplies,Paper
1278,"Advantus Clock, Duo Pack",Furniture,Furnishings
7988,"Belkin Router, Bluetooth",Technology,Accessories
6882,"Fellowes File Cart, Single Width",Office Supplies,Storage
783,"SAFCO Bag Chairs, Set of Two",Furniture,Chairs
2944,"BIC Pencil Sharpener, Easy-Erase",Office Supplies,Art
7113,"Tenex Folders, Industrial",Office Supplies,Storage
7626,"Elite Letter Opener, High Speed",Office Supplies,Supplies
4528,"Cameo Manila Envelope, Security-Tint",Office Supplies,Envelopes
4506,"Kraft Peel and Seal, Security-Tint",Office Supplies,Envelopes
7523,"Elite Trimmer, Steel",Office Supplies,Supplies
3426,"Cardinal 3-Hole Punch, Durable",Office Supplies,Binders
3537,"Ibico Binder Covers, Clear",Office Supplies,Binders
6174,"Green Bar Note Cards, 8.5 x 11",Office Supplies,Paper
7671,"Acme Box Cutter, Easy Grip",Office Supplies,Supplies
7343,"Stiletto Box Cutter, Steel",Office Supplies,Supplies
6355,"Enermax Note Cards, 8.5 x 11",Office Supplies,Paper
7571,"Stiletto Box Cutter, High Speed",Office Supplies,Supplies
2307,"Advantus Paper Clips, Bulk Pack",Office Supplies,Fasteners
5180,"Advantus Staples, Assorted Sizes",Office Supplies,Fasteners
4431,"Cameo Peel and Seal, Set of 50",Office Supplies,Envelopes
7119,"Fellowes Box, Wire Frame",Office Supplies,Storage
6472,"Green Bar Memo Slips, 8.5 x 11",Office Supplies,Paper
1563,"Rubbermaid Door Stop, Erganomic",Furniture,Furnishings
4210,"Eldon Box, Blue",Office Supplies,Storage
3760,"Wilson Jones Binder, Economy",Office Supplies,Binders
3525,"Avery Binder, Recycled",Office Supplies,Binders
4129,"Cardinal Binder, Clear",Office Supplies,Binders
9840,"Cisco Smart Phone, Full Size",Technology,Phones
1702,"Hon Executive Leather Armchair, Adjustable",Furniture,Chairs
7169,"Tennsco Snap-Together Open Shelving Units, Starter Sets and Add-On Units",Office Supplies,Storage
8764,"Canon Fax Machine, Laser",Technology,Copiers
787,"Hon Deluxe Fabric Upholstered Stacking Chairs, Squared Back",Furniture,Chairs
9992,"Cisco Office Telephone, VoIP",Technology,Phones
9118,"Logitech Numeric Keypad, Programmable",Technology,Accessories
8824,"Sharp Fax and Copier, Digital",Technology,Copiers
1529,"Rubbermaid Frame, Durable",Furniture,Furnishings
4641,"GlobeWeis Mailers, Security-Tint",Office Supplies,Envelopes
780,"Situations Contoured Folding Chairs, 4/Set",Furniture,Chairs
4299,"Cameo Business Envelopes, Recycled",Office Supplies,Envelopes
522,"Office Star Steel Folding Chair, Red",Furniture,Chairs
2598,"Breville Toaster, Black",Office Supplies,Appliances
8043,"Enermax Mouse, Programmable",Technology,Accessories
10285,"StarTech Printer, White",Technology,Machines
2345,"Ames Manila Envelope, with clear poly window",Office Supplies,Envelopes
4209,"Eldon Shelving, Single Width",Office Supplies,Storage
8293,"Enermax Memory Card, Erganomic",Technology,Accessories
3718,"Cardinal Binder Covers, Recycled",Office Supplies,Binders
10155,"Samsung Office Telephone, with Caller ID",Technology,Phones
7893,"Wilson Jones Binder Covers, Durable",Office Supplies,Binders
3695,"Acco 3-Hole Punch, Durable",Office Supplies,Binders
8130,"Enermax Memory Card, Erganomic",Technology,Accessories
5091,"Advantus Clamps, Assorted Sizes",Office Supplies,Fasteners
4538,"Jiffy Clasp Envelope, with clear poly window",Office Supplies,Envelopes
5962,"Novimex Removable Labels, Laser Printer Compatible",Office Supplies,Labels
1067,"Deflect-O Light Bulb, Duo Pack",Furniture,Furnishings
5004,"Advantus Clamps, Assorted Sizes",Office Supplies,Fasteners
2175,Bevis 44 x 96 Conference Tables,Furniture,Tables
518,"SAFCO Rocking Chair, Black",Furniture,Chairs
9842,Konftel 250 Conference phone - Charcoal black,Technology,Phones
9873,Mitel 5320 IP Phone VoIP phone,Technology,Phones
8011,"Belkin Router, USB",Technology,Accessories
9603,"Panasonic Inkjet, Durable",Technology,Machines
466,"Dania 3-Shelf Cabinet, Mobile",Furniture,Bookcases
2678,"Hamilton Beach Toaster, Silver",Office Supplies,Appliances
4463,"Kraft Interoffice Envelope, with clear poly window",Office Supplies,Envelopes
8478,"Apple Audio Dock, Cordless",Technology,Phones
7952,Logitech M510 Wireless Mouse,Technology,Accessories
7507,"Fiskars Trimmer, Serrated",Office Supplies,Supplies
2620,Belkin F5C206VTEL 6 Outlet Surge,Office Supplies,Appliances
1482,"Rubbermaid Stacking Tray, Erganomic",Furniture,Furnishings
3038,Boston 1645 Deluxe Heavier-Duty Electric Pencil Sharpener,Office Supplies,Art
3164,"Boston Canvas, Easy-Erase",Office Supplies,Art
1412,"Executive Impressions 13-1/2"" Indoor/Outdoor Wall Clock",Furniture,Furnishings
855,"Harbour Creations Bag Chairs, Set of Two",Furniture,Chairs
5801,"Avery Removable Labels, Alphabetical",Office Supplies,Labels
6995,"Tenex Shelving, Single Width",Office Supplies,Storage
7185,"Tenex Box, Industrial",Office Supplies,Storage
5270,"Green Bar Memo Slips, 8.5 x 11",Office Supplies,Paper
1288,"Eldon Expressions Wood and Plastic Desk Accessories, Cherry Wood",Furniture,Furnishings
3232,Deluxe Chalkboard Eraser Cleaner,Office Supplies,Art
6772,"Smead File Folder Labels, Adjustable",Office Supplies,Labels
3076,DIXON Oriole Pencils,Office Supplies,Art
3871,DXL Angle-View Binders with Locking Rings by Samsill,Office Supplies,Binders
4664,"GlobeWeis Clasp Envelope, with clear poly window",Office Supplies,Envelopes
7515,Staples,Office Supplies,Supplies
3135,Newell 322,Office Supplies,Art
2348,"KitchenAid Microwave, Red",Office Supplies,Appliances
389,"Sauder 3-Shelf Cabinet, Metal",Furniture,Bookcases
9460,"Okidata Phone, Red",Technology,Machines
488,"Safco Stackable Bookrack, Pine",Furniture,Bookcases
1303,"Deflect-O Frame, Erganomic",Furniture,Furnishings
1004,"SAFCO Swivel Stool, Black",Furniture,Chairs
6503,"Green Bar Parchment Paper, Multicolor",Office Supplies,Paper
9027,"Epson Inkjet, Wireless",Technology,Machines
5862,"Dot Matrix Printer Tape Reel Labels, White, 5000/Box",Office Supplies,Labels
9019,"Epson Card Printer, White",Technology,Machines
7215,"Rogers Folders, Single Width",Office Supplies,Storage
7500,"Acme Letter Opener, Steel",Office Supplies,Supplies
3388,"Ibico Binder, Durable",Office Supplies,Binders
10082,"Apple Audio Dock, Full Size",Technology,Phones
9050,"Hewlett Copy Machine, Color",Technology,Copiers
4540,"Cameo Manila Envelope, Set of 50",Office Supplies,Envelopes
2721,"Cuisinart Toaster, White",Office Supplies,Appliances
5423,"Jiffy Mailers, Security-Tint",Office Supplies,Envelopes
707,"Office Star Bag Chairs, Adjustable",Furniture,Chairs
1649,"Tenex Stacking Tray, Erganomic",Furniture,Furnishings
771,"Novimex Rocking Chair, Black",Furniture,Chairs
5059,"Accos Paper Clips, Assorted Sizes",Office Supplies,Fasteners
7259,"Smead Folders, Blue",Office Supplies,Storage
11,"Advantus Light Bulb, Durable",Furniture,Furnishings
8846,"Brother Wireless Fax, Laser",Technology,Copiers
2616,"KitchenAid Toaster, Red",Office Supplies,Appliances
8910,"Canon Fax Machine, High-Speed",Technology,Copiers
118,"Dania Stackable Bookrack, Mobile",Furniture,Bookcases
997,"Office Star Bag Chairs, Set of Two",Furniture,Chairs
123,"Sauder Corner Shelving, Metal",Furniture,Bookcases
574,"Novimex Executive Leather Armchair, Adjustable",Furniture,Chairs
6791,"Fellowes File Cart, Single Width",Office Supplies,Storage
3515,"Acco 3-Hole Punch, Economy",Office Supplies,Binders
6980,"Tenex Trays, Industrial",Office Supplies,Storage
6216,"SanDisk Message Books, 8.5 x 11",Office Supplies,Paper
8242,"Enermax Memory Card, USB",Technology,Accessories
2973,"Stanley Highlighters, Fluorescent",Office Supplies,Art
6118,"Xerox Cards & Envelopes, Premium",Office Supplies,Paper
2819,"Sanford Highlighters, Fluorescent",Office Supplies,Art
599,"Novimex Chairmat, Set of Two",Furniture,Chairs
2838,"Binney & Smith Highlighters, Water Color",Office Supplies,Art
3917,"Ibico Binding Machine, Clear",Office Supplies,Binders
5411,"Jiffy Business Envelopes, Security-Tint",Office Supplies,Envelopes
2846,"Binney & Smith Highlighters, Water Color",Office Supplies,Art
2232,"Acco Index Tab, Clear",Office Supplies,Binders
1181,"Tenex Light Bulb, Duo Pack",Furniture,Furnishings
5804,"Harbour Creations Color Coded Labels, Adjustable",Office Supplies,Labels
1160,"Tenex Light Bulb, Duo Pack",Furniture,Furnishings
5826,"Smead Shipping Labels, Adjustable",Office Supplies,Labels
10172,"Nokia Smart Phone, Full Size",Technology,Phones
8549,"Canon Personal Copier, Color",Technology,Copiers
646,"SAFCO Swivel Stool, Set of Two",Furniture,Chairs
8504,"Belkin Memory Card, Programmable",Technology,Accessories
8482,"Apple Signal Booster, VoIP",Technology,Phones
3891,"Cardinal Binding Machine, Recycled",Office Supplies,Binders
107,"Hon Metal Bookcases, Gray",Furniture,Bookcases
1092,"Eldon Door Stop, Black",Furniture,Furnishings
8340,"Enermax Mouse, USB",Technology,Accessories
538,"Office Star Steel Folding Chair, Red",Furniture,Chairs
6478,"Eaton Cards & Envelopes, Recycled",Office Supplies,Paper
959,"Harbour Creations Chairmat, Set of Two",Furniture,Chairs
1051,"Deflect-O Frame, Durable",Furniture,Furnishings
5552,"Novimex File Folder Labels, Alphabetical",Office Supplies,Labels
1082,"Eldon Light Bulb, Black",Furniture,Furnishings
1080,"Eldon Stacking Tray, Durable",Furniture,Furnishings
4147,"Cardinal Binder, Durable",Office Supplies,Binders
4236,"Elite Box Cutter, High Speed",Office Supplies,Supplies
4173,"Cuisinart Coffee Grinder, White",Office Supplies,Appliances
5974,"Novimex Color Coded Labels, Laser Printer Compatible",Office Supplies,Labels
4137,"Cardinal Index Tab, Clear",Office Supplies,Binders
7318,"Stanley Pens, Fluorescent",Office Supplies,Art
3365,"Avery Binder, Economy",Office Supplies,Binders
8318,"Memorex Router, Bluetooth",Technology,Accessories
497,"Bush Library with Doors, Mobile",Furniture,Bookcases
452,"Sauder Corner Shelving, Traditional",Furniture,Bookcases
6976,"Tenex Shelving, Blue",Office Supplies,Storage
3818,"Acco Binding Machine, Economy",Office Supplies,Binders
3706,"Wilson Jones Binding Machine, Economy",Office Supplies,Binders
1983,"Lesro Sheffield Collection Coffee Table, End Table, Center Table, Corner Table",Furniture,Tables
4229,"Elite Trimmer, Easy Grip",Office Supplies,Supplies
6278,Xerox 1902,Office Supplies,Paper
3566,"Acco 3-Hole Punch, Economy",Office Supplies,Binders
2308,"Advantus Clamps, Assorted Sizes",Office Supplies,Fasteners
5460,"Kleencut Shears, Easy Grip",Office Supplies,Supplies
3083,"Binney & Smith Pens, Fluorescent",Office Supplies,Art
1870,"Safco 3-Shelf Cabinet, Traditional",Furniture,Bookcases
3892,"Cardinal Binder Covers, Durable",Office Supplies,Binders
1894,"Sauder Floating Shelf Set, Traditional",Furniture,Bookcases
9979,"Samsung Signal Booster, with Caller ID",Technology,Phones
5854,"Novimex Color Coded Labels, Adjustable",Office Supplies,Labels
8140,"Belkin Flash Drive, USB",Technology,Accessories
4143,"Cardinal 3-Hole Punch, Recycled",Office Supplies,Binders
4732,"Enermax Cards & Envelopes, Recycled",Office Supplies,Paper
5814,"Smead Round Labels, Alphabetical",Office Supplies,Labels
5346,"Hon File Folder Labels, 5000 Label Set",Office Supplies,Labels
3722,Avery Premier Heavy-Duty Binder with Round Locking Rings,Office Supplies,Binders
5018,"Advantus Push Pins, Assorted Sizes",Office Supplies,Fasteners
5317,"Harbour Creations File Folder Labels, Adjustable",Office Supplies,Labels
2515,"Hamilton Beach Microwave, White",Office Supplies,Appliances
9275,"Panasonic Receipt Printer, Durable",Technology,Machines
761,"SAFCO Executive Leather Armchair, Red",Furniture,Chairs
8771,"Sharp Ink, Laser",Technology,Copiers
604,"SAFCO Executive Leather Armchair, Red",Furniture,Chairs
9845,"Apple Office Telephone, with Caller ID",Technology,Phones
6453,"Eaton Cards & Envelopes, Multicolor",Office Supplies,Paper
3597,"Acco 3-Hole Punch, Durable",Office Supplies,Binders
5072,"Advantus Paper Clips, Bulk Pack",Office Supplies,Fasteners
7725,"Elite Ruler, Serrated",Office Supplies,Supplies
4519,Staples,Office Supplies,Envelopes
3237,Boston 16750 Black Compact Battery Pencil Sharpener,Office Supplies,Art
4009,GBC DocuBind P400 Electric Binding System,Office Supplies,Binders
2133,"Hon Round Table, Adjustable Height",Furniture,Tables
7107,"Fellowes Lockers, Wire Frame",Office Supplies,Storage
2746,"Hoover Toaster, White",Office Supplies,Appliances
564,"Harbour Creations Executive Leather Armchair, Adjustable",Furniture,Chairs
8159,"Enermax Numeric Keypad, USB",Technology,Accessories
9487,"Epson Inkjet, Wireless",Technology,Machines
3440,"Ibico 3-Hole Punch, Clear",Office Supplies,Binders
6666,"Xerox Note Cards, Recycled",Office Supplies,Paper
7447,"Fiskars Shears, High Speed",Office Supplies,Supplies
1718,"Hon Rocking Chair, Set of Two",Furniture,Chairs
7003,"Eldon Shelving, Wire Frame",Office Supplies,Storage
110,"Bush Corner Shelving, Pine",Furniture,Bookcases
1511,"Tenex Clock, Black",Furniture,Furnishings
9812,"Motorola Speaker Phone, Cordless",Technology,Phones
6580,"SanDisk Note Cards, 8.5 x 11",Office Supplies,Paper
7678,"Acme Trimmer, Serrated",Office Supplies,Supplies
9063,"HP Ink, High-Speed",Technology,Copiers
9453,"Epson Calculator, Durable",Technology,Machines
6242,Xerox 1892,Office Supplies,Paper
7428,"Acme Shears, High Speed",Office Supplies,Supplies
6014,"Xerox Memo Slips, Multicolor",Office Supplies,Paper
9794,"Apple Office Telephone, VoIP",Technology,Phones
3908,"Avery Binder, Durable",Office Supplies,Binders
3433,"Wilson Jones Binder Covers, Recycled",Office Supplies,Binders
9154,Texas Instruments TI-34 Scientific Calculator,Technology,Machines
5544,"Harbour Creations Legal Exhibit Labels, Laser Printer Compatible",Office Supplies,Labels
4592,"Ames Business Envelopes, Set of 50",Office Supplies,Envelopes
4033,"BIC Markers, Water Color",Office Supplies,Art
2902,"Binney & Smith Pens, Water Color",Office Supplies,Art
1909,"Bevis Training Table, Adjustable Height",Furniture,Tables
4800,OIC Binder Clips,Office Supplies,Fasteners
3399,"Cardinal Hole Reinforcements, Clear",Office Supplies,Binders
426,"Ikea Library with Doors, Metal",Furniture,Bookcases
261,"Dania Stackable Bookrack, Mobile",Furniture,Bookcases
7254,"Rogers Trays, Blue",Office Supplies,Storage
9329,"Okidata Calculator, White",Technology,Machines
7992,"Logitech Keyboard, Erganomic",Technology,Accessories
896,"Office Star Rocking Chair, Black",Furniture,Chairs
8545,"Canon Personal Copier, Digital",Technology,Copiers
9649,Plantronics Cordless Phone Headset with In-line Volume - M214C,Technology,Phones
7419,"Kleencut Trimmer, Steel",Office Supplies,Supplies
4629,"Kraft Interoffice Envelope, with clear poly window",Office Supplies,Envelopes
3814,"Cardinal Binder Covers, Economy",Office Supplies,Binders
5954,"Hon Shipping Labels, 5000 Label Set",Office Supplies,Labels
6821,"Eldon Folders, Wire Frame",Office Supplies,Storage
1600,"Rubbermaid Door Stop, Black",Furniture,Furnishings
9117,"Logitech Mouse, Erganomic",Technology,Accessories
4224,"Elite Trimmer, High Speed",Office Supplies,Supplies
4132,"Cardinal Binder Covers, Economy",Office Supplies,Binders
4067,"Boston Pencil Sharpener, Fluorescent",Office Supplies,Art
9957,"Samsung Smart Phone, Full Size",Technology,Phones
9581,"Okidata Card Printer, Durable",Technology,Machines
8706,"Hewlett Wireless Fax, Digital",Technology,Copiers
7223,Safco Industrial Wire Shelving System,Office Supplies,Storage
9260,Okidata C331dn Printer,Technology,Machines
1114,"Advantus Frame, Erganomic",Furniture,Furnishings
192,"Hon Metal Bookcases, Black",Furniture,Bookcases
658,"Novimex Chairmat, Black",Furniture,Chairs
541,"Novimex Rocking Chair, Red",Furniture,Chairs
2248,"Acco Binding Machine, Recycled",Office Supplies,Binders
1071,"Deflect-O Photo Frame, Durable",Furniture,Furnishings
3037,"BIC Canvas, Easy-Erase",Office Supplies,Art
9629,"Nokia Office Telephone, Cordless",Technology,Phones
9666,HTC One Mini,Technology,Phones
2667,"Hoover Coffee Grinder, Black",Office Supplies,Appliances
7762,"Fiskars Shears, Serrated",Office Supplies,Supplies
7255,"Tenex Trays, Industrial",Office Supplies,Storage
4696,"Kraft Mailers, Security-Tint",Office Supplies,Envelopes
2852,"BIC Markers, Blue",Office Supplies,Art
5612,"Novimex Legal Exhibit Labels, 5000 Label Set",Office Supplies,Labels
6783,"Smead Legal Exhibit Labels, Laser Printer Compatible",Office Supplies,Labels
3358,"Avery Shipping Labels, Adjustable",Office Supplies,Labels
10139,"Motorola Office Telephone, Full Size",Technology,Phones
8531,"Brother Fax Machine, Color",Technology,Copiers
4459,"Jiffy Clasp Envelope, Set of 50",Office Supplies,Envelopes
1088,"Eldon Photo Frame, Durable",Furniture,Furnishings
5376,"Ibico Binder, Recycled",Office Supplies,Binders
6162,Xerox 2,Office Supplies,Paper
5872,"Harbour Creations Color Coded Labels, Alphabetical",Office Supplies,Labels
3195,Nontoxic Chalk,Office Supplies,Art
3484,Storex DuraTech Recycled Plastic Frosted Binders,Office Supplies,Binders
9793,Polycom SoundStation2 EX Conference phone,Technology,Phones
559,"Harbour Creations Executive Leather Armchair, Adjustable",Furniture,Chairs
2493,"KitchenAid Blender, Black",Office Supplies,Appliances
134,"Bush Corner Shelving, Traditional",Furniture,Bookcases
8435,"Logitech Memory Card, Erganomic",Technology,Accessories
3231,"Boston Canvas, Fluorescent",Office Supplies,Art
274,"Bush Corner Shelving, Traditional",Furniture,Bookcases
9471,Epson Perfection V600 Photo Scanner,Technology,Machines
1564,Luxo Professional Magnifying Clamp-On Fluorescent Lamps,Furniture,Furnishings
7538,"Stiletto Trimmer, Easy Grip",Office Supplies,Supplies
8366,"SanDisk Keyboard, Programmable",Technology,Accessories
8214,"SanDisk Keyboard, Programmable",Technology,Accessories
3155,Newell 341,Office Supplies,Art
7674,"Fiskars Shears, Steel",Office Supplies,Supplies
8400,"SanDisk Mouse, Bluetooth",Technology,Accessories
1691,"Hon Bag Chairs, Set of Two",Furniture,Chairs
6520,"Message Book, Phone, Wirebound Standard Line Memo, 2 3/4"" X 5""",Office Supplies,Paper
7053,Recycled Eldon Regeneration Jumbo File,Office Supplies,Storage
2234,"Accos Rubber Bands, Assorted Sizes",Office Supplies,Fasteners
6488,"SanDisk Memo Slips, Recycled",Office Supplies,Paper
2795,"Sanford Pens, Blue",Office Supplies,Art
3534,"Wilson Jones 1"" Hanging DublLock Ring Binders",Office Supplies,Binders
7998,"SanDisk Mouse, Bluetooth",Technology,Accessories
3753,"Avery Trapezoid Extra Heavy Duty 4"" Binders",Office Supplies,Binders
2702,Fellowes Advanced 8 Outlet Surge Suppressor with Phone/Fax Protection,Office Supplies,Appliances
3394,"GBC Prepunched Paper, 19-Hole, for Binding Systems, 24-lb",Office Supplies,Binders
3034,"OIC #2 Pencils, Medium Soft",Office Supplies,Art
7176,"Smead Box, Single Width",Office Supplies,Storage
1170,Stacking Trays by OIC,Furniture,Furnishings
8748,"Brother Fax Machine, Digital",Technology,Copiers
163,"Safco Classic Bookcase, Pine",Furniture,Bookcases
205,"Bush Classic Bookcase, Traditional",Furniture,Bookcases
2697,"Hoover Microwave, Silver",Office Supplies,Appliances
9916,"Motorola Smart Phone, Cordless",Technology,Phones
557,"Hon Deluxe Fabric Upholstered Stacking Chairs, Rounded Back",Furniture,Chairs
617,"Harbour Creations Rocking Chair, Adjustable",Furniture,Chairs
279,"Sauder Corner Shelving, Pine",Furniture,Bookcases
6912,Office Impressions Heavy Duty Welded Shelving & Multimedia Storage Drawers,Office Supplies,Storage
254,"Safco 3-Shelf Cabinet, Mobile",Furniture,Bookcases
7301,"Fellowes File Cart, Wire Frame",Office Supplies,Storage
9848,"Samsung Audio Dock, Full Size",Technology,Phones
8646,"Hewlett Copy Machine, Color",Technology,Copiers
8369,KeyTronic 6101 Series - Keyboard - Black,Technology,Accessories
2783,"KitchenAid Toaster, Black",Office Supplies,Appliances
3623,"Cardinal Binding Machine, Clear",Office Supplies,Binders
6729,"Sanford Sketch Pad, Easy-Erase",Office Supplies,Art
1318,"Deflect-O Clock, Erganomic",Furniture,Furnishings
9829,"Nokia Office Telephone, Full Size",Technology,Phones
8920,"HP Personal Copier, High-Speed",Technology,Copiers
10046,"Cisco Headset, with Caller ID",Technology,Phones
984,"Padded Folding Chairs, Black, 4/Carton",Furniture,Chairs
2018,"Barricks Coffee Table, Adjustable Height",Furniture,Tables
4942,"Advantus Rubber Bands, Assorted Sizes",Office Supplies,Fasteners
141,"Bush Stackable Bookrack, Mobile",Furniture,Bookcases
3116,"Stanley Canvas, Fluorescent",Office Supplies,Art
5303,"Hamilton Beach Microwave, Red",Office Supplies,Appliances
743,"Hon Bag Chairs, Set of Two",Furniture,Chairs
10088,Panasonic Kx-TS550,Technology,Phones
6676,"Rogers Shelving, Single Width",Office Supplies,Storage
6591,"Enermax Memo Slips, Premium",Office Supplies,Paper
4829,"OIC Push Pins, Assorted Sizes",Office Supplies,Fasteners
4789,"Stockwell Paper Clips, Bulk Pack",Office Supplies,Fasteners
6609,"SanDisk Note Cards, Premium",Office Supplies,Paper
5379,"Ibico Binding Machine, Clear",Office Supplies,Binders
3589,SpineVue Locking Slant-D Ring Binders by Cardinal,Office Supplies,Binders
3548,"Acco Index Tab, Durable",Office Supplies,Binders
9052,"Hewlett Fax and Copier, High-Speed",Technology,Copiers
1778,"Novimex Executive Leather Armchair, Black",Furniture,Chairs
9022,"Epson Receipt Printer, Wireless",Technology,Machines
31,"Barricks Computer Table, Adjustable Height",Furniture,Tables
9599,"Okidata Printer, Red",Technology,Machines
9959,"Apple Speaker Phone, with Caller ID",Technology,Phones
6347,"Enermax Message Books, Multicolor",Office Supplies,Paper
2213,"Tenex Frame, Duo Pack",Furniture,Furnishings
5392,"Ibico Binder, Durable",Office Supplies,Binders
9116,"Logitech Keyboard, Programmable",Technology,Accessories
8474,"Apple Office Telephone, Cordless",Technology,Phones
7934,Sony 64GB Class 10 Micro SDHC R40 Memory Card,Technology,Accessories
7467,"Fiskars Box Cutter, High Speed",Office Supplies,Supplies
7667,"Acme Letter Opener, Serrated",Office Supplies,Supplies
3124,Prang Drawing Pencil Set,Office Supplies,Art
4391,"Cameo Peel and Seal, Security-Tint",Office Supplies,Envelopes
7857,"Tenex Trays, Industrial",Office Supplies,Storage
7631,Acme Kleen Earth Office Shears,Office Supplies,Supplies
9462,"StarTech Card Printer, White",Technology,Machines
8739,"HP Fax Machine, High-Speed",Technology,Copiers
7687,"Acme Trimmer, Easy Grip",Office Supplies,Supplies
10218,"Samsung Office Telephone, VoIP",Technology,Phones
7143,"Tenex Lockers, Industrial",Office Supplies,Storage
950,"SAFCO Steel Folding Chair, Red",Furniture,Chairs
7109,"Eldon Lockers, Industrial",Office Supplies,Storage
7692,"Elite Trimmer, Easy Grip",Office Supplies,Supplies
8428,"SanDisk Numeric Keypad, USB",Technology,Accessories
10233,"SanDisk Flash Drive, USB",Technology,Accessories
1583,"Deflect-O Light Bulb, Black",Furniture,Furnishings
6971,"Fellowes Box, Blue",Office Supplies,Storage
3974,"Cardinal Index Tab, Durable",Office Supplies,Binders
3110,"Sanford Markers, Easy-Erase",Office Supplies,Art
8164,"SanDisk Memory Card, Programmable",Technology,Accessories
2221,"Tenex Stacking Tray, Erganomic",Furniture,Furnishings
5146,"Stockwell Push Pins, Metal",Office Supplies,Fasteners
7410,"Stockwell Paper Clips, Assorted Sizes",Office Supplies,Fasteners
5335,"Hon Round Labels, Adjustable",Office Supplies,Labels
5704,"Harbour Creations Removable Labels, Adjustable",Office Supplies,Labels
4671,"Cameo Interoffice Envelope, with clear poly window",Office Supplies,Envelopes
6727,"Sanford Markers, Blue",Office Supplies,Art
5812,"Harbour Creations Removable Labels, Adjustable",Office Supplies,Labels
1312,Acrylic Self-Standing Desk Frames,Furniture,Furnishings
1952,"Lesro Conference Table, Rectangular",Furniture,Tables
2183,"Chromcraft Training Table, Rectangular",Furniture,Tables
8990,"Enermax Memory Card, USB",Technology,Accessories
9856,Plantronics 81402,Technology,Phones
2151,Hon 4060 Series Tables,Furniture,Tables
10199,"Samsung Office Telephone, Full Size",Technology,Phones
64,"Ikea Stackable Bookrack, Metal",Furniture,Bookcases
10059,"Samsung Office Telephone, Cordless",Technology,Phones
2851,"Hunt BOSTON Vista Battery-Operated Pencil Sharpener, Black",Office Supplies,Art
4946,"Accos Push Pins, Assorted Sizes",Office Supplies,Fasteners
6739,"Sanford Highlighters, Fluorescent",Office Supplies,Art
62,"Safco Library with Doors, Pine",Furniture,Bookcases
3329,"BIC Canvas, Fluorescent",Office Supplies,Art
7858,"Tenex Trays, Single Width",Office Supplies,Storage
7408,"Stockwell Paper Clips, Metal",Office Supplies,Fasteners
9473,"Konica Printer, Wireless",Technology,Machines
9729,"Samsung Speaker Phone, Full Size",Technology,Phones
508,"Bush Floating Shelf Set, Traditional",Furniture,Bookcases
4018,"BIC Sketch Pad, Fluorescent",Office Supplies,Art
8585,"Hewlett Copy Machine, High-Speed",Technology,Copiers
1015,"Hon Swivel Stool, Black",Furniture,Chairs
9854,"Cisco Speaker Phone, Cordless",Technology,Phones
1112,"Advantus Clock, Black",Furniture,Furnishings
10036,"Motorola Audio Dock, VoIP",Technology,Phones
8621,"Hewlett Ink, High-Speed",Technology,Copiers
7462,"Kleencut Shears, Steel",Office Supplies,Supplies
1618,"Deflect-O Stacking Tray, Durable",Furniture,Furnishings
1787,"Office Star Chairmat, Red",Furniture,Chairs
2877,"BIC Pens, Water Color",Office Supplies,Art
3009,"Sanford Canvas, Blue",Office Supplies,Art
4333,"Jiffy Manila Envelope, Set of 50",Office Supplies,Envelopes
4097,"Breville Refrigerator, Silver",Office Supplies,Appliances
8577,"Cisco Headset, VoIP",Technology,Phones
1775,"Novimex Steel Folding Chair, Red",Furniture,Chairs
7693,"Stiletto Scissors, Easy Grip",Office Supplies,Supplies
2664,"Hamilton Beach Toaster, Black",Office Supplies,Appliances
8142,"Belkin Memory Card, Erganomic",Technology,Accessories
5694,"Smead Removable Labels, Adjustable",Office Supplies,Labels
5709,"Hon Shipping Labels, Adjustable",Office Supplies,Labels
6622,"Xerox Cards & Envelopes, Premium",Office Supplies,Paper
9085,"Konica Card Printer, Durable",Technology,Machines
188,"Ikea Floating Shelf Set, Traditional",Furniture,Bookcases
8466,"Apple Audio Dock, VoIP",Technology,Phones
5189,"Fellowes Box, Industrial",Office Supplies,Storage
8398,"Enermax Keyboard, USB",Technology,Accessories
4846,"Stockwell Clamps, Bulk Pack",Office Supplies,Fasteners
21,"Advantus Door Stop, Durable",Furniture,Furnishings
5806,"Harbour Creations Removable Labels, Adjustable",Office Supplies,Labels
5621,"Hon Removable Labels, Adjustable",Office Supplies,Labels
4359,"Kraft Business Envelopes, Recycled",Office Supplies,Envelopes
7885,"Wilson Jones Hole Reinforcements, Durable",Office Supplies,Binders
2595,"Hamilton Beach Stove, Black",Office Supplies,Appliances
9186,"Okidata Inkjet, Wireless",Technology,Machines
135,"Ikea Classic Bookcase, Mobile",Furniture,Bookcases
467,"Bush Corner Shelving, Pine",Furniture,Bookcases
9805,"Motorola Office Telephone, VoIP",Technology,Phones
6458,Xerox 1941,Office Supplies,Paper
1220,"Deflect-O Photo Frame, Duo Pack",Furniture,Furnishings
648,"Novimex Steel Folding Chair, Black",Furniture,Chairs
184,"Bush Corner Shelving, Metal",Furniture,Bookcases
852,"Hon Steel Folding Chair, Black",Furniture,Chairs
6050,Xerox 1995,Office Supplies,Paper
4530,"Kraft Peel and Seal, Set of 50",Office Supplies,Envelopes
4274,"Kraft Mailers, Recycled",Office Supplies,Envelopes
3779,"Ibico Hole Reinforcements, Economy",Office Supplies,Binders
5216,"Fiskars Ruler, Serrated",Office Supplies,Supplies
3776,Self-Adhesive Ring Binder Labels,Office Supplies,Binders
9261,"Konica Calculator, White",Technology,Machines
5041,Staples,Office Supplies,Fasteners
494,"Bush Classic Bookcase, Pine",Furniture,Bookcases
7922,"SanDisk Router, USB",Technology,Accessories
9718,"Nokia Headset, with Caller ID",Technology,Phones
7696,"Kleencut Shears, Steel",Office Supplies,Supplies
7156,"Smead Trays, Wire Frame",Office Supplies,Storage
9946,"Samsung Signal Booster, Cordless",Technology,Phones
10008,"Apple Office Telephone, Full Size",Technology,Phones
2510,"Hoover Coffee Grinder, White",Office Supplies,Appliances
10156,"Nokia Audio Dock, with Caller ID",Technology,Phones
3900,"Ibico 3-Hole Punch, Durable",Office Supplies,Binders
6092,"Xerox Computer Printout Paper, Recycled",Office Supplies,Paper
7682,"Acme Letter Opener, Steel",Office Supplies,Supplies
7594,"Elite Scissors, Serrated",Office Supplies,Supplies
4481,"Kraft Interoffice Envelope, Security-Tint",Office Supplies,Envelopes
4046,"Binney & Smith Canvas, Fluorescent",Office Supplies,Art
4378,"GlobeWeis Mailers, Set of 50",Office Supplies,Envelopes
6992,"Rogers Box, Single Width",Office Supplies,Storage
6777,"Smead Color Coded Labels, Alphabetical",Office Supplies,Labels
3188,"Dixon My First Ticonderoga Pencil, #2",Office Supplies,Art
3381,"Avery Hole Reinforcements, Recycled",Office Supplies,Binders
3410,"Wilson Jones Clip & Carry Folder Binder Tool for Ring Binders, Clear",Office Supplies,Binders
2695,"Cuisinart Refrigerator, Red",Office Supplies,Appliances
2039,"Barricks Round Table, Fully Assembled",Furniture,Tables
6901,"Fellowes Lockers, Industrial",Office Supplies,Storage
6160,Xerox 1913,Office Supplies,Paper
3746,GBC Recycled Regency Composition Covers,Office Supplies,Binders
9852,"Nokia Headset, Cordless",Technology,Phones
2848,"Sanford Markers, Blue",Office Supplies,Art
7445,"Elite Trimmer, Serrated",Office Supplies,Supplies
784,"Novimex Chairmat, Adjustable",Furniture,Chairs
5914,"Harbour Creations Legal Exhibit Labels, Laser Printer Compatible",Office Supplies,Labels
949,"Hon Bag Chairs, Red",Furniture,Chairs
935,"Harbour Creations Steel Folding Chair, Set of Two",Furniture,Chairs
9256,"Konica Calculator, Wireless",Technology,Machines
6023,"Green Bar Parchment Paper, 8.5 x 11",Office Supplies,Paper
7158,"Rogers Folders, Blue",Office Supplies,Storage
4719,"Enermax Cards & Envelopes, Multicolor",Office Supplies,Paper
6512,"Xerox Message Books, 8.5 x 11",Office Supplies,Paper
4029,"BIC Pencil Sharpener, Blue",Office Supplies,Art
4777,"Stockwell Thumb Tacks, Assorted Sizes",Office Supplies,Fasteners
3305,BIC Brite Liner Grip Highlighters,Office Supplies,Art
4774,"Advantus Thumb Tacks, Metal",Office Supplies,Fasteners
5536,"Hon File Folder Labels, Alphabetical",Office Supplies,Labels
4001,"Avery Binder Covers, Economy",Office Supplies,Binders
2916,"Sanford Uni-Blazer View Highlighters, Chisel Tip, Yellow",Office Supplies,Art
3959,Cardinal Poly Pocket Divider Pockets for Ring Binders,Office Supplies,Binders
2129,"Lesro Round Table, Rectangular",Furniture,Tables
10148,Wilson SignalBoost 841262 DB PRO Amplifier Kit,Technology,Phones
2087,"Chromcraft Computer Table, Fully Assembled",Furniture,Tables
2790,"BIC Highlighters, Blue",Office Supplies,Art
453,"Bush Floating Shelf Set, Mobile",Furniture,Bookcases
3171,"Sanford Highlighters, Fluorescent",Office Supplies,Art
3807,Cardinal Holdit Business Card Pockets,Office Supplies,Binders
2240,"Acco Index Tab, Clear",Office Supplies,Binders
3464,Avery Durable Binders,Office Supplies,Binders
8641,"Canon Personal Copier, Laser",Technology,Copiers
9961,"Logitech B530 USB Headset - headset - Full size, Binaural",Technology,Phones
3271,"Sanford Markers, Blue",Office Supplies,Art
3768,"Cardinal 3-Hole Punch, Economy",Office Supplies,Binders
7570,"Stiletto Scissors, High Speed",Office Supplies,Supplies
3490,"Acco Hole Reinforcements, Economy",Office Supplies,Binders
6893,"Eldon File Cart, Blue",Office Supplies,Storage
5532,"Avery Shipping Labels, Alphabetical",Office Supplies,Labels
800,"Harbour Creations Bag Chairs, Adjustable",Furniture,Chairs
7735,"Elite Shears, High Speed",Office Supplies,Supplies
6637,Southworth Structures Collection,Office Supplies,Paper
5981,"Novimex Removable Labels, Adjustable",Office Supplies,Labels
8343,NETGEAR AC1750 Dual Band Gigabit Smart WiFi Router,Technology,Accessories
6959,"Gould Plastics 18-Pocket Panel Bin, 34w x 5-1/4d x 20-1/2h",Office Supplies,Storage
3608,Vinyl Sectional Post Binders,Office Supplies,Binders
7618,"Stiletto Box Cutter, Steel",Office Supplies,Supplies
8731,"Hewlett Fax and Copier, Digital",Technology,Copiers
3340,"Boston Highlighters, Blue",Office Supplies,Art
6847,Fellowes Bankers Box Stor/Drawer Steel Plus,Office Supplies,Storage
1297,Advantus Panel Wall Certificate Holder - 8.5x11,Furniture,Furnishings
6465,"Green Bar Computer Printout Paper, Premium",Office Supplies,Paper
1650,"Eldon Light Bulb, Black",Furniture,Furnishings
3708,"Cardinal Binder Covers, Economy",Office Supplies,Binders
5684,Avery 516,Office Supplies,Labels
3530,"Ibico Binder Covers, Durable",Office Supplies,Binders
4957,"OIC Rubber Bands, 12 Pack",Office Supplies,Fasteners
7891,"Wilson Jones Binding Machine, Economy",Office Supplies,Binders
3621,Wilson Jones Four-Pocket Poly Binders,Office Supplies,Binders
529,Global Comet Stacking Armless Chair,Furniture,Chairs
10005,"Apple Audio Dock, VoIP",Technology,Phones
8658,Canon Imageclass D680 Copier / Fax,Technology,Copiers
3978,"Wilson Jones Binding Machine, Durable",Office Supplies,Binders
6902,"Tenex Trays, Single Width",Office Supplies,Storage
7246,"Eldon Folders, Single Width",Office Supplies,Storage
2903,"Sanford Sketch Pad, Blue",Office Supplies,Art
7391,"Stockwell Clamps, 12 Pack",Office Supplies,Fasteners
3567,"Cardinal Binder, Recycled",Office Supplies,Binders
5817,"Novimex Removable Labels, Laser Printer Compatible",Office Supplies,Labels
5301,"Hamilton Beach Stove, Silver",Office Supplies,Appliances
9643,"Apple Signal Booster, VoIP",Technology,Phones
9501,"Konica Phone, Wireless",Technology,Machines
4245,"Cameo Interoffice Envelope, Recycled",Office Supplies,Envelopes
799,"Global High-Back Leather Tilter, Burgundy",Furniture,Chairs
1450,"Howard Miller 11-1/2"" Diameter Grantwood Wall Clock",Furniture,Furnishings
8055,"Belkin Keyboard, Erganomic",Technology,Accessories
4945,"OIC Push Pins, Bulk Pack",Office Supplies,Fasteners
7855,"Tenex Shelving, Single Width",Office Supplies,Storage
5294,"Hamilton Beach Blender, Black",Office Supplies,Appliances
5257,"GlobeWeis Business Envelopes, Recycled",Office Supplies,Envelopes
6725,"Sanford Pens, Blue",Office Supplies,Art
1435,"Rubbermaid Frame, Durable",Furniture,Furnishings
9158,"Konica Phone, Red",Technology,Machines
5553,"Harbour Creations Color Coded Labels, Laser Printer Compatible",Office Supplies,Labels
2508,"KitchenAid Refrigerator, Silver",Office Supplies,Appliances
641,"Hon Bag Chairs, Adjustable",Furniture,Chairs
5391,"Ibico 3-Hole Punch, Durable",Office Supplies,Binders
669,"Harbour Creations Bag Chairs, Red",Furniture,Chairs
9597,"Okidata Printer, Wireless",Technology,Machines
6956,"Perma STOR-ALL Hanging File Box, 13 1/8""W x 12 1/4""D x 10 1/2""H",Office Supplies,Storage
6312,Xerox 1895,Office Supplies,Paper
3714,Avery Hidden Tab Dividers for Binding Systems,Office Supplies,Binders
5918,Avery 49,Office Supplies,Labels
3176,Prang Drawing Pencil Set,Office Supplies,Art
9715,Polycom VVX 310 VoIP phone,Technology,Phones
8670,"Sharp Copy Machine, Color",Technology,Copiers
9760,"Motorola Speaker Phone, Full Size",Technology,Phones
10188,Cisco SPA112 2 Port Phone Adapter,Technology,Phones
6689,"Rogers Lockers, Single Width",Office Supplies,Storage
10060,Cisco SPA508G,Technology,Phones
7291,"Rogers Folders, Industrial",Office Supplies,Storage
8953,"Canon Copy Machine, Digital",Technology,Copiers
1180,9-3/4 Diameter Round Wall Clock,Furniture,Furnishings
9656,"Apple Office Telephone, with Caller ID",Technology,Phones
6338,"Eaton Note Cards, Premium",Office Supplies,Paper
4541,"Jiffy Peel and Seal, Recycled",Office Supplies,Envelopes
6281,Xerox 1881,Office Supplies,Paper
6087,Xerox 200,Office Supplies,Paper
3757,Newell 3-Hole Punched Plastic Slotted Magazine Holders for Binders,Office Supplies,Binders
5611,Avery 514,Office Supplies,Labels
5664,"Novimex File Folder Labels, Adjustable",Office Supplies,Labels
1928,"Hon Wood Table, Rectangular",Furniture,Tables
2177,Hon 5100 Series Wood Tables,Furniture,Tables
8000,"SanDisk Keyboard, Programmable",Technology,Accessories
9673,GE DSL Phone Line Filter,Technology,Phones
7981,"Memorex Numeric Keypad, USB",Technology,Accessories
726,Hon Deluxe Fabric Upholstered Stacking Chairs,Furniture,Chairs
7274,"Smead File Cart, Blue",Office Supplies,Storage
2942,"Stanley Canvas, Water Color",Office Supplies,Art
3160,"Binney & Smith Sketch Pad, Blue",Office Supplies,Art
7242,"Smead Folders, Blue",Office Supplies,Storage
687,"Safco Chair Connectors, 6/Carton",Furniture,Chairs
1781,"Office Star Bag Chairs, Adjustable",Furniture,Chairs
1131,"Eldon Stacking Tray, Black",Furniture,Furnishings
2249,"Acco Index Tab, Economy",Office Supplies,Binders
7963,"Enermax Mouse, USB",Technology,Accessories
3167,Fluorescent Highlighters by Dixon,Office Supplies,Art
8234,"Verbatim 25 GB 6x Blu-ray Single Layer Recordable Disc, 1/Pack",Technology,Accessories
3800,Tuff Stuff Recycled Round Ring Binders,Office Supplies,Binders
5976,"Novimex Legal Exhibit Labels, 5000 Label Set",Office Supplies,Labels
9887,"Motorola Signal Booster, Cordless",Technology,Phones
2060,Bevis Round Conference Table Top & Single Column Base,Furniture,Tables
6917,"Eldon Folders, Industrial",Office Supplies,Storage
7099,"Smead File Cart, Single Width",Office Supplies,Storage
1061,"Deflect-O Frame, Erganomic",Furniture,Furnishings
3849,"Wilson Jones Binding Machine, Durable",Office Supplies,Binders
6650,"Xerox Memo Slips, Recycled",Office Supplies,Paper
6922,"Eldon Shelving, Single Width",Office Supplies,Storage
6916,"Fellowes Trays, Wire Frame",Office Supplies,Storage
3550,"Avery Binder, Economy",Office Supplies,Binders
4503,"Kraft Clasp Envelope, Security-Tint",Office Supplies,Envelopes
9246,"Okidata Printer, Red",Technology,Machines
6962,"Rogers Lockers, Industrial",Office Supplies,Storage
7529,"Acme Shears, Easy Grip",Office Supplies,Supplies
7423,"Acme Shears, Easy Grip",Office Supplies,Supplies
2401,Belkin 7 Outlet SurgeMaster II,Office Supplies,Appliances
7509,"Kleencut Scissors, High Speed",Office Supplies,Supplies
3532,Acco D-Ring Binder w/DublLock,Office Supplies,Binders
9911,iOttie HLCRIO102 Car Mount,Technology,Phones
3341,Newell 315,Office Supplies,Art
1236,Tensor Track Tree Floor Lamp,Furniture,Furnishings
9846,Griffin GC36547 PowerJolt SE Lightning Charger,Technology,Phones
3088,"Boston Sketch Pad, Water Color",Office Supplies,Art
9537,"Motorola Audio Dock, Cordless",Technology,Phones
7975,"Enermax Router, Programmable",Technology,Accessories
8508,"Belkin Numeric Keypad, Bluetooth",Technology,Accessories
4770,Advantus Push Pins,Office Supplies,Fasteners
5347,"Hon Removable Labels, Laser Printer Compatible",Office Supplies,Labels
8323,Maxell 4.7GB DVD-R 5/Pack,Technology,Accessories
68,"Bush Stackable Bookrack, Mobile",Furniture,Bookcases
1721,"Hon Training Table, Adjustable Height",Furniture,Tables
10162,"Cisco Headset, VoIP",Technology,Phones
3374,"Avery File Folder Labels, Alphabetical",Office Supplies,Labels
6686,"Rogers Folders, Blue",Office Supplies,Storage
4167,"Cuisinart Blender, White",Office Supplies,Appliances
4016,"BIC Pens, Easy-Erase",Office Supplies,Art
3782,"Acco Binder Covers, Clear",Office Supplies,Binders
8217,"Enermax Keyboard, Bluetooth",Technology,Accessories
9428,"StarTech Inkjet, Wireless",Technology,Machines
88,"Sauder Classic Bookcase, Mobile",Furniture,Bookcases
449,"Bush Stackable Bookrack, Traditional",Furniture,Bookcases
3095,"Stanley Canvas, Easy-Erase",Office Supplies,Art
753,Office Star - Ergonomically Designed Knee Chair,Furniture,Chairs
3702,"Ibico Binder, Recycled",Office Supplies,Binders
2638,"Cuisinart Coffee Grinder, Silver",Office Supplies,Appliances
2960,"BIC Pens, Fluorescent",Office Supplies,Art
3249,"Stanley Pencil Sharpener, Water Color",Office Supplies,Art
4203,"Eldon Folders, Industrial",Office Supplies,Storage
4443,"Kraft Peel and Seal, with clear poly window",Office Supplies,Envelopes
2243,"Accos Paper Clips, Metal",Office Supplies,Fasteners
3660,"Cardinal Slant-D Ring Binder, Heavy Gauge Vinyl",Office Supplies,Binders
4058,"Boston Pens, Blue",Office Supplies,Art
9293,"StarTech Receipt Printer, White",Technology,Machines
7974,"Memorex Memory Card, USB",Technology,Accessories
2152,"Barricks 18"" x 48"" Non-Folding Utility Table with Bottom Storage Shelf",Furniture,Tables
2302,"Advantus Push Pins, 12 Pack",Office Supplies,Fasteners
1141,"Rubbermaid Light Bulb, Duo Pack",Furniture,Furnishings
5304,"Hamilton Beach Stove, Red",Office Supplies,Appliances
3844,"Avery 3 1/2"" Diskette Storage Pages, 10/Pack",Office Supplies,Binders
3619,"Acco Pressboard Covers with Storage Hooks, 14 7/8"" x 11"", Dark Blue",Office Supplies,Binders
3664,Acco Hanging Data Binders,Office Supplies,Binders
8349,"Memorex Router, Erganomic",Technology,Accessories
140,"Bush Library with Doors, Pine",Furniture,Bookcases
9534,"Motorola Speaker Phone, Cordless",Technology,Phones
8663,"Hewlett Personal Copier, Color",Technology,Copiers
709,HON 5400 Series Task Chairs for Big and Tall,Furniture,Chairs
1677,"Harbour Creations Chairmat, Adjustable",Furniture,Chairs
6978,"Smead Shelving, Single Width",Office Supplies,Storage
7577,"Acme Trimmer, High Speed",Office Supplies,Supplies
1142,"Deflect-O Photo Frame, Erganomic",Furniture,Furnishings
9043,"Hewlett Fax Machine, Laser",Technology,Copiers
4421,"Jiffy Business Envelopes, Recycled",Office Supplies,Envelopes
6068,Xerox 189,Office Supplies,Paper
3699,Clear Mylar Reinforcing Strips,Office Supplies,Binders
7751,"Elite Trimmer, Steel",Office Supplies,Supplies
1506,Nu-Dell Leatherette Frames,Furniture,Furnishings
1490,"Deflect-O Door Stop, Durable",Furniture,Furnishings
5080,"Advantus Paper Clips, Assorted Sizes",Office Supplies,Fasteners
4775,"Accos Clamps, Assorted Sizes",Office Supplies,Fasteners
10231,"SanDisk Mouse, USB",Technology,Accessories
6619,"Wirebound Message Books, Two 4 1/4"" x 5"" Forms per Page",Office Supplies,Paper
7919,"Maxell 74 Minute CD-R Spindle, 50/Pack",Technology,Accessories
6309,Xerox 1897,Office Supplies,Paper
6538,Xerox 1965,Office Supplies,Paper
3641,Wilson Jones Custom Binder Spines & Labels,Office Supplies,Binders
1522,Westinghouse Clip-On Gooseneck Lamps,Furniture,Furnishings
5857,"Avery File Folder Labels, 5000 Label Set",Office Supplies,Labels
3198,Newell 348,Office Supplies,Art
8976,"Sharp Fax Machine, Digital",Technology,Copiers
5296,"Hamilton Beach Stove, Black",Office Supplies,Appliances
1016,Hon Every-Day Series Multi-Task Chairs,Furniture,Chairs
8068,"Memorex Memory Card, Bluetooth",Technology,Accessories
2921,"Boston Pencil Sharpener, Easy-Erase",Office Supplies,Art
350,"Ikea Stackable Bookrack, Metal",Furniture,Bookcases
634,Global Troy Executive Leather Low-Back Tilter,Furniture,Chairs
8542,"Canon Ink, High-Speed",Technology,Copiers
6474,"Enermax Note Cards, Premium",Office Supplies,Paper
90,"Ikea Stackable Bookrack, Metal",Furniture,Bookcases
10115,"Cisco Headset, Cordless",Technology,Phones
9779,"Nokia Headset, Full Size",Technology,Phones
1374,"Advantus Door Stop, Black",Furniture,Furnishings
3216,"Binney & Smith Canvas, Easy-Erase",Office Supplies,Art
3052,Newell 334,Office Supplies,Art
4560,"Inter-Office Recycled Envelopes, Brown Kraft, Button-String,10"" x 13"" , 100/Box",Office Supplies,Envelopes
7348,"Stiletto Shears, Easy Grip",Office Supplies,Supplies
4024,"BIC Highlighters, Easy-Erase",Office Supplies,Art
4940,"OIC Paper Clips, Bulk Pack",Office Supplies,Fasteners
3456,Acco Economy Flexible Poly Round Ring Binder,Office Supplies,Binders
8878,"Brother Wireless Fax, High-Speed",Technology,Copiers
7118,Eldon Mobile Mega Data Cart  Mega Stackable  Add-On Trays,Office Supplies,Storage
8204,Logitech G602 Wireless Gaming Mouse,Technology,Accessories
2193,Safco Drafting Table,Furniture,Tables
1269,"Deflect-O Clock, Duo Pack",Furniture,Furnishings
3170,Newell 32,Office Supplies,Art
3420,"Ibico Hole Reinforcements, Economy",Office Supplies,Binders
3884,"Avery Hole Reinforcements, Clear",Office Supplies,Binders
3049,"Premium Writing Pencils, Soft, #2 by Central Association for the Blind",Office Supplies,Art
3496,"Acco Hole Reinforcements, Durable",Office Supplies,Binders
8147,Microsoft Natural Keyboard Elite,Technology,Accessories
6345,"Green Bar Computer Printout Paper, Multicolor",Office Supplies,Paper
3811,"Wilson Jones Binding Machine, Economy",Office Supplies,Binders
8057,Case Logic 2.4GHz Wireless Keyboard,Technology,Accessories
6832,"Rogers Trays, Blue",Office Supplies,Storage
3820,"Wilson Jones Binder Covers, Durable",Office Supplies,Binders
7812,Acme Softgrip Scissors,Office Supplies,Supplies
8158,Imation 8gb Micro Traveldrive Usb 2.0 Flash Drive,Technology,Accessories
9862,"Cisco Headset, Full Size",Technology,Phones
5087,"Stockwell Push Pins, Metal",Office Supplies,Fasteners
5726,"Harbour Creations Shipping Labels, Laser Printer Compatible",Office Supplies,Labels
6145,"Xerox Parchment Paper, 8.5 x 11",Office Supplies,Paper
7823,"Fiskars Box Cutter, Steel",Office Supplies,Supplies
3725,"Acco Hole Reinforcements, Durable",Office Supplies,Binders
2872,Newell 324,Office Supplies,Art
3796,"Ibico Binder, Recycled",Office Supplies,Binders
4602,"Ames Interoffice Envelope, Set of 50",Office Supplies,Envelopes
3909,"Wilson Jones 3-Hole Punch, Durable",Office Supplies,Binders
8957,"Hewlett Fax Machine, High-Speed",Technology,Copiers
10219,"Samsung Smart Phone, with Caller ID",Technology,Phones
8547,"Canon Copy Machine, High-Speed",Technology,Copiers
7427,High Speed Automatic Electric Letter Opener,Office Supplies,Supplies
5725,"Hon Shipping Labels, 5000 Label Set",Office Supplies,Labels
6924,"Fellowes Personal Hanging Folder Files, Navy",Office Supplies,Storage
1594,Staples,Furniture,Furnishings
5876,"Hon Removable Labels, 5000 Label Set",Office Supplies,Labels
5526,"Hon Color Coded Labels, Laser Printer Compatible",Office Supplies,Labels
4115,"Cameo Clasp Envelope, Security-Tint",Office Supplies,Envelopes
8973,"Brother Copy Machine, High-Speed",Technology,Copiers
9763,Apple iPhone 5S,Technology,Phones
841,Hon 2090 “Pillow Soft” Series Mid Back Swivel/Tilt Chairs,Furniture,Chairs
672,"SAFCO Chairmat, Adjustable",Furniture,Chairs
491,"Bush Library with Doors, Traditional",Furniture,Bookcases
8751,"Sharp Copy Machine, Color",Technology,Copiers
5755,Avery 485,Office Supplies,Labels
8138,Memorex Micro Travel Drive 16 GB,Technology,Accessories
6282,"Eaton Cards & Envelopes, Premium",Office Supplies,Paper
1557,Tensor Computer Mounted Lamp,Furniture,Furnishings
10211,"Samsung Audio Dock, VoIP",Technology,Phones
8445,Logitech Illuminated Ultrathin Keyboard with Backlighting,Technology,Accessories
7299,"Belkin 19"" Vented Equipment Shelf, Black",Office Supplies,Storage
8250,"Belkin Numeric Keypad, Erganomic",Technology,Accessories
565,"Metal Folding Chairs, Beige, 4/Carton",Furniture,Chairs
10238,"SanDisk Memory Card, Erganomic",Technology,Accessories
7724,"Stiletto Ruler, High Speed",Office Supplies,Supplies
1195,"DAX Cubicle Frames, 8-1/2 x 11",Furniture,Furnishings
3583,GBC Premium Transparent Covers with Diagonal Lined Pattern,Office Supplies,Binders
1627,DAX Clear Channel Poster Frame,Furniture,Furnishings
3609,GBC Instant Index System for Binding Systems,Office Supplies,Binders
5253,"GlobeWeis Mailers, with clear poly window",Office Supplies,Envelopes
2653,Acco 6 Outlet Guardian Standard Surge Suppressor,Office Supplies,Appliances
208,"Bush Library with Doors, Traditional",Furniture,Bookcases
8230,WD My Passport Ultra 2TB Portable External Hard Drive,Technology,Accessories
10103,"Samsung Speaker Phone, Cordless",Technology,Phones
8984,"HP Fax and Copier, Digital",Technology,Copiers
7269,"Rogers Shelving, Industrial",Office Supplies,Storage
9137,"Okidata Receipt Printer, White",Technology,Machines
8622,"HP Wireless Fax, Digital",Technology,Copiers
7955,"Belkin Router, Programmable",Technology,Accessories
3183,"Stanley Canvas, Blue",Office Supplies,Art
8232,"Enermax Memory Card, Bluetooth",Technology,Accessories
5927,"Avery Round Labels, Laser Printer Compatible",Office Supplies,Labels
9227,"Konica Phone, Red",Technology,Machines
7222,"Fellowes Shelving, Blue",Office Supplies,Storage
6375,Xerox 1956,Office Supplies,Paper
9211,"Epson Calculator, Red",Technology,Machines
6399,"SanDisk Parchment Paper, Recycled",Office Supplies,Paper
4877,"Accos Paper Clips, Assorted Sizes",Office Supplies,Fasteners
3395,"Wilson Jones 3-Hole Punch, Clear",Office Supplies,Binders
2142,"Hon Computer Table, Fully Assembled",Furniture,Tables
981,"Office Star Rocking Chair, Black",Furniture,Chairs
4495,"Cameo Mailers, Recycled",Office Supplies,Envelopes
1513,"DataProducts Ampli Magnifier Task Lamp, Black,",Furniture,Furnishings
4307,"#10- 4 1/8"" x 9 1/2"" Recycled Envelopes",Office Supplies,Envelopes
4523,"Jiffy Interoffice Envelope, Recycled",Office Supplies,Envelopes
6925,"Fellowes Box, Single Width",Office Supplies,Storage
104,"Sauder Corner Shelving, Traditional",Furniture,Bookcases
3777,"Ibico Binding Machine, Economy",Office Supplies,Binders
6461,"Green Bar Parchment Paper, Recycled",Office Supplies,Paper
5497,"Harbour Creations Color Coded Labels, Laser Printer Compatible",Office Supplies,Labels
4799,"OIC Colored Binder Clips, Assorted Sizes",Office Supplies,Fasteners
656,"Office Star Swivel Stool, Adjustable",Furniture,Chairs
1347,"Eldon Photo Frame, Black",Furniture,Furnishings
8170,"Memorex Keyboard, Erganomic",Technology,Accessories
5094,"Stockwell Push Pins, 12 Pack",Office Supplies,Fasteners
9028,"Epson Calculator, Red",Technology,Machines
2995,"BIC Highlighters, Fluorescent",Office Supplies,Art
4450,"Ames Business Envelopes, Recycled",Office Supplies,Envelopes
2529,"Cuisinart Stove, Red",Office Supplies,Appliances
2671,"KitchenAid Microwave, White",Office Supplies,Appliances
7087,"Fellowes Lockers, Wire Frame",Office Supplies,Storage
300,"Rush Hierlooms Collection 1"" Thick Stackable Bookcases",Furniture,Bookcases
3255,"Binney & Smith Highlighters, Water Color",Office Supplies,Art
9582,"Okidata Calculator, White",Technology,Machines
8998,"Enermax Flash Drive, Programmable",Technology,Accessories
3549,"Avery Binder, Durable",Office Supplies,Binders
4936,"OIC Push Pins, Assorted Sizes",Office Supplies,Fasteners
5696,"Novimex Round Labels, Laser Printer Compatible",Office Supplies,Labels
1601,"Deflect-O Door Stop, Erganomic",Furniture,Furnishings
1415,"Eldon Photo Frame, Erganomic",Furniture,Furnishings
3435,"Acco Binder, Durable",Office Supplies,Binders
8588,"Brother Fax and Copier, Color",Technology,Copiers
9155,"Konica Card Printer, Red",Technology,Machines
1793,"Office Star Executive Leather Armchair, Adjustable",Furniture,Chairs
1850,"SAFCO Executive Leather Armchair, Red",Furniture,Chairs
854,"Harbour Creations Steel Folding Chair, Set of Two",Furniture,Chairs
8076,"Belkin Flash Drive, Programmable",Technology,Accessories
4154,"Cuisinart Microwave, Silver",Office Supplies,Appliances
5364,"Hoover Coffee Grinder, White",Office Supplies,Appliances
4626,"Ames Peel and Seal, Recycled",Office Supplies,Envelopes
318,"Safco Library with Doors, Traditional",Furniture,Bookcases
7361,"Stiletto Box Cutter, Serrated",Office Supplies,Supplies
4151,"Cardinal Binding Machine, Recycled",Office Supplies,Binders
8326,"Memorex Numeric Keypad, Erganomic",Technology,Accessories
6337,Xerox 1916,Office Supplies,Paper
2292,"Acme Scissors, High Speed",Office Supplies,Supplies
3956,Wilson Jones data.warehouse D-Ring Binders with DublLock,Office Supplies,Binders
3383,"Avery Binder, Recycled",Office Supplies,Binders
3382,"Avery Binder Covers, Economy",Office Supplies,Binders
8989,"Enermax Mouse, Bluetooth",Technology,Accessories
5512,Self-Adhesive Address Labels for Typewriters by Universal,Office Supplies,Labels
5315,"Harbour Creations Round Labels, Alphabetical",Office Supplies,Labels
7330,"Stanley Pencil Sharpener, Easy-Erase",Office Supplies,Art
4825,"Acco Clips to Go Binder Clips, 24 Clips in Two Sizes",Office Supplies,Fasteners
7005,Smead Adjustable Mobile File Trolley with Lockable Top,Office Supplies,Storage
1843,"SAFCO Executive Leather Armchair, Black",Furniture,Chairs
10251,"Sharp Fax Machine, Color",Technology,Copiers
6714,"Sanford Sketch Pad, Fluorescent",Office Supplies,Art
525,"Hon Bag Chairs, Red",Furniture,Chairs
7903,"Xerox Note Cards, Recycled",Office Supplies,Paper
9250,"Konica Card Printer, Durable",Technology,Machines
7483,"Elite Trimmer, Serrated",Office Supplies,Supplies
7765,"Acme Trimmer, Steel",Office Supplies,Supplies
8395,"Memorex Keyboard, USB",Technology,Accessories
506,"Bush 3-Shelf Cabinet, Mobile",Furniture,Bookcases
5006,"OIC Rubber Bands, Assorted Sizes",Office Supplies,Fasteners
4572,"Cameo Clasp Envelope, Recycled",Office Supplies,Envelopes
4041,"Binney & Smith Markers, Easy-Erase",Office Supplies,Art
4576,"GlobeWeis Interoffice Envelope, Recycled",Office Supplies,Envelopes
2878,"Sanford Highlighters, Fluorescent",Office Supplies,Art
5596,"Hon Legal Exhibit Labels, Laser Printer Compatible",Office Supplies,Labels
4180,"Eaton Parchment Paper, 8.5 x 11",Office Supplies,Paper
8267,Memorex Micro Travel Drive 4 GB,Technology,Accessories
2245,"Accos Thumb Tacks, Metal",Office Supplies,Fasteners
5380,"Ibico Index Tab, Economy",Office Supplies,Binders
2228,"Tenex Light Bulb, Durable",Furniture,Furnishings
211,"Dania Library with Doors, Metal",Furniture,Bookcases
5355,"Hoover Refrigerator, Black",Office Supplies,Appliances
2328,"Ames Interoffice Envelope, Set of 50",Office Supplies,Envelopes
326,"Ikea Floating Shelf Set, Metal",Furniture,Bookcases
1733,"Ikea Library with Doors, Mobile",Furniture,Bookcases
2158,BoxOffice By Design Rectangular and Half-Moon Meeting Room Tables,Furniture,Tables
7593,"Acme Letter Opener, Steel",Office Supplies,Supplies
750,"Hon Steel Folding Chair, Red",Furniture,Chairs
688,"Novimex Rocking Chair, Black",Furniture,Chairs
715,"SAFCO Rocking Chair, Adjustable",Furniture,Chairs
10018,"Apple Headset, Full Size",Technology,Phones
1757,"Novimex Rocking Chair, Red",Furniture,Chairs
6173,"Green Bar Cards & Envelopes, Multicolor",Office Supplies,Paper
6180,White Computer Printout Paper by Universal,Office Supplies,Paper
3098,"Sanford Pencil Sharpener, Water Color",Office Supplies,Art
7632,Acme Box Cutter Scissors,Office Supplies,Supplies
1427,"Deflect-O Clock, Black",Furniture,Furnishings
4271,"Cameo Business Envelopes, Security-Tint",Office Supplies,Envelopes
5828,"Smead Legal Exhibit Labels, Adjustable",Office Supplies,Labels
6152,Xerox 1884,Office Supplies,Paper
7883,"Wilson Jones 3-Hole Punch, Clear",Office Supplies,Binders
3104,"Boston Pens, Easy-Erase",Office Supplies,Art
5765,"Hon Legal Exhibit Labels, 5000 Label Set",Office Supplies,Labels
7882,"Wilson Jones Binder Covers, Clear",Office Supplies,Binders
2688,"Bravo II Megaboss 12-Amp Hard Body Upright, Replacement Belts, 2 Belts per Pack",Office Supplies,Appliances
225,"Bush Library with Doors, Metal",Furniture,Bookcases
2682,Hoover WindTunnel Plus Canister Vacuum,Office Supplies,Appliances
9993,"Samsung Speaker Phone, with Caller ID",Technology,Phones
1744,"Ikea Corner Shelving, Mobile",Furniture,Bookcases
1739,"Ikea Corner Shelving, Metal",Furniture,Bookcases
6122,Xerox 1934,Office Supplies,Paper
9879,Panasonic KX T7731-B Digital phone,Technology,Phones
8195,Maxell 4.7GB DVD-R,Technology,Accessories
10026,"Apple Speaker Phone, Full Size",Technology,Phones
9622,"Panasonic Calculator, Red",Technology,Machines
9569,"Nokia Audio Dock, with Caller ID",Technology,Phones
9225,"Panasonic Calculator, White",Technology,Machines
7018,"Rogers Lockers, Industrial",Office Supplies,Storage
5235,"GlobeWeis Manila Envelope, with clear poly window",Office Supplies,Envelopes
5021,"Accos Push Pins, Bulk Pack",Office Supplies,Fasteners
7136,"Tenex Trays, Industrial",Office Supplies,Storage
3020,"Sanford Markers, Water Color",Office Supplies,Art
7034,"Safco Wire Cube Shelving System, For Use as 4 or 5 14"" Cubes, Black",Office Supplies,Storage
2467,Eureka The Boss Cordless Rechargeable Stick Vac,Office Supplies,Appliances
7914,"Xerox Note Cards, Premium",Office Supplies,Paper
1046,"Dania 3-Shelf Cabinet, Traditional",Furniture,Bookcases
8543,"Canon Ink, Color",Technology,Copiers
684,"Novimex Bag Chairs, Adjustable",Furniture,Chairs
6759,"Smead Shelving, Industrial",Office Supplies,Storage
5599,"Smead Legal Exhibit Labels, Laser Printer Compatible",Office Supplies,Labels
4258,"Ames Clasp Envelope, with clear poly window",Office Supplies,Envelopes
5382,"Ibico Binding Machine, Recycled",Office Supplies,Binders
5792,"Hon Shipping Labels, Laser Printer Compatible",Office Supplies,Labels
4596,"GlobeWeis Clasp Envelope, Security-Tint",Office Supplies,Envelopes
2904,Newell 329,Office Supplies,Art
974,"Hon Rocking Chair, Red",Furniture,Chairs
8734,"HP Wireless Fax, Color",Technology,Copiers
6132,"Enermax Cards & Envelopes, Recycled",Office Supplies,Paper
9071,"HP Personal Copier, Digital",Technology,Copiers
1974,"SAFCO PlanMaster Heigh-Adjustable Drafting Table Base, 43w x 30d x 30-37h, Black",Furniture,Tables
9896,"Plantronics CS 50-USB - headset - Convertible, Monaural",Technology,Phones
890,"Global Value Steno Chair, Gray",Furniture,Chairs
1255,"Advantus Door Stop, Durable",Furniture,Furnishings
8090,"Memorex Numeric Keypad, Bluetooth",Technology,Accessories
4032,"BIC Canvas, Easy-Erase",Office Supplies,Art
3308,Boston KS Multi-Size Manual Pencil Sharpener,Office Supplies,Art
3767,"Avery Binder, Clear",Office Supplies,Binders
6119,"Eaton Message Books, 8.5 x 11",Office Supplies,Paper
4117,"Cameo Interoffice Envelope, Recycled",Office Supplies,Envelopes
3279,"Binney & Smith inkTank Erasable Pocket Highlighter, Chisel Tip, Yellow",Office Supplies,Art
4737,"OIC Staples, Metal",Office Supplies,Fasteners
5978,"Novimex Legal Exhibit Labels, Laser Printer Compatible",Office Supplies,Labels
5942,"Hon Shipping Labels, Adjustable",Office Supplies,Labels
8405,Logitech Desktop MK120 Mouse and keyboard Combo,Technology,Accessories
5961,"Novimex File Folder Labels, Laser Printer Compatible",Office Supplies,Labels
8414,Logitech G700s Rechargeable Gaming Mouse,Technology,Accessories
7960,"Memorex Router, Bluetooth",Technology,Accessories
7020,"Fellowes Lockers, Single Width",Office Supplies,Storage
4746,"OIC Rubber Bands, Assorted Sizes",Office Supplies,Fasteners
2223,"Tenex Light Bulb, Black",Furniture,Furnishings
2868,"Sanford Markers, Blue",Office Supplies,Art
5511,"Avery Color Coded Labels, Laser Printer Compatible",Office Supplies,Labels
1315,"Tenex Light Bulb, Black",Furniture,Furnishings
8923,Sharp AL-1530CS Digital Copier,Technology,Copiers
8704,Sharp 1540cs Digital Laser Copier,Technology,Copiers
9889,AT&T 1070 Corded Phone,Technology,Phones
6842,Advantus Rolling Drawer Organizers,Office Supplies,Storage
9169,"Konica Calculator, Red",Technology,Machines
1216,"Rubbermaid Clock, Black",Furniture,Furnishings
2585,"Acco Smartsocket Table Surge Protector, 6 Color-Coded Adapter Outlets",Office Supplies,Appliances
86,O'Sullivan 2-Shelf Heavy-Duty Bookcases,Furniture,Bookcases
4642,"GlobeWeis Clasp Envelope, Recycled",Office Supplies,Envelopes
6151,"Eaton Message Books, Recycled",Office Supplies,Paper
1342,Dana Halogen Swing-Arm Architect Lamp,Furniture,Furnishings
1299,"Eldon Delta Triangular Chair Mat, 52"" x 58"", Clear",Furniture,Furnishings
2766,Fellowes Superior 10 Outlet Split Surge Protector,Office Supplies,Appliances
8112,SanDisk Ultra 64 GB MicroSDHC Class 10 Memory Card,Technology,Accessories
4445,Globe Weis Peel & Seel First Class Envelopes,Office Supplies,Envelopes
1352,Nu-Dell Float Frame 11 x 14 1/2,Furniture,Furnishings
2333,"Ames Peel and Seal, Security-Tint",Office Supplies,Envelopes
3444,"Ibico Hole Reinforcements, Economy",Office Supplies,Binders
3451,"Acco Hole Reinforcements, Economy",Office Supplies,Binders
6696,"SanDisk Parchment Paper, Recycled",Office Supplies,Paper
3854,"Cardinal Index Tab, Economy",Office Supplies,Binders
1075,"Eldon Photo Frame, Erganomic",Furniture,Furnishings
3352,"Avery Shipping Labels, Laser Printer Compatible",Office Supplies,Labels
8713,"Sharp Fax Machine, High-Speed",Technology,Copiers
10100,"Samsung Smart Phone, Cordless",Technology,Phones
2412,"Hoover Stove, Red",Office Supplies,Appliances
8696,"Sharp Copy Machine, Laser",Technology,Copiers
3970,Ibico Ibimaster 300 Manual Binding System,Office Supplies,Binders
1703,"Hon Executive Leather Armchair, Black",Furniture,Chairs
451,"Bush Floating Shelf Set, Mobile",Furniture,Bookcases
9871,"Apple Audio Dock, Full Size",Technology,Phones
3130,"Boston Sketch Pad, Blue",Office Supplies,Art
2525,"KitchenAid Toaster, White",Office Supplies,Appliances
4515,"Kraft Interoffice Envelope, Recycled",Office Supplies,Envelopes
1659,"Deflect-O Photo Frame, Duo Pack",Furniture,Furnishings
9633,Jawbone MINI JAMBOX Wireless Bluetooth Speaker,Technology,Phones
6536,"SanDisk Parchment Paper, Recycled",Office Supplies,Paper
2340,"Ames Business Envelopes, Security-Tint",Office Supplies,Envelopes
1603,"Advantus Stacking Tray, Black",Furniture,Furnishings
1619,"Deflect-O Clock, Erganomic",Furniture,Furnishings
6674,"Rogers File Cart, Industrial",Office Supplies,Storage
6763,"Smead File Folder Labels, Alphabetical",Office Supplies,Labels
6274,Xerox 21,Office Supplies,Paper
5885,"Smead File Folder Labels, 5000 Label Set",Office Supplies,Labels
6234,Great White Multi-Use Recycled Paper (20Lb. and 84 Bright),Office Supplies,Paper
3801,"Cardinal Hole Reinforcements, Recycled",Office Supplies,Binders
5515,Avery 494,Office Supplies,Labels
5174,"Super Bands, 12/Pack",Office Supplies,Fasteners
2338,"Ames Clasp Envelope, Set of 50",Office Supplies,Envelopes
9938,"Cisco Smart Phone, Cordless",Technology,Phones
8477,"Apple Smart Phone, Full Size",Technology,Phones
8295,"SanDisk Router, USB",Technology,Accessories
7846,"Acme Trimmer, Steel",Office Supplies,Supplies
2553,"KitchenAid Coffee Grinder, Red",Office Supplies,Appliances
7039,"Smead Trays, Blue",Office Supplies,Storage
9576,"Nokia Signal Booster, Full Size",Technology,Phones
9514,"Memorex Numeric Keypad, Bluetooth",Technology,Accessories
5816,"Smead Color Coded Labels, Laser Printer Compatible",Office Supplies,Labels
2238,"Accos Push Pins, Metal",Office Supplies,Fasteners
3239,"Boston Pencil Sharpener, Water Color",Office Supplies,Art
5400,"Jiffy Business Envelopes, Recycled",Office Supplies,Envelopes
9048,"Hewlett Wireless Fax, High-Speed",Technology,Copiers
8638,"Hewlett Wireless Fax, High-Speed",Technology,Copiers
3156,"Sanford Markers, Water Color",Office Supplies,Art
3438,"Ibico Binding Machine, Recycled",Office Supplies,Binders
8479,"Apple Signal Booster, with Caller ID",Technology,Phones
7265,Tennsco Single-Tier Lockers,Office Supplies,Storage
735,"Hon Rocking Chair, Set of Two",Furniture,Chairs
6614,"Enermax Memo Slips, Multicolor",Office Supplies,Paper
9179,"Okidata Calculator, Wireless",Technology,Machines
8026,"Enermax Numeric Keypad, Bluetooth",Technology,Accessories
7830,"Fiskars Shears, High Speed",Office Supplies,Supplies
7206,"Rogers Trays, Single Width",Office Supplies,Storage
3218,"Boston Markers, Water Color",Office Supplies,Art
5332,"Hon Legal Exhibit Labels, Laser Printer Compatible",Office Supplies,Labels
9370,"StarTech Calculator, Durable",Technology,Machines
5176,"Vinyl Coated Wire Paper Clips in Organizer Box, 800/Box",Office Supplies,Fasteners
3250,Sanford 52201 APSCO Electric Pencil Sharpener,Office Supplies,Art
4558,"Jiffy Clasp Envelope, with clear poly window",Office Supplies,Envelopes
1518,"Eldon Image Series Desk Accessories, Ebony",Furniture,Furnishings
5881,"Avery File Folder Labels, Alphabetical",Office Supplies,Labels
8629,"Hewlett Copy Machine, Laser",Technology,Copiers
8699,"Canon Fax and Copier, Laser",Technology,Copiers
10037,BlackBerry Q10,Technology,Phones
7950,"Belkin Flash Drive, Bluetooth",Technology,Accessories
5280,"Green Bar Cards & Envelopes, 8.5 x 11",Office Supplies,Paper
3744,"Performers Binder/Pad Holder, Black",Office Supplies,Binders
2576,Acco Smartsocket Color-Coded Six-Outlet AC Adapter Model Surge Protectors,Office Supplies,Appliances
2914,"BIC Sketch Pad, Fluorescent",Office Supplies,Art
6402,"SanDisk Cards & Envelopes, Recycled",Office Supplies,Paper
3060,"BIC Pens, Fluorescent",Office Supplies,Art
5281,"Green Bar Computer Printout Paper, Multicolor",Office Supplies,Paper
483,"Bush 3-Shelf Cabinet, Traditional",Furniture,Bookcases
5456,"Kleencut Letter Opener, Easy Grip",Office Supplies,Supplies
9616,"Panasonic Card Printer, White",Technology,Machines
1395,"Deflect-O Door Stop, Erganomic",Furniture,Furnishings
5447,"Kleencut Trimmer, High Speed",Office Supplies,Supplies
7275,"Fellowes Folders, Wire Frame",Office Supplies,Storage
3288,Bulldog Vacuum Base Pencil Sharpener,Office Supplies,Art
7405,"Stockwell Paper Clips, Bulk Pack",Office Supplies,Fasteners
8331,"Belkin Flash Drive, Programmable",Technology,Accessories
9303,"Epson Phone, Durable",Technology,Machines
3405,Acco Translucent Poly Ring Binders,Office Supplies,Binders
4585,"Cameo Interoffice Envelope, Set of 50",Office Supplies,Envelopes
6046,Xerox 229,Office Supplies,Paper
7411,"Stockwell Clamps, 12 Pack",Office Supplies,Fasteners
5144,"Advantus Thumb Tacks, Bulk Pack",Office Supplies,Fasteners
7456,Acco Side-Punched Conventional Columnar Pads,Office Supplies,Supplies
825,"Hon Rocking Chair, Black",Furniture,Chairs
3709,"Ibico Binding Machine, Durable",Office Supplies,Binders
8558,"Cisco Speaker Phone, with Caller ID",Technology,Phones
3123,"Boston Canvas, Fluorescent",Office Supplies,Art
6921,"Smead Box, Industrial",Office Supplies,Storage
7366,"Stockwell Staples, Bulk Pack",Office Supplies,Fasteners
636,"Hon Swivel Stool, Black",Furniture,Chairs
554,"SAFCO Swivel Stool, Red",Furniture,Chairs
8005,"Enermax Numeric Keypad, Erganomic",Technology,Accessories
10025,"Apple Office Telephone, VoIP",Technology,Phones
7270,"Smead Lockers, Single Width",Office Supplies,Storage
8148,"SanDisk Keyboard, Erganomic",Technology,Accessories
2654,Tripp Lite TLP810NET Broadband Surge for Modem/Fax,Office Supplies,Appliances
892,Novimex Fabric Task Chair,Furniture,Chairs
9062,"HP Copy Machine, Color",Technology,Copiers
4553,"GlobeWeis Manila Envelope, Set of 50",Office Supplies,Envelopes
6052,Xerox 1955,Office Supplies,Paper
362,"Safco Stackable Bookrack, Mobile",Furniture,Bookcases
2156,"Lesro Wood Table, Fully Assembled",Furniture,Tables
3644,Premium Transparent Presentation Covers by GBC,Office Supplies,Binders
6030,Xerox 1925,Office Supplies,Paper
6344,"Eaton Parchment Paper, Multicolor",Office Supplies,Paper
2309,"Advantus Rubber Bands, 12 Pack",Office Supplies,Fasteners
5225,"Fiskars Ruler, High Speed",Office Supplies,Supplies
4675,"Ames Mailers, Recycled",Office Supplies,Envelopes
7612,"Elite Ruler, High Speed",Office Supplies,Supplies
3680,Avery Heavy-Duty EZD  Binder With Locking Rings,Office Supplies,Binders
7887,"Wilson Jones Binder, Recycled",Office Supplies,Binders
9765,"Nokia Smart Phone, Cordless",Technology,Phones
8772,"Brother Ink, Color",Technology,Copiers
591,"Hon Rocking Chair, Adjustable",Furniture,Chairs
9909,"Nokia Audio Dock, Cordless",Technology,Phones
6953,"Tenex File Cart, Single Width",Office Supplies,Storage
7863,"Tenex File Cart, Blue",Office Supplies,Storage
8035,"Belkin Numeric Keypad, Erganomic",Technology,Accessories
1133,"Advantus Light Bulb, Durable",Furniture,Furnishings
248,"Bush 3-Shelf Cabinet, Pine",Furniture,Bookcases
5822,"Harbour Creations File Folder Labels, Laser Printer Compatible",Office Supplies,Labels
9827,"Nokia Audio Dock, Cordless",Technology,Phones
1090,"Eldon Photo Frame, Black",Furniture,Furnishings
5166,"Advantus Rubber Bands, 12 Pack",Office Supplies,Fasteners
7406,"Stockwell Thumb Tacks, Bulk Pack",Office Supplies,Fasteners
4219,"Eldon Folders, Wire Frame",Office Supplies,Storage
1683,"Harbour Creations Steel Folding Chair, Black",Furniture,Chairs
1047,"Dania Library with Doors, Metal",Furniture,Bookcases
1408,"Deflect-O Door Stop, Black",Furniture,Furnishings
8001,Logitech Gaming G510s - Keyboard,Technology,Accessories
8636,"Canon Fax Machine, Color",Technology,Copiers
6193,"SanDisk Parchment Paper, 8.5 x 11",Office Supplies,Paper
9093,"Konica Phone, Red",Technology,Machines
4228,"Elite Box Cutter, Easy Grip",Office Supplies,Supplies
4415,"Jiffy Mailers, Set of 50",Office Supplies,Envelopes
2978,"BIC Sketch Pad, Blue",Office Supplies,Art
4201,"Eldon Trays, Industrial",Office Supplies,Storage
8094,"Belkin Flash Drive, Erganomic",Technology,Accessories
6096,Xerox 1929,Office Supplies,Paper
4382,"Kraft Peel and Seal, Set of 50",Office Supplies,Envelopes
4158,"Cuisinart Toaster, Red",Office Supplies,Appliances
6228,Xerox 203,Office Supplies,Paper
5266,"Green Bar Note Cards, Premium",Office Supplies,Paper
4055,"Binney & Smith Pencil Sharpener, Easy-Erase",Office Supplies,Art
6684,"Rogers Box, Industrial",Office Supplies,Storage
4976,Colored Push Pins,Office Supplies,Fasteners
8619,"Sharp Copy Machine, Color",Technology,Copiers
2468,"Hoover Microwave, Black",Office Supplies,Appliances
7277,"Fellowes Lockers, Industrial",Office Supplies,Storage
8889,"Canon Fax Machine, Color",Technology,Copiers
9895,"Cisco Speaker Phone, Cordless",Technology,Phones
2655,"KitchenAid Coffee Grinder, Black",Office Supplies,Appliances
8248,"Belkin Keyboard, Erganomic",Technology,Accessories
4582,"Kraft Manila Envelope, Recycled",Office Supplies,Envelopes
9431,"Epson Phone, Wireless",Technology,Machines
3684,"Acco Binder, Clear",Office Supplies,Binders
6111,"Enermax Parchment Paper, 8.5 x 11",Office Supplies,Paper
3576,"Cardinal 3-Hole Punch, Clear",Office Supplies,Binders
4900,"Advantus Thumb Tacks, Assorted Sizes",Office Supplies,Fasteners
4983,"Advantus Paper Clips, Assorted Sizes",Office Supplies,Fasteners
4584,"Cameo Interoffice Envelope, Security-Tint",Office Supplies,Envelopes
3348,"Avery Legal Exhibit Labels, Adjustable",Office Supplies,Labels
5484,"Kraft Clasp Envelope, Recycled",Office Supplies,Envelopes
2270,"Acco Binder Covers, Recycled",Office Supplies,Binders
313,"Sauder Library with Doors, Traditional",Furniture,Bookcases
9770,"Motorola Headset, VoIP",Technology,Phones
405,"Sauder Classic Bookcase, Pine",Furniture,Bookcases
2444,"Cuisinart Refrigerator, White",Office Supplies,Appliances
4296,"Ames Mailers, Recycled",Office Supplies,Envelopes
8282,"Memorex Mouse, Erganomic",Technology,Accessories
3601,"Acco Binder, Economy",Office Supplies,Binders
3612,GBC DocuBind P50 Personal Binding Machine,Office Supplies,Binders
3474,Satellite Sectional Post Binders,Office Supplies,Binders
897,"Office Star Swivel Stool, Set of Two",Furniture,Chairs
5393,"Ibico Binding Machine, Economy",Office Supplies,Binders
1812,"Rubbermaid Light Bulb, Erganomic",Furniture,Furnishings
6336,"Enermax Parchment Paper, Premium",Office Supplies,Paper
7821,Acme Kleencut Forged Steel Scissors,Office Supplies,Supplies
5585,"Avery Round Labels, Laser Printer Compatible",Office Supplies,Labels
5182,"Stockwell Paper Clips, Assorted Sizes",Office Supplies,Fasteners
3335,Turquoise Lead Holder with Pocket Clip,Office Supplies,Art
4529,"Jiffy Manila Envelope, Set of 50",Office Supplies,Envelopes
461,"Dania Library with Doors, Mobile",Furniture,Bookcases
3569,GBC DocuBind TL300 Electric Binding System,Office Supplies,Binders
7278,"Eldon Shelving, Single Width",Office Supplies,Storage
5227,"Fiskars Letter Opener, Easy Grip",Office Supplies,Supplies
2272,"Accos Staples, Assorted Sizes",Office Supplies,Fasteners
5214,"Fiskars Ruler, Easy Grip",Office Supplies,Supplies
4700,"GlobeWeis Peel and Seal, Recycled",Office Supplies,Envelopes
6041,Riverleaf Stik-Withit Designer Note Cubes,Office Supplies,Paper
5114,"Advantus Thumb Tacks, Bulk Pack",Office Supplies,Fasteners
124,"Bush Floating Shelf Set, Traditional",Furniture,Bookcases
2910,"Stanley Pencil Sharpener, Easy-Erase",Office Supplies,Art
6841,"Eldon Folders, Blue",Office Supplies,Storage
1536,"Advantus Photo Frame, Black",Furniture,Furnishings
9898,"Samsung Office Telephone, Cordless",Technology,Phones
1218,"Eldon Clock, Duo Pack",Furniture,Furnishings
973,"Harbour Creations Chairmat, Red",Furniture,Chairs
6974,"Tenex File Cart, Single Width",Office Supplies,Storage
6919,"Smead Box, Wire Frame",Office Supplies,Storage
5546,"Novimex File Folder Labels, Laser Printer Compatible",Office Supplies,Labels
8653,"HP Fax Machine, Digital",Technology,Copiers
2373,"KitchenAid Microwave, Silver",Office Supplies,Appliances
9411,"StarTech Card Printer, White",Technology,Machines
9769,"Motorola Headset, Full Size",Technology,Phones
9463,"Panasonic Phone, Durable",Technology,Machines
3580,"Avery Binding Machine, Durable",Office Supplies,Binders
4806,"OIC Thumb Tacks, 12 Pack",Office Supplies,Fasteners
5889,"Novimex File Folder Labels, Adjustable",Office Supplies,Labels
4937,"OIC Clamps, Metal",Office Supplies,Fasteners
7752,Acme Serrated Blade Letter Opener,Office Supplies,Supplies
3129,Faber Castell Col-Erase Pencils,Office Supplies,Art
6264,Xerox 1899,Office Supplies,Paper
9539,"Motorola Signal Booster, VoIP",Technology,Phones
216,"Dania Corner Shelving, Mobile",Furniture,Bookcases
6158,Xerox 1988,Office Supplies,Paper
9642,Cisco SPA525G2 IP Phone - Wireless,Technology,Phones
971,"Office Star Steel Folding Chair, Set of Two",Furniture,Chairs
829,"Hon Chairmat, Black",Furniture,Chairs
6617,Personal Creations Ink Jet Cards and Labels,Office Supplies,Paper
9891,"Motorola Headset, Cordless",Technology,Phones
6530,Xerox 1994,Office Supplies,Paper
6007,Xerox 1931,Office Supplies,Paper
7365,"Stiletto Scissors, Steel",Office Supplies,Supplies
7941,"Belkin Memory Card, Programmable",Technology,Accessories
6273,Xerox 1993,Office Supplies,Paper
6261,Xerox 1976,Office Supplies,Paper
7809,Acme Titanium Bonded Scissors,Office Supplies,Supplies
5312,"Harbour Creations File Folder Labels, 5000 Label Set",Office Supplies,Labels
1473,Regeneration Desk Collection,Furniture,Furnishings
9151,"Konica Receipt Printer, Red",Technology,Machines
8485,"Apple Smart Phone, Cordless",Technology,Phones
848,"Office Star Executive Leather Armchair, Adjustable",Furniture,Chairs
8614,"Brother Personal Copier, Digital",Technology,Copiers
411,"Ikea Floating Shelf Set, Pine",Furniture,Bookcases
10116,"Motorola Speaker Phone, Full Size",Technology,Phones
7072,"Eldon Lockers, Industrial",Office Supplies,Storage
2791,"Binney & Smith Pencil Sharpener, Easy-Erase",Office Supplies,Art
1101,"Tenex Light Bulb, Duo Pack",Furniture,Furnishings
9519,"Memorex Memory Card, USB",Technology,Accessories
1730,"Ikea 3-Shelf Cabinet, Metal",Furniture,Bookcases
6164,"Enermax Note Cards, 8.5 x 11",Office Supplies,Paper
4061,"Boston Pens, Easy-Erase",Office Supplies,Art
5452,"Kleencut Shears, Steel",Office Supplies,Supplies
9559,"Nokia Office Telephone, Full Size",Technology,Phones
7323,"Stanley Markers, Easy-Erase",Office Supplies,Art
496,"Bush 3-Shelf Cabinet, Pine",Furniture,Bookcases
1614,G.E. Longer-Life Indoor Recessed Floodlight Bulbs,Furniture,Furnishings
2965,"Sanford Highlighters, Water Color",Office Supplies,Art
4116,"Cameo Manila Envelope, with clear poly window",Office Supplies,Envelopes
4188,"Eaton Memo Slips, Premium",Office Supplies,Paper
7915,"Xerox Parchment Paper, Premium",Office Supplies,Paper
3312,"Sanford Highlighters, Water Color",Office Supplies,Art
7876,"Wilson Jones Hole Reinforcements, Recycled",Office Supplies,Binders
258,"Sauder Stackable Bookrack, Pine",Furniture,Bookcases
10138,"Motorola Speaker Phone, with Caller ID",Technology,Phones
934,"Novimex Steel Folding Chair, Adjustable",Furniture,Chairs
722,"Harbour Creations Swivel Stool, Set of Two",Furniture,Chairs
8628,"HP Fax Machine, High-Speed",Technology,Copiers
517,"Office Star Rocking Chair, Set of Two",Furniture,Chairs
8191,SanDisk Cruzer 32 GB USB Flash Drive,Technology,Accessories
8376,"Memorex Numeric Keypad, Bluetooth",Technology,Accessories
7569,"Kleencut Ruler, Easy Grip",Office Supplies,Supplies
6351,"Xerox Memo Slips, Premium",Office Supplies,Paper
5616,"Harbour Creations File Folder Labels, Alphabetical",Office Supplies,Labels
1221,"Advantus Door Stop, Erganomic",Furniture,Furnishings
7236,Portable Personal File Box,Office Supplies,Storage
6662,Xerox 1921,Office Supplies,Paper
6665,Xerox 23,Office Supplies,Paper
3663,"Wilson Jones Elliptical Ring 3 1/2"" Capacity Binders, 800 sheets",Office Supplies,Binders
1824,"Rubbermaid Clock, Duo Pack",Furniture,Furnishings
2246,"Acco 3-Hole Punch, Durable",Office Supplies,Binders
7586,"Acme Scissors, Steel",Office Supplies,Supplies
4454,"Redi-Strip #10 Envelopes, 4 1/8 x 9 1/2",Office Supplies,Envelopes
4622,"Jiffy Peel and Seal, Set of 50",Office Supplies,Envelopes
1205,"Eldon 200 Class Desk Accessories, Smoke",Furniture,Furnishings
3904,Insertable Tab Indexes For Data Binders,Office Supplies,Binders
881,"Novimex Executive Leather Armchair, Black",Furniture,Chairs
2690,"Cuisinart Refrigerator, White",Office Supplies,Appliances
8916,"Canon Fax Machine, High-Speed",Technology,Copiers
7831,"Stiletto Trimmer, Steel",Office Supplies,Supplies
8863,"HP Personal Copier, High-Speed",Technology,Copiers
1386,"Rubbermaid Door Stop, Duo Pack",Furniture,Furnishings
2829,"Binney & Smith Canvas, Fluorescent",Office Supplies,Art
4393,"GlobeWeis Clasp Envelope, Security-Tint",Office Supplies,Envelopes
5139,"Advantus Rubber Bands, Metal",Office Supplies,Fasteners
4760,"Stockwell Push Pins, Metal",Office Supplies,Fasteners
5478,"Kraft Clasp Envelope, with clear poly window",Office Supplies,Envelopes
7888,"Wilson Jones Index Tab, Clear",Office Supplies,Binders
3236,Newell 340,Office Supplies,Art
5749,"Novimex Removable Labels, Adjustable",Office Supplies,Labels
6302,Xerox 1978,Office Supplies,Paper
6371,Avoid Verbal Orders Carbonless Minifold Book,Office Supplies,Paper
2116,Bretford CR8500 Series Meeting Room Furniture,Furniture,Tables
9675,GE 30522EE2,Technology,Phones
8033,"Logitech Router, Bluetooth",Technology,Accessories
6966,"Smead File Cart, Single Width",Office Supplies,Storage
437,"Bush Stackable Bookrack, Pine",Furniture,Bookcases
692,"Novimex Rocking Chair, Set of Two",Furniture,Chairs
9837,Cisco SPA 501G IP Phone,Technology,Phones
8097,"Memorex Numeric Keypad, Erganomic",Technology,Accessories
2554,"Hoover Coffee Grinder, Red",Office Supplies,Appliances
1385,"Master Caster Door Stop, Large Neon Orange",Furniture,Furnishings
7557,"Fiskars Scissors, Easy Grip",Office Supplies,Supplies
7709,"Acme Shears, Serrated",Office Supplies,Supplies
3669,"Wilson Jones Hanging View Binder, White, 1""",Office Supplies,Binders
1858,"SAFCO Steel Folding Chair, Adjustable",Furniture,Chairs
1596,"Tenex Clock, Durable",Furniture,Furnishings
5808,"Hon Round Labels, Adjustable",Office Supplies,Labels
8645,"Hewlett Ink, High-Speed",Technology,Copiers
8181,"Belkin Memory Card, USB",Technology,Accessories
7101,"Tenex Shelving, Blue",Office Supplies,Storage
8223,"SanDisk Keyboard, Bluetooth",Technology,Accessories
2007,Balt Solid Wood Rectangular Table,Furniture,Tables
6161,"Green Bar Message Books, Recycled",Office Supplies,Paper
9744,"Samsung Office Telephone, with Caller ID",Technology,Phones
5175,"Accos Clamps, Metal",Office Supplies,Fasteners
7940,"SanDisk Numeric Keypad, USB",Technology,Accessories
5492,"Kraft Clasp Envelope, Set of 50",Office Supplies,Envelopes
6611,Xerox 1940,Office Supplies,Paper
4377,Jiffy Padded Mailers with Self-Seal Closure,Office Supplies,Envelopes
6408,Xerox 1986,Office Supplies,Paper
4205,"Eldon Box, Wire Frame",Office Supplies,Storage
1024,"Chromcraft Computer Table, Adjustable Height",Furniture,Tables
5371,"Hoover Stove, Silver",Office Supplies,Appliances
4184,"Eaton Cards & Envelopes, 8.5 x 11",Office Supplies,Paper
2026,"Chromcraft Round Table, Adjustable Height",Furniture,Tables
9712,"Cisco Audio Dock, VoIP",Technology,Phones
7302,"Eldon File Cart, Single Width",Office Supplies,Storage
511,"Bush Classic Bookcase, Mobile",Furniture,Bookcases
4020,"BIC Pencil Sharpener, Water Color",Office Supplies,Art
5,"Advantus Frame, Duo Pack",Furniture,Furnishings
3112,"Binney & Smith Markers, Easy-Erase",Office Supplies,Art
7317,"Tenex Trays, Blue",Office Supplies,Storage
7137,"Eldon Shelving, Blue",Office Supplies,Storage
7788,"Stiletto Shears, Serrated",Office Supplies,Supplies
5968,"Novimex Legal Exhibit Labels, Alphabetical",Office Supplies,Labels
7326,"Stanley Highlighters, Water Color",Office Supplies,Art
7647,"Fiskars Trimmer, High Speed",Office Supplies,Supplies
2209,"Tenex Light Bulb, Duo Pack",Furniture,Furnishings
2314,"Advantus Paper Clips, Assorted Sizes",Office Supplies,Fasteners
3692,Wilson Jones Standard D-Ring Binders,Office Supplies,Binders
5505,"Harbour Creations Round Labels, 5000 Label Set",Office Supplies,Labels
4114,"Cameo Clasp Envelope, Recycled",Office Supplies,Envelopes
3378,"Avery Round Labels, Adjustable",Office Supplies,Labels
2342,"Ames Clasp Envelope, Recycled",Office Supplies,Envelopes
3783,"Avery Hole Reinforcements, Recycled",Office Supplies,Binders
2205,"Chromcraft Wood Table, Rectangular",Furniture,Tables
6818,"Fellowes Lockers, Industrial",Office Supplies,Storage
8894,"Sharp Ink, Digital",Technology,Copiers
4008,"Ibico 3-Hole Punch, Recycled",Office Supplies,Binders
6455,"Eaton Cards & Envelopes, Multicolor",Office Supplies,Paper
8819,"Sharp Fax Machine, High-Speed",Technology,Copiers
6845,"Tenex Box, Blue",Office Supplies,Storage
2809,"Sanford Highlighters, Water Color",Office Supplies,Art
757,"Office Star Rocking Chair, Red",Furniture,Chairs
6645,"Xerox Note Cards, Premium",Office Supplies,Paper
2297,"Acme Scissors, Steel",Office Supplies,Supplies
6577,"Xerox Memo Slips, Recycled",Office Supplies,Paper
8092,KeyTronic KT400U2 - Keyboard - Black,Technology,Accessories
5780,"Novimex Removable Labels, 5000 Label Set",Office Supplies,Labels
4878,"Stockwell Thumb Tacks, 12 Pack",Office Supplies,Fasteners
4838,"OIC Staples, Assorted Sizes",Office Supplies,Fasteners
1908,"Chromcraft Round Table, Fully Assembled",Furniture,Tables
7148,"Tenex Lockers, Blue",Office Supplies,Storage
6584,"Xerox Computer Printout Paper, 8.5 x 11",Office Supplies,Paper
610,"Harbour Creations Executive Leather Armchair, Black",Furniture,Chairs
8475,"Apple Signal Booster, Full Size",Technology,Phones
402,"Sauder Classic Bookcase, Metal",Furniture,Bookcases
1245,"Deflect-O Door Stop, Black",Furniture,Furnishings
2446,"Breville Coffee Grinder, Silver",Office Supplies,Appliances
7117,"Tenex Folders, Single Width",Office Supplies,Storage
6557,Xerox 216,Office Supplies,Paper
7663,"Acme Scissors, Serrated",Office Supplies,Supplies
3889,"Ibico Index Tab, Durable",Office Supplies,Binders
2873,"BIC Pencil Sharpener, Fluorescent",Office Supplies,Art
3982,Wilson Jones Hanging Recycled Pressboard Data Binders,Office Supplies,Binders
3264,"BOSTON Model 1800 Electric Pencil Sharpeners, Putty/Woodgrain",Office Supplies,Art
2854,"Boston Pencil Sharpener, Fluorescent",Office Supplies,Art
3756,Prestige Round Ring Binders,Office Supplies,Binders
1716,"Hon Conference Table, Fully Assembled",Furniture,Tables
1957,"Hon Computer Table, with Bottom Storage",Furniture,Tables
7199,"Tenex Lockers, Single Width",Office Supplies,Storage
642,"SAFCO Steel Folding Chair, Black",Furniture,Chairs
7142,"Eldon Shelving, Wire Frame",Office Supplies,Storage
9281,Epson TM-T88V Direct Thermal Printer - Monochrome - Desktop,Technology,Machines
443,"Sauder 3-Shelf Cabinet, Mobile",Furniture,Bookcases
675,"Office Star Chairmat, Adjustable",Furniture,Chairs
1048,"Dania Stackable Bookrack, Mobile",Furniture,Bookcases
613,"Harbour Creations Rocking Chair, Black",Furniture,Chairs
1105,"Tenex Door Stop, Durable",Furniture,Furnishings
7795,"Kleencut Scissors, Easy Grip",Office Supplies,Supplies
3103,"Binney & Smith Sketch Pad, Fluorescent",Office Supplies,Art
8337,"Enermax Keyboard, Erganomic",Technology,Accessories
9796,"Apple Headset, Cordless",Technology,Phones
1302,"Eldon Photo Frame, Black",Furniture,Furnishings
3574,"Cardinal 3-Hole Punch, Economy",Office Supplies,Binders
1305,"Deflect-O Clock, Duo Pack",Furniture,Furnishings
1357,"Tenex Carpeted, Granite-Look or Clear Contemporary Contour Shape Chair Mats",Furniture,Furnishings
7911,"Xerox Cards & Envelopes, Premium",Office Supplies,Paper
5334,"Hon Legal Exhibit Labels, Adjustable",Office Supplies,Labels
4060,"Boston Canvas, Blue",Office Supplies,Art
7328,"Stanley Canvas, Water Color",Office Supplies,Art
3362,"Avery Binder Covers, Durable",Office Supplies,Binders
6057,"SanDisk Memo Slips, 8.5 x 11",Office Supplies,Paper
1811,"Rubbermaid Photo Frame, Durable",Furniture,Furnishings
6843,"Fellowes Folders, Industrial",Office Supplies,Storage
8060,"SanDisk Numeric Keypad, Bluetooth",Technology,Accessories
8105,"SanDisk Flash Drive, Programmable",Technology,Accessories
6996,"Eldon Box, Single Width",Office Supplies,Storage
6058,Staples,Office Supplies,Paper
7589,"Stiletto Ruler, Serrated",Office Supplies,Supplies
5157,"Advantus Push Pins, Bulk Pack",Office Supplies,Fasteners
3092,SANFORD Major Accent Highlighters,Office Supplies,Art
1204,"Advantus Light Bulb, Black",Furniture,Furnishings
5058,"Stockwell Clamps, 12 Pack",Office Supplies,Fasteners
3786,"Cardinal Hole Reinforcements, Durable",Office Supplies,Binders
5569,"Novimex Round Labels, 5000 Label Set",Office Supplies,Labels
4895,"Advantus Push Pins, 12 Pack",Office Supplies,Fasteners
5256,"GlobeWeis Clasp Envelope, Security-Tint",Office Supplies,Envelopes
5548,"Harbour Creations Round Labels, Adjustable",Office Supplies,Labels
8980,"Brother Ink, High-Speed",Technology,Copiers
271,"Bush 3-Shelf Cabinet, Mobile",Furniture,Bookcases
7469,"Kleencut Trimmer, Serrated",Office Supplies,Supplies
7217,"Rogers Box, Wire Frame",Office Supplies,Storage
5549,"Hon Round Labels, Laser Printer Compatible",Office Supplies,Labels
3898,GBC VeloBinder Strips,Office Supplies,Binders
198,"Ikea 3-Shelf Cabinet, Traditional",Furniture,Bookcases
368,"Safco Floating Shelf Set, Mobile",Furniture,Bookcases
5735,"Smead Legal Exhibit Labels, 5000 Label Set",Office Supplies,Labels
2954,"Boston Canvas, Blue",Office Supplies,Art
1340,Telescoping Adjustable Floor Lamp,Furniture,Furnishings
9248,"Okidata Card Printer, Durable",Technology,Machines
4570,"Jiffy Mailers, Recycled",Office Supplies,Envelopes
2218,"Tenex Photo Frame, Black",Furniture,Furnishings
4569,"GlobeWeis Business Envelopes, Set of 50",Office Supplies,Envelopes
7646,"Fiskars Letter Opener, Easy Grip",Office Supplies,Supplies
6205,"Green Bar Message Books, 8.5 x 11",Office Supplies,Paper
4805,"Advantus Rubber Bands, 12 Pack",Office Supplies,Fasteners
3951,"Wilson Jones Index Tab, Durable",Office Supplies,Binders
6762,"Smead Folders, Blue",Office Supplies,Storage
6104,"Green Bar Memo Slips, Premium",Office Supplies,Paper
7924,"Logitech Mouse, USB",Technology,Accessories
5521,"Smead Round Labels, Laser Printer Compatible",Office Supplies,Labels
8453,"Logitech Keyboard, Programmable",Technology,Accessories
2663,"Breville Stove, White",Office Supplies,Appliances
8615,"HP Fax Machine, Color",Technology,Copiers
377,"Bush 3-Shelf Cabinet, Metal",Furniture,Bookcases
8859,"Hewlett Ink, Digital",Technology,Copiers
8683,"Sharp Fax and Copier, Laser",Technology,Copiers
8544,"Canon Fax Machine, Digital",Technology,Copiers
756,"Harbour Creations Swivel Stool, Black",Furniture,Chairs
1136,"Rubbermaid Clock, Duo Pack",Furniture,Furnishings
54,"Dania Classic Bookcase, Pine",Furniture,Bookcases
5215,"Fiskars Scissors, Steel",Office Supplies,Supplies
8430,"Logitech Flash Drive, USB",Technology,Accessories
955,"Harbour Creations Rocking Chair, Set of Two",Furniture,Chairs
7999,"Enermax Flash Drive, Erganomic",Technology,Accessories
3685,"Acco Binder, Durable",Office Supplies,Binders
3509,"Avery Hole Reinforcements, Clear",Office Supplies,Binders
7286,"Smead Trays, Industrial",Office Supplies,Storage
1512,"Tenex Light Bulb, Erganomic",Furniture,Furnishings
1626,"3M Polarizing Task Lamp with Clamp Arm, Light Gray",Furniture,Furnishings
9488,StarTech.com 10/100 VDSL2 Ethernet Extender Kit,Technology,Machines
9696,Panasonic KX TS3282B Corded phone,Technology,Phones
2153,"Riverside Furniture Oval Coffee Table, Oval End Table, End Table with Drawer",Furniture,Tables
10262,"Sharp Wireless Fax, Laser",Technology,Copiers
6840,"Fellowes File Cart, Blue",Office Supplies,Storage
5381,"Ibico Binder Covers, Economy",Office Supplies,Binders
9847,AT&T EL51110 DECT,Technology,Phones
5092,"Accos Rubber Bands, 12 Pack",Office Supplies,Fasteners
7325,"Stanley Pencil Sharpener, Water Color",Office Supplies,Art
3510,"GBC Laser Imprintable Binding System Covers, Desert Sand",Office Supplies,Binders
4962,"Stockwell Rubber Bands, Metal",Office Supplies,Fasteners
2310,"Advantus Rubber Bands, Assorted Sizes",Office Supplies,Fasteners
3616,"Ibico Binder Covers, Recycled",Office Supplies,Binders
3930,Avery Legal 4-Ring Binder,Office Supplies,Binders
1203,DAX Natural Wood-Tone Poster Frame,Furniture,Furnishings
3453,Avery Recycled Flexi-View Covers for Binding Systems,Office Supplies,Binders
8219,Belkin Standard 104 key USB Keyboard,Technology,Accessories
10027,invisibleSHIELD by ZAGG Smudge-Free Screen Protector,Technology,Phones
4949,"Accos Push Pins, 12 Pack",Office Supplies,Fasteners
9094,"Konica Calculator, Wireless",Technology,Machines
7778,"Acme Design Line 8"" Stainless Steel Bent Scissors w/Champagne Handles, 3-1/8"" Cut",Office Supplies,Supplies
4010,"BIC Markers, Blue",Office Supplies,Art
4823,Acco Hot Clips Clips to Go,Office Supplies,Fasteners
6038,Xerox 2000,Office Supplies,Paper
7154,Akro-Mils 12-Gallon Tote,Office Supplies,Storage
3392,"Angle-D Binders with Locking Rings, Label Holders",Office Supplies,Binders
9181,Lexmark MX611dhe Monochrome Laser Printer,Technology,Machines
48,"Bevis Wood Table, with Bottom Storage",Furniture,Tables
1679,"Harbour Creations Executive Leather Armchair, Adjustable",Furniture,Chairs
2614,"KitchenAid Stove, Black",Office Supplies,Appliances
471,"Ikea Classic Bookcase, Traditional",Furniture,Bookcases
943,SAFCO Arco Folding Chair,Furniture,Chairs
2834,"Hunt PowerHouse Electric Pencil Sharpener, Blue",Office Supplies,Art
9128,"Epson WorkForce WF-2530 All-in-One Printer, Copier Scanner",Technology,Machines
2567,"Hamilton Beach Stove, Silver",Office Supplies,Appliances
215,"Sauder Corner Shelving, Traditional",Furniture,Bookcases
8774,"Brother Copy Machine, Color",Technology,Copiers
2588,Kensington 7 Outlet MasterPiece Power Center,Office Supplies,Appliances
8380,"Logitech Memory Card, Programmable",Technology,Accessories
6077,"Snap-A-Way Black Print Carbonless Ruled Speed Letter, Triplicate",Office Supplies,Paper
10065,JBL Micro Wireless Portable Bluetooth Speaker,Technology,Phones
3921,"Avery Binding Machine, Economy",Office Supplies,Binders
944,Global Super Steno Chair,Furniture,Chairs
6726,"SanDisk Cards & Envelopes, Recycled",Office Supplies,Paper
7321,"Stanley Canvas, Fluorescent",Office Supplies,Art
2771,"Holmes Replacement Filter for HEPA Air Cleaner, Medium Room",Office Supplies,Appliances
4944,Advantus Plastic Paper Clips,Office Supplies,Fasteners
3450,"Acco 3-Hole Punch, Recycled",Office Supplies,Binders
6360,"Enermax Memo Slips, Premium",Office Supplies,Paper
6569,"Xerox Message Books, Multicolor",Office Supplies,Paper
8063,Logitech Wireless Touch Keyboard K400,Technology,Accessories
3682,"Avery Binder Covers, Durable",Office Supplies,Binders
5232,"Fiskars Box Cutter, Steel",Office Supplies,Supplies
2534,Black & Decker Filter for Double Action Dustbuster Cordless Vac BLDV7210,Office Supplies,Appliances
7049,Pizazz Global Quick File,Office Supplies,Storage
5162,"OIC Thumb Tacks, 12 Pack",Office Supplies,Fasteners
8379,Memorex Froggy Flash Drive 4 GB,Technology,Accessories
6680,"Rogers Folders, Single Width",Office Supplies,Storage
3073,"Boston Pens, Blue",Office Supplies,Art
5152,"Advantus Staples, Assorted Sizes",Office Supplies,Fasteners
3153,Prang Colored Pencils,Office Supplies,Art
3295,BIC Brite Liner Highlighters,Office Supplies,Art
5097,"Accos Thumb Tacks, Assorted Sizes",Office Supplies,Fasteners
3497,"Acco PRESSTEX Data Binder with Storage Hooks, Light Blue, 9 1/2"" X 11""",Office Supplies,Binders
5002,Ideal Clamps,Office Supplies,Fasteners
3357,"Avery Binder, Clear",Office Supplies,Binders
9267,"3D Systems Cube Printer, 2nd Generation, White",Technology,Machines
884,Global Italian Leather Office Chair,Furniture,Chairs
8582,"Brother Fax Machine, Laser",Technology,Copiers
8759,"Brother Personal Copier, Color",Technology,Copiers
4356,"Kraft Interoffice Envelope, Security-Tint",Office Supplies,Envelopes
339,"Safco Stackable Bookrack, Traditional",Furniture,Bookcases
686,"SAFCO Steel Folding Chair, Red",Furniture,Chairs
6881,"Tenex Trays, Blue",Office Supplies,Storage
1389,Nu-Dell Executive Frame,Furniture,Furnishings
3115,"BIC Pencil Sharpener, Easy-Erase",Office Supplies,Art
9903,Polycom SoundPoint IP 450 VoIP phone,Technology,Phones
1552,"Rubbermaid Door Stop, Black",Furniture,Furnishings
2869,Newell 320,Office Supplies,Art
5860,Alphabetical Labels for Top Tab Filing,Office Supplies,Labels
8152,Rosewill 107 Normal Keys USB Wired Standard Keyboard,Technology,Accessories
2523,"Hamilton Beach Coffee Grinder, White",Office Supplies,Appliances
7297,"Eldon Folders, Industrial",Office Supplies,Storage
2812,"Stanley Pens, Water Color",Office Supplies,Art
6631,Advantus Motivational Note Cards,Office Supplies,Paper
6413,"Enermax Message Books, Premium",Office Supplies,Paper
6120,Xerox 210,Office Supplies,Paper
4817,"Advantus Staples, Assorted Sizes",Office Supplies,Fasteners
5852,"Smead Removable Labels, Adjustable",Office Supplies,Labels
5556,"Novimex File Folder Labels, Laser Printer Compatible",Office Supplies,Labels
3213,"Boston Canvas, Water Color",Office Supplies,Art
9710,"Apple Speaker Phone, Full Size",Technology,Phones
10202,"Samsung Signal Booster, Cordless",Technology,Phones
866,"Harbour Creations Bag Chairs, Black",Furniture,Chairs
2756,Kensington 6 Outlet Guardian Standard Surge Protector,Office Supplies,Appliances
4504,Peel & Seel Envelopes,Office Supplies,Envelopes
8807,"Hewlett Ink, Laser",Technology,Copiers
2463,"Hamilton Beach Toaster, Red",Office Supplies,Appliances
4212,"Eldon Folders, Single Width",Office Supplies,Storage
1553,"Deflect-o DuraMat Lighweight, Studded, Beveled Mat for Low Pile Carpeting",Furniture,Furnishings
55,"Bush Library with Doors, Pine",Furniture,Bookcases
8420,"Belkin Router, Erganomic",Technology,Accessories
7487,"Fiskars Shears, High Speed",Office Supplies,Supplies
9579,"Okidata Inkjet, Durable",Technology,Machines
9172,"Konica Inkjet, White",Technology,Machines
595,"SAFCO Swivel Stool, Adjustable",Furniture,Chairs
6897,"Smead File Cart, Blue",Office Supplies,Storage
8016,"Belkin Mouse, Bluetooth",Technology,Accessories
1276,"Tenex Frame, Black",Furniture,Furnishings
175,"Bush Corner Shelving, Metal",Furniture,Bookcases
2485,Fellowes 8 Outlet Superior Workstation Surge Protector,Office Supplies,Appliances
3287,"Stanley Markers, Blue",Office Supplies,Art
7750,"Stiletto Letter Opener, Easy Grip",Office Supplies,Supplies
8949,"Brother Copy Machine, Color",Technology,Copiers
8009,"Belkin Mouse, Bluetooth",Technology,Accessories
3691,"Premier Elliptical Ring Binder, Black",Office Supplies,Binders
1157,"Rubbermaid Light Bulb, Erganomic",Furniture,Furnishings
8359,"Memorex Numeric Keypad, Erganomic",Technology,Accessories
5210,"Fellowes Trays, Wire Frame",Office Supplies,Storage
5268,"Green Bar Note Cards, Multicolor",Office Supplies,Paper
6126,"Enermax Computer Printout Paper, Multicolor",Office Supplies,Paper
8080,SanDisk Cruzer 16 GB USB Flash Drive,Technology,Accessories
1496,"Seth Thomas 8 1/2"" Cubicle Clock",Furniture,Furnishings
4195,"Eaton Note Cards, 8.5 x 11",Office Supplies,Paper
6109,"Enermax Cards & Envelopes, Recycled",Office Supplies,Paper
9112,"Logitech Flash Drive, Bluetooth",Technology,Accessories
5693,"Hon Round Labels, 5000 Label Set",Office Supplies,Labels
6781,"Smead Legal Exhibit Labels, 5000 Label Set",Office Supplies,Labels
3890,Wilson Jones Impact Binders,Office Supplies,Binders
5645,"Smead Round Labels, Adjustable",Office Supplies,Labels
9980,"Nokia Speaker Phone, VoIP",Technology,Phones
1933,"Bevis Conference Table, Rectangular",Furniture,Tables
8006,WD My Passport Ultra 500GB Portable External Hard Drive,Technology,Accessories
936,"Novimex Swivel Stool, Red",Furniture,Chairs
2423,"Breville Stove, Red",Office Supplies,Appliances
4357,"Jiffy Interoffice Envelope, Set of 50",Office Supplies,Envelopes
3727,"Avery Binder, Durable",Office Supplies,Binders
6905,Eldon File Chest Portable File,Office Supplies,Storage
5823,"Hon Color Coded Labels, Laser Printer Compatible",Office Supplies,Labels
3590,"Ibico Binder Covers, Economy",Office Supplies,Binders
1555,"Tenex Clock, Durable",Furniture,Furnishings
4043,"Binney & Smith Sketch Pad, Easy-Erase",Office Supplies,Art
6394,Xerox 1942,Office Supplies,Paper
1866,"SAFCO Rocking Chair, Set of Two",Furniture,Chairs
1851,"Safco Stackable Bookrack, Pine",Furniture,Bookcases
5085,"Stockwell Thumb Tacks, Assorted Sizes",Office Supplies,Fasteners
7861,"Tenex Folders, Blue",Office Supplies,Storage
7542,Acme Value Line Scissors,Office Supplies,Supplies
5054,"Accos Push Pins, Bulk Pack",Office Supplies,Fasteners
5701,"Hon Color Coded Labels, 5000 Label Set",Office Supplies,Labels
6787,"Smead Shipping Labels, Adjustable",Office Supplies,Labels
5640,"Avery Round Labels, Alphabetical",Office Supplies,Labels
5571,"Avery File Folder Labels, Adjustable",Office Supplies,Labels
6740,"Sanford Pencil Sharpener, Water Color",Office Supplies,Art
3888,Acco Suede Grain Vinyl Round Ring Binder,Office Supplies,Binders
2241,"Acco Binder, Recycled",Office Supplies,Binders
8465,"Apple Smart Phone, Full Size",Technology,Phones
9432,Ativa V4110MDD Micro-Cut Shredder,Technology,Machines
9684,Vtech CS6719,Technology,Phones
1762,"Novimex Executive Leather Armchair, Adjustable",Furniture,Chairs
711,"Harbour Creations Executive Leather Armchair, Adjustable",Furniture,Chairs
8626,"Brother Wireless Fax, Digital",Technology,Copiers
7316,"Smead Shelving, Wire Frame",Office Supplies,Storage
10260,"Sharp Fax and Copier, Digital",Technology,Copiers
6981,"Tenex Lockers, Single Width",Office Supplies,Storage
7918,"SanDisk Router, USB",Technology,Accessories
7229,"Fellowes Trays, Single Width",Office Supplies,Storage
4325,"Kraft Mailers, Recycled",Office Supplies,Envelopes
3520,"Avery Binding Machine, Recycled",Office Supplies,Binders
1321,"Tenex Photo Frame, Durable",Furniture,Furnishings
3562,"Cardinal 3-Hole Punch, Recycled",Office Supplies,Binders
6817,"Rogers Box, Blue",Office Supplies,Storage
4916,"Advantus Clamps, Bulk Pack",Office Supplies,Fasteners
4332,Staples,Office Supplies,Envelopes
3107,"BIC Markers, Fluorescent",Office Supplies,Art
4932,"OIC Thumb Tacks, 12 Pack",Office Supplies,Fasteners
8274,"Logitech Keyboard, Erganomic",Technology,Accessories
5719,"Novimex Color Coded Labels, 5000 Label Set",Office Supplies,Labels
6997,"Eldon Trays, Industrial",Office Supplies,Storage
1099,"Eldon Clock, Erganomic",Furniture,Furnishings
2433,Kensington 7 Outlet MasterPiece HOMEOFFICE Power Control Center,Office Supplies,Appliances
8360,"SanDisk Mouse, Programmable",Technology,Accessories
5935,"Avery Legal Exhibit Labels, Laser Printer Compatible",Office Supplies,Labels
2707,"Sanitaire Vibra Groomer IR Commercial Upright Vacuum, Replacement Belts",Office Supplies,Appliances
7894,"Wilson Jones Binder, Economy",Office Supplies,Binders
9785,Spigen Samsung Galaxy S5 Case Wallet,Technology,Phones
5793,Avery 51,Office Supplies,Labels
6624,Xerox 1900,Office Supplies,Paper
10073,"Cisco Headset, Full Size",Technology,Phones
3613,Trimflex Flexible Post Binders,Office Supplies,Binders
4741,Revere Boxed Rubber Bands by Revere,Office Supplies,Fasteners
4595,Colored Envelopes,Office Supplies,Envelopes
3632,Avery Poly Binder Pockets,Office Supplies,Binders
1982,"Barricks Computer Table, Fully Assembled",Furniture,Tables
8281,"Enermax Router, USB",Technology,Accessories
1186,"Tenex Frame, Durable",Furniture,Furnishings
167,"Sauder Classic Bookcase, Traditional",Furniture,Bookcases
2365,"KitchenAid Refrigerator, Red",Office Supplies,Appliances
7740,"Fiskars Box Cutter, Steel",Office Supplies,Supplies
530,"SAFCO Steel Folding Chair, Adjustable",Furniture,Chairs
7279,"Rogers File Cart, Blue",Office Supplies,Storage
2636,"Breville Blender, White",Office Supplies,Appliances
8657,"Sharp Fax and Copier, High-Speed",Technology,Copiers
2905,"Sanford Sketch Pad, Blue",Office Supplies,Art
1494,"Eldon Frame, Black",Furniture,Furnishings
6820,"Tenex Trays, Single Width",Office Supplies,Storage
6913,"Fellowes Trays, Wire Frame",Office Supplies,Storage
1394,"Tenex Stacking Tray, Black",Furniture,Furnishings
2606,"Breville Coffee Grinder, Red",Office Supplies,Appliances
1122,"Seth Thomas 16"" Steel Case Clock",Furniture,Furnishings
10269,"StarTech Calculator, Wireless",Technology,Machines
5023,"Advantus Push Pins, Assorted Sizes",Office Supplies,Fasteners
5672,"Hon Shipping Labels, Laser Printer Compatible",Office Supplies,Labels
4288,"Cameo Clasp Envelope, Set of 50",Office Supplies,Envelopes
6139,"Green Bar Message Books, Multicolor",Office Supplies,Paper
1644,"Advantus Light Bulb, Erganomic",Furniture,Furnishings
2258,"Acco Hole Reinforcements, Clear",Office Supplies,Binders
5477,"Kraft Business Envelopes, Set of 50",Office Supplies,Envelopes
1899,"Hon Training Table, Adjustable Height",Furniture,Tables
7293,"Fellowes Lockers, Single Width",Office Supplies,Storage
9255,"Konica Card Printer, Red",Technology,Machines
778,"Hon Steel Folding Chair, Adjustable",Furniture,Chairs
374,"Ikea Library with Doors, Traditional",Furniture,Bookcases
9149,"StarTech Calculator, Wireless",Technology,Machines
9970,"Apple Audio Dock, Cordless",Technology,Phones
8020,"SanDisk Memory Card, USB",Technology,Accessories
498,"Bush Stackable Bookrack, Pine",Furniture,Bookcases
2714,"Hoover Coffee Grinder, Silver",Office Supplies,Appliances
1113,"Tenex Stacking Tray, Erganomic",Furniture,Furnishings
4869,"OIC Staples, 12 Pack",Office Supplies,Fasteners
6146,"Green Bar Parchment Paper, Premium",Office Supplies,Paper
2056,"Hon Coffee Table, with Bottom Storage",Furniture,Tables
182,"Bush Stackable Bookrack, Traditional",Furniture,Bookcases
3524,"Ibico Binding Machine, Clear",Office Supplies,Binders
4353,"Tyvek Interoffice Envelopes, 9 1/2"" x 12 1/2"", 100/Box",Office Supplies,Envelopes
7634,"Kleencut Box Cutter, Serrated",Office Supplies,Supplies
1241,"Advantus Stacking Tray, Erganomic",Furniture,Furnishings
6418,Xerox 1960,Office Supplies,Paper
4648,"Ames Peel and Seal, Security-Tint",Office Supplies,Envelopes
6895,Eldon ProFile File 'N Store Portable File Tub Letter/Legal Size Black,Office Supplies,Storage
4763,"Stockwell Rubber Bands, Assorted Sizes",Office Supplies,Fasteners
8421,"Verbatim 25 GB 6x Blu-ray Single Layer Recordable Disc, 3/Pack",Technology,Accessories
1628,"Executive Impressions 12"" Wall Clock",Furniture,Furnishings
7313,Eldon Gobal File Keepers,Office Supplies,Storage
9442,Plantronics Single Ear Headset,Technology,Machines
2841,Boston 16701 Slimline Battery Pencil Sharpener,Office Supplies,Art
8036,Logitech Trackman Marble Mouse,Technology,Accessories
3850,"Acco Pressboard Covers with Storage Hooks, 14 7/8"" x 11"", Light Blue",Office Supplies,Binders
6105,Xerox 1924,Office Supplies,Paper
2975,Newell 313,Office Supplies,Art
6067,"Xerox Memo Slips, 8.5 x 11",Office Supplies,Paper
9497,"StarTech Phone, White",Technology,Machines
9200,"HP Designjet T520 Inkjet Large Format Printer - 24"" Color",Technology,Machines
9378,Xerox WorkCentre 6505DN Laser Multifunction Printer,Technology,Machines
4093,"Breville Microwave, Silver",Office Supplies,Appliances
235,"Sauder Classic Bookcase, Pine",Furniture,Bookcases
227,"Sauder 3-Shelf Cabinet, Metal",Furniture,Bookcases
8710,"Sharp Personal Copier, Digital",Technology,Copiers
2497,"Breville Blender, White",Office Supplies,Appliances
8606,"Hewlett Copy Machine, Color",Technology,Copiers
9711,"Cisco Office Telephone, Full Size",Technology,Phones
7516,"Stiletto Trimmer, Serrated",Office Supplies,Supplies
6930,"Decoflex Hanging Personal Folder File, Blue",Office Supplies,Storage
9073,"HP Copy Machine, Color",Technology,Copiers
2227,"Tenex Door Stop, Black",Furniture,Furnishings
1306,"Deflect-O Photo Frame, Black",Furniture,Furnishings
7184,Project Tote Personal File,Office Supplies,Storage
4828,"Stockwell Paper Clips, Assorted Sizes",Office Supplies,Fasteners
2179,Hon 2111 Invitation Series Straight Table,Furniture,Tables
5222,"Fiskars Letter Opener, High Speed",Office Supplies,Supplies
6450,"Eaton Message Books, 8.5 x 11",Office Supplies,Paper
3339,"Boston Pens, Easy-Erase",Office Supplies,Art
7092,"Tenex Shelving, Blue",Office Supplies,Storage
3298,"Sanford Pens, Water Color",Office Supplies,Art
5135,"Stockwell Staples, Metal",Office Supplies,Fasteners
3996,"Cardinal Binding Machine, Clear",Office Supplies,Binders
8945,"HP Wireless Fax, Color",Technology,Copiers
246,DMI Eclipse Executive Suite Bookcases,Furniture,Bookcases
9972,Panasonic KX-TG9541B DECT 6.0 Digital 2-Line Expandable Cordless Phone With Digital Answering System,Technology,Phones
8765,"HP Copy Machine, Laser",Technology,Copiers
742,"SAFCO Bag Chairs, Red",Furniture,Chairs
3828,"Avery 3-Hole Punch, Economy",Office Supplies,Binders
817,"Novimex Steel Folding Chair, Adjustable",Furniture,Chairs
1695,"Hon Coffee Table, Fully Assembled",Furniture,Tables
8993,"Enermax Router, USB",Technology,Accessories
1656,"C-Line Cubicle Keepers Polyproplyene Holder w/Velcro Back, 8-1/2x11, 25/Bx",Furniture,Furnishings
3697,"Avery Binding Machine, Clear",Office Supplies,Binders
6698,"SanDisk Message Books, 8.5 x 11",Office Supplies,Paper
975,"Harbour Creations Steel Folding Chair, Adjustable",Furniture,Chairs
2879,"BIC Pens, Easy-Erase",Office Supplies,Art
3068,"Stanley Pencil Sharpener, Water Color",Office Supplies,Art
7157,"Smead Box, Blue",Office Supplies,Storage
5246,"GlobeWeis Manila Envelope, Recycled",Office Supplies,Envelopes
9865,QVS USB Car Charger 2-Port 2.1Amp for iPod/iPhone/iPad/iPad 2/iPad 3,Technology,Phones
2478,Staples,Office Supplies,Appliances
6499,"Wirebound Message Book, 4 per Page",Office Supplies,Paper
5651,Avery 499,Office Supplies,Labels
490,"Safco Classic Bookcase, Metal",Furniture,Bookcases
8776,Canon PC1080F Personal Copier,Technology,Copiers
422,"Safco Classic Bookcase, Mobile",Furniture,Bookcases
5445,"KitchenAid Microwave, Red",Office Supplies,Appliances
9969,Nortel Meridian M3904 Professional Digital phone,Technology,Phones
9753,Polycom CX300 Desktop Phone USB VoIP phone,Technology,Phones
6189,"Eaton Note Cards, Multicolor",Office Supplies,Paper
1687,"Hon Bag Chairs, Black",Furniture,Chairs
6948,"Eldon Shelving, Blue",Office Supplies,Storage
6037,"Eaton Parchment Paper, Premium",Office Supplies,Paper
8929,"HP Ink, Laser",Technology,Copiers
1192,"Advantus Frame, Black",Furniture,Furnishings
4653,"#10 White Business Envelopes,4 1/8 x 9 1/2",Office Supplies,Envelopes
2382,Fellowes Basic Home/Office Series Surge Protectors,Office Supplies,Appliances
2999,Newell 34,Office Supplies,Art
3893,"Cardinal Hole Reinforcements, Economy",Office Supplies,Binders
3143,Boston 16801 Nautilus Battery Pencil Sharpener,Office Supplies,Art
6313,"Wirebound Four 2-3/4 x 5 Forms per Page, 400 Sets per Book",Office Supplies,Paper
3282,"Sanford Pencil Sharpener, Water Color",Office Supplies,Art
5525,"Novimex Round Labels, 5000 Label Set",Office Supplies,Labels
1210,"Tenex Door Stop, Durable",Furniture,Furnishings
6542,"While You Were Out Pads, 50 per Pad, 4 x 5 1/4, Green Cycle",Office Supplies,Paper
7854,"Tenex Folders, Single Width",Office Supplies,Storage
1293,Dana Swing-Arm Lamps,Furniture,Furnishings
7397,"Stockwell Rubber Bands, Assorted Sizes",Office Supplies,Fasteners
6788,"Smead Round Labels, Adjustable",Office Supplies,Labels
1541,"Advantus Stacking Tray, Erganomic",Furniture,Furnishings
447,"Dania Floating Shelf Set, Mobile",Furniture,Bookcases
1013,Office Star - Mid Back Dual function Ergonomic High Back Chair with 2-Way Adjustable Arms,Furniture,Chairs
7042,"Eldon Lockers, Wire Frame",Office Supplies,Storage
1940,"Lesro Wood Table, Rectangular",Furniture,Tables
2811,"Boston Pencil Sharpener, Water Color",Office Supplies,Art
8682,"HP Ink, Digital",Technology,Copiers
2874,"Boston Canvas, Water Color",Office Supplies,Art
9731,"Samsung Headset, VoIP",Technology,Phones
2327,"Ames Peel and Seal, Recycled",Office Supplies,Envelopes
9086,"Konica Calculator, White",Technology,Machines
9498,"StarTech Calculator, White",Technology,Machines
6865,"File Shuttle II and Handi-File, Black",Office Supplies,Storage
1517,"Tenex Frame, Erganomic",Furniture,Furnishings
3835,"Wilson Jones Binder, Economy",Office Supplies,Binders
1327,"Computer Room Manger, 14""",Furniture,Furnishings
6,"Advantus Frame, Erganomic",Furniture,Furnishings
1835,"SAFCO Chairmat, Adjustable",Furniture,Chairs
4876,"Stockwell Rubber Bands, 12 Pack",Office Supplies,Fasteners
3246,"Avery Hi-Liter GlideStik Fluorescent Highlighter, Yellow Ink",Office Supplies,Art
2391,"Cuisinart Stove, Silver",Office Supplies,Appliances
3536,Ibico EPK-21 Electric Binding System,Office Supplies,Binders
8714,"Hewlett Wireless Fax, Digital",Technology,Copiers
2451,"Breville Microwave, Silver",Office Supplies,Appliances
9400,"StarTech Inkjet, Wireless",Technology,Machines
337,"Dania Classic Bookcase, Metal",Furniture,Bookcases
327,"Bush Classic Bookcase, Mobile",Furniture,Bookcases
2612,"Hoover Microwave, Black",Office Supplies,Appliances
3300,"BIC Canvas, Blue",Office Supplies,Art
2754,"Hamilton Beach Coffee Grinder, Red",Office Supplies,Appliances
379,"Safco Corner Shelving, Mobile",Furniture,Bookcases
788,"Office Star Swivel Stool, Black",Furniture,Chairs
1636,"Advantus Frame, Durable",Furniture,Furnishings
6053,"Xerox Computer Printout Paper, Premium",Office Supplies,Paper
7345,"Stiletto Shears, High Speed",Office Supplies,Supplies
3643,"Acco Binding Machine, Economy",Office Supplies,Binders
7035,"Fellowes Lockers, Single Width",Office Supplies,Storage
4003,Ibico Covers for Plastic or Wire Binding Elements,Office Supplies,Binders
6070,"Enermax Computer Printout Paper, Recycled",Office Supplies,Paper
4793,"Accos Push Pins, Assorted Sizes",Office Supplies,Fasteners
4397,"Cameo Clasp Envelope, Security-Tint",Office Supplies,Envelopes
5104,"OIC Staples, Bulk Pack",Office Supplies,Fasteners
4017,"BIC Pens, Fluorescent",Office Supplies,Art
6010,"Eaton Parchment Paper, Recycled",Office Supplies,Paper
6731,"Sanford Sketch Pad, Blue",Office Supplies,Art
6652,Xerox 217,Office Supplies,Paper
1057,"Deflect-O Light Bulb, Black",Furniture,Furnishings
4790,"Stockwell Thumb Tacks, 12 Pack",Office Supplies,Fasteners
3425,GBC Instant Report Kit,Office Supplies,Binders
5325,"Harbour Creations File Folder Labels, Alphabetical",Office Supplies,Labels
232,"Ikea Classic Bookcase, Metal",Furniture,Bookcases
6979,"Gould Plastics 9-Pocket Panel Bin, 18-3/8w x 5-1/4d x 20-1/2h, Black",Office Supplies,Storage
1175,"Rubbermaid Light Bulb, Black",Furniture,Furnishings
1502,"Deflect-O Light Bulb, Erganomic",Furniture,Furnishings
8747,"Canon Wireless Fax, High-Speed",Technology,Copiers
481,"Safco Floating Shelf Set, Pine",Furniture,Bookcases
9318,"Epson Card Printer, Durable",Technology,Machines
7488,"Kleencut Scissors, Serrated",Office Supplies,Supplies
6438,Xerox 1954,Office Supplies,Paper
3761,Avery Self-Adhesive Photo Pockets for Polaroid Photos,Office Supplies,Binders
2500,"Cuisinart Microwave, Red",Office Supplies,Appliances
2563,"KitchenAid Refrigerator, Black",Office Supplies,Appliances
473,"Safco Corner Shelving, Traditional",Furniture,Bookcases
10150,"Nokia Audio Dock, with Caller ID",Technology,Phones
9671,"Apple Smart Phone, Full Size",Technology,Phones
7081,"Dual Level, Single-Width Filing Carts",Office Supplies,Storage
4812,"Stockwell Paper Clips, Assorted Sizes",Office Supplies,Fasteners
5882,"Avery Color Coded Labels, Laser Printer Compatible",Office Supplies,Labels
6462,"Enermax Memo Slips, Multicolor",Office Supplies,Paper
810,"Leather Task Chair, Black",Furniture,Chairs
9694,"Samsung Office Telephone, VoIP",Technology,Phones
723,"Harbour Creations Rocking Chair, Adjustable",Furniture,Chairs
1801,"Office Star Swivel Stool, Black",Furniture,Chairs
2548,Belkin 8 Outlet SurgeMaster II Gold Surge Protector,Office Supplies,Appliances
5681,"Avery Legal Exhibit Labels, 5000 Label Set",Office Supplies,Labels
4794,"Accos Rubber Bands, Assorted Sizes",Office Supplies,Fasteners
5821,"Smead Color Coded Labels, Alphabetical",Office Supplies,Labels
8450,"Maxell Pro 80 Minute CD-R, 10/Pack",Technology,Accessories
1622,"Eldon Stacking Tray, Duo Pack",Furniture,Furnishings
6886,"Rogers Box, Blue",Office Supplies,Storage
7733,"Stiletto Ruler, Serrated",Office Supplies,Supplies
5145,"Stockwell Staples, Metal",Office Supplies,Fasteners
7537,"Kleencut Box Cutter, Easy Grip",Office Supplies,Supplies
2486,"Acco Six-Outlet Power Strip, 4' Cord Length",Office Supplies,Appliances
2507,Hoover Commercial Lightweight Upright Vacuum,Office Supplies,Appliances
4756,"OIC Paper Clips, 12 Pack",Office Supplies,Fasteners
3704,"Wilson Jones Index Tab, Economy",Office Supplies,Binders
6658,"Enermax Memo Slips, 8.5 x 11",Office Supplies,Paper
3794,"Avery Durable Slant Ring Binders, No Labels",Office Supplies,Binders
3819,Acco 3-Hole Punch,Office Supplies,Binders
9090,"Konica Inkjet, Wireless",Technology,Machines
8708,"Brother Wireless Fax, Color",Technology,Copiers
2490,"Hamilton Beach Microwave, Black",Office Supplies,Appliances
139,"Bush Library with Doors, Mobile",Furniture,Bookcases
382,"Ikea Floating Shelf Set, Traditional",Furniture,Bookcases
8845,"Sharp Wireless Fax, Laser",Technology,Copiers
2587,"Cuisinart Microwave, White",Office Supplies,Appliances
4169,"Cuisinart Blender, Red",Office Supplies,Appliances
4452,"GlobeWeis Peel and Seal, Set of 50",Office Supplies,Envelopes
8378,"Logitech Flash Drive, Bluetooth",Technology,Accessories
8540,"Canon Copy Machine, Digital",Technology,Copiers
4536,"Cameo Interoffice Envelope, Security-Tint",Office Supplies,Envelopes
755,"SAFCO Bag Chairs, Black",Furniture,Chairs
731,"Hon Chairmat, Set of Two",Furniture,Chairs
4480,"Ames Manila Envelope, Recycled",Office Supplies,Envelopes
4433,"Jiffy Mailers, Set of 50",Office Supplies,Envelopes
1296,"Deflect-o SuperTray Unbreakable Stackable Tray, Letter, Black",Furniture,Furnishings
7541,"Kleencut Shears, Serrated",Office Supplies,Supplies
4025,"BIC Markers, Fluorescent",Office Supplies,Art
1853,"Safco Stackable Bookrack, Pine",Furniture,Bookcases
903,"Office Star Swivel Stool, Set of Two",Furniture,Chairs
7808,"Elite Letter Opener, Easy Grip",Office Supplies,Supplies
5772,"Avery File Folder Labels, 5000 Label Set",Office Supplies,Labels
1877,"Sauder Stackable Bookrack, Mobile",Furniture,Bookcases
7088,"Smead Shelving, Wire Frame",Office Supplies,Storage
8399,"Memorex Flash Drive, USB",Technology,Accessories
4051,"Binney & Smith Sketch Pad, Fluorescent",Office Supplies,Art
6099,"Green Bar Cards & Envelopes, Recycled",Office Supplies,Paper
6775,"Smead File Cart, Single Width",Office Supplies,Storage
2831,"Sanford Pens, Blue",Office Supplies,Art
3204,"Sanford Pens, Water Color",Office Supplies,Art
6826,"Smead Shelving, Wire Frame",Office Supplies,Storage
6141,"Enermax Computer Printout Paper, 8.5 x 11",Office Supplies,Paper
5912,"Novimex Round Labels, Alphabetical",Office Supplies,Labels
2675,"Hoover Refrigerator, White",Office Supplies,Appliances
8648,"Sharp Copy Machine, Laser",Technology,Copiers
1476,"Rubbermaid Frame, Erganomic",Furniture,Furnishings
8051,"Belkin Memory Card, Bluetooth",Technology,Accessories
7043,"Eldon Shelving, Single Width",Office Supplies,Storage
616,"SAFCO Chairmat, Adjustable",Furniture,Chairs
1130,Deflect-o DuraMat Antistatic Studded Beveled Mat for Medium Pile Carpeting,Furniture,Furnishings
10289,"StarTech Inkjet, Wireless",Technology,Machines
9624,"Cisco Headset, with Caller ID",Technology,Phones
2481,"KitchenAid Coffee Grinder, White",Office Supplies,Appliances
3157,"Boston Markers, Fluorescent",Office Supplies,Art
1253,"Deflect-O Photo Frame, Duo Pack",Furniture,Furnishings
7089,"Smead Folders, Industrial",Office Supplies,Storage
5101,"Stockwell Clamps, Metal",Office Supplies,Fasteners
6202,White GlueTop Scratch Pads,Office Supplies,Paper
3661,"Wilson Jones Index Tab, Clear",Office Supplies,Binders
3206,"Boston Highlighters, Easy-Erase",Office Supplies,Art
4337,"Jiffy Clasp Envelope, Recycled",Office Supplies,Envelopes
4426,"GlobeWeis Clasp Envelope, with clear poly window",Office Supplies,Envelopes
5745,"Harbour Creations Round Labels, Laser Printer Compatible",Office Supplies,Labels
3593,"Avery Hole Reinforcements, Recycled",Office Supplies,Binders
4081,"Boston Highlighters, Easy-Erase",Office Supplies,Art
9452,Star Micronics TSP800 TSP847IIU Receipt Printer,Technology,Machines
6799,Fellowes Super Stor/Drawer Files,Office Supplies,Storage
1167,"Advantus Frame, Duo Pack",Furniture,Furnishings
1165,"Seth Thomas 14"" Putty-Colored Wall Clock",Furniture,Furnishings
445,"Ikea Floating Shelf Set, Mobile",Furniture,Bookcases
1580,Luxo Professional Combination Clamp-On Lamps,Furniture,Furnishings
5775,"Permanent Self-Adhesive File Folder Labels for Typewriters, 1 1/8 x 3 1/2, White",Office Supplies,Labels
7248,"Fellowes Mobile File Cart, Black",Office Supplies,Storage
7759,"Acme Letter Opener, Easy Grip",Office Supplies,Supplies
4469,"Kraft Mailers, with clear poly window",Office Supplies,Envelopes
6209,"Xerox Note Cards, 8.5 x 11",Office Supplies,Paper
6084,Southworth Parchment Paper & Envelopes,Office Supplies,Paper
5500,Avery 48,Office Supplies,Labels
4725,"Enermax Parchment Paper, Multicolor",Office Supplies,Paper
5493,"Smead Legal Exhibit Labels, Adjustable",Office Supplies,Labels
6298,Xerox 223,Office Supplies,Paper
1308,Longer-Life Soft White Bulbs,Furniture,Furnishings
3564,GBC Standard Plastic Binding Systems' Combs,Office Supplies,Binders
2645,Eureka Sanitaire  Commercial Upright,Office Supplies,Appliances
2604,"Hamilton Beach Stove, Black",Office Supplies,Appliances
2579,"Hamilton Beach Refrigerator, Black",Office Supplies,Appliances
3696,"Cardinal Binding Machine, Recycled",Office Supplies,Binders
2032,"Chromcraft Computer Table, with Bottom Storage",Furniture,Tables
7802,"Stiletto Box Cutter, High Speed",Office Supplies,Supplies
837,"SAFCO Bag Chairs, Black",Furniture,Chairs
9039,"Hewlett Fax and Copier, Laser",Technology,Copiers
7744,"Stiletto Shears, High Speed",Office Supplies,Supplies
7989,"Logitech Flash Drive, Bluetooth",Technology,Accessories
335,"Ikea 3-Shelf Cabinet, Metal",Furniture,Bookcases
6556,Tops Green Bar Computer Printout Paper,Office Supplies,Paper
5138,"OIC Clamps, Assorted Sizes",Office Supplies,Fasteners
1149,"Deflect-O Photo Frame, Black",Furniture,Furnishings
2293,"Acme Trimmer, Steel",Office Supplies,Supplies
10236,"SanDisk Router, Erganomic",Technology,Accessories
5011,"OIC Rubber Bands, 12 Pack",Office Supplies,Fasteners
4764,Sterling Rubber Bands by Alliance,Office Supplies,Fasteners
9818,Bose SoundLink Bluetooth Speaker,Technology,Phones
4691,Letter or Legal Size Expandable Poly String Tie Envelopes,Office Supplies,Envelopes
7719,Stiletto Hand Letter Openers,Office Supplies,Supplies
4809,Staples,Office Supplies,Fasteners
6262,"Adams Telephone Message Book W/Dividers/Space For Phone Numbers, 5 1/4""X8 1/2"", 300/Messages",Office Supplies,Paper
8249,Kingston Digital DataTraveler 16GB USB 2.0,Technology,Accessories
979,"Novimex Executive Leather Armchair, Black",Furniture,Chairs
9213,"Panasonic Printer, White",Technology,Machines
10194,"Motorola Audio Dock, with Caller ID",Technology,Phones
8806,"Canon Copy Machine, High-Speed",Technology,Copiers
173,"Sauder Classic Bookcase, Metal",Furniture,Bookcases
7786,"Acme Shears, High Speed",Office Supplies,Supplies
194,"Dania Stackable Bookrack, Traditional",Furniture,Bookcases
8245,Logitech G105 Gaming Keyboard,Technology,Accessories
3372,"Avery Binding Machine, Economy",Office Supplies,Binders
6283,"Eaton Message Books, Premium",Office Supplies,Paper
789,"Global Deluxe Stacking Chair, Gray",Furniture,Chairs
5530,"Hon Legal Exhibit Labels, Alphabetical",Office Supplies,Labels
4616,Convenience Packs of Business Envelopes,Office Supplies,Envelopes
5730,"Hon Round Labels, Alphabetical",Office Supplies,Labels
5707,Smead Alpha-Z Color-Coded Second Alphabetical Labels and Starter Set,Office Supplies,Labels
840,"Office Star - Contemporary Task Swivel chair with Loop Arms, Charcoal",Furniture,Chairs
8822,"Canon Wireless Fax, Color",Technology,Copiers
8756,"Brother Personal Copier, Laser",Technology,Copiers
9841,"Samsung Audio Dock, VoIP",Technology,Phones
190,"Bush Corner Shelving, Pine",Furniture,Bookcases
8448,"Logitech Memory Card, Programmable",Technology,Accessories
7448,"Stiletto Trimmer, Serrated",Office Supplies,Supplies
8694,"Canon Personal Copier, High-Speed",Technology,Copiers
1228,"Rubbermaid Clock, Erganomic",Furniture,Furnishings
6384,"Xerox Computer Printout Paper, Premium",Office Supplies,Paper
9380,"Konica Printer, Red",Technology,Machines
2764,"Hamilton Beach Coffee Grinder, Red",Office Supplies,Appliances
4139,"Cardinal 3-Hole Punch, Durable",Office Supplies,Binders
2100,"Chromcraft Training Table, Adjustable Height",Furniture,Tables
5925,Avery 512,Office Supplies,Labels
6504,"Enermax Computer Printout Paper, Recycled",Office Supplies,Paper
5728,Avery 519,Office Supplies,Labels
9365,"Panasonic Phone, Durable",Technology,Machines
4390,"Kraft Manila Envelope, Security-Tint",Office Supplies,Envelopes
7800,"Fiskars Letter Opener, Steel",Office Supplies,Supplies
3102,"Stanley Markers, Water Color",Office Supplies,Art
5108,"Stockwell Staples, 12 Pack",Office Supplies,Fasteners
875,"SAFCO Swivel Stool, Set of Two",Furniture,Chairs
3275,"Stanley Sketch Pad, Easy-Erase",Office Supplies,Art
3011,"Boston Sketch Pad, Blue",Office Supplies,Art
9681,"Nokia Office Telephone, Cordless",Technology,Phones
8054,"Memorex Memory Card, Bluetooth",Technology,Accessories
5078,"Stockwell Clamps, Metal",Office Supplies,Fasteners
3367,"Avery Binding Machine, Recycled",Office Supplies,Binders
4444,"Cameo Peel and Seal, Set of 50",Office Supplies,Envelopes
5838,"Avery Removable Labels, 5000 Label Set",Office Supplies,Labels
4744,"Stockwell Push Pins, Bulk Pack",Office Supplies,Fasteners
1263,"Deflect-O Light Bulb, Black",Furniture,Furnishings
1897,"Hon Conference Table, Adjustable Height",Furniture,Tables
2683,"Breville Refrigerator, Red",Office Supplies,Appliances
160,"Ikea Classic Bookcase, Metal",Furniture,Bookcases
8358,"SanDisk Memory Card, USB",Technology,Accessories
9994,"Cisco Speaker Phone, with Caller ID",Technology,Phones
1936,"Chromcraft Coffee Table, Adjustable Height",Furniture,Tables
8815,"Hewlett Personal Copier, Color",Technology,Copiers
6790,"Tenex Shelving, Industrial",Office Supplies,Storage
7252,"Rogers Shelving, Blue",Office Supplies,Storage
9166,"Okidata Printer, White",Technology,Machines
1608,"Tenex Photo Frame, Black",Furniture,Furnishings
6998,Fellowes Staxonsteel Drawer Files,Office Supplies,Storage
8151,"Logitech Flash Drive, Erganomic",Technology,Accessories
7845,"Fiskars Trimmer, Steel",Office Supplies,Supplies
1723,"Ikea Corner Shelving, Pine",Furniture,Bookcases
524,"Novimex Bag Chairs, Black",Furniture,Chairs
1765,"Novimex Steel Folding Chair, Black",Furniture,Chairs
7175,"Smead Box, Blue",Office Supplies,Storage
6858,"Tennsco Lockers, Gray",Office Supplies,Storage
3150,"Stanley Highlighters, Water Color",Office Supplies,Art
10232,"SanDisk Flash Drive, Bluetooth",Technology,Accessories
256,"Dania 3-Shelf Cabinet, Traditional",Furniture,Bookcases
8072,Imation USB 2.0 Swivel Flash Drive USB flash drive - 4 GB - Pink,Technology,Accessories
36,"Barricks Wood Table, Fully Assembled",Furniture,Tables
8817,"Hewlett Fax and Copier, Digital",Technology,Copiers
9864,"Apple Audio Dock, with Caller ID",Technology,Phones
9951,"Cisco Smart Phone, with Caller ID",Technology,Phones
152,"Ikea Classic Bookcase, Traditional",Furniture,Bookcases
8575,"Cisco Signal Booster, with Caller ID",Technology,Phones
6439,"Green Bar Cards & Envelopes, Premium",Office Supplies,Paper
439,"Safco 3-Shelf Cabinet, Traditional",Furniture,Bookcases
1635,"Deflect-O Frame, Duo Pack",Furniture,Furnishings
8493,"Belkin Flash Drive, USB",Technology,Accessories
131,"Dania 3-Shelf Cabinet, Pine",Furniture,Bookcases
9007,"Enermax Keyboard, Erganomic",Technology,Accessories
7582,"Elite Scissors, Steel",Office Supplies,Supplies
4848,"Stockwell Clamps, Metal",Office Supplies,Fasteners
2977,"Stanley Markers, Easy-Erase",Office Supplies,Art
2956,"Sanford Markers, Fluorescent",Office Supplies,Art
3278,"Binney & Smith Highlighters, Easy-Erase",Office Supplies,Art
7452,"Acme Ruler, Serrated",Office Supplies,Supplies
5614,"Smead Color Coded Labels, Alphabetical",Office Supplies,Labels
9973,"Samsung Signal Booster, Full Size",Technology,Phones
6062,"Xerox Parchment Paper, Premium",Office Supplies,Paper
7819,"Fiskars Ruler, Steel",Office Supplies,Supplies
3089,"Sanford Markers, Fluorescent",Office Supplies,Art
3460,"Wilson Jones Index Tab, Clear",Office Supplies,Binders
6744,"Smead Box, Wire Frame",Office Supplies,Storage
9291,"Konica Receipt Printer, White",Technology,Machines
8647,"HP Wireless Fax, Laser",Technology,Copiers
303,"Dania Floating Shelf Set, Pine",Furniture,Bookcases
386,"Ikea Corner Shelving, Traditional",Furniture,Bookcases
6511,Xerox 197,Office Supplies,Paper
8180,"Maxell 74 Minute CDR, 10/Pack",Technology,Accessories
9522,"Memorex Router, USB",Technology,Accessories
2432,"Hamilton Beach Microwave, Red",Office Supplies,Appliances
9219,"Epson Printer, Wireless",Technology,Machines
2908,"Dixon Ticonderoga Core-Lock Colored Pencils, 48-Color Set",Office Supplies,Art
9315,Hewlett-Packard Deskjet F4180 All-in-One Color Ink-jet - Printer / copier / scanner,Technology,Machines
1317,"Eldon Clock, Durable",Furniture,Furnishings
4342,"#10- 4 1/8"" x 9 1/2"" Security-Tint Envelopes",Office Supplies,Envelopes
7208,"Smead Folders, Single Width",Office Supplies,Storage
2798,"Binney & Smith Pencil Sharpener, Water Color",Office Supplies,Art
536,Global Enterprise Series Seating High-Back Swivel/Tilt Chairs,Furniture,Chairs
8243,WD My Passport Ultra 1TB Portable External Hard Drive,Technology,Accessories
7197,Fellowes High-Stak Drawer Files,Office Supplies,Storage
7041,Iris Project Case,Office Supplies,Storage
1258,DAX Cubicle Frames - 8x10,Furniture,Furnishings
5836,"Smead Removable Labels, Laser Printer Compatible",Office Supplies,Labels
1508,"Eldon Light Bulb, Durable",Furniture,Furnishings
5458,"Kleencut Ruler, Serrated",Office Supplies,Supplies
3677,"Ibico Binder, Economy",Office Supplies,Binders
2268,"Accos Push Pins, Bulk Pack",Office Supplies,Fasteners
1355,Eldon Pizzaz Desk Accessories,Furniture,Furnishings
9926,"Nokia Signal Booster, VoIP",Technology,Phones
6950,"Smead Trays, Industrial",Office Supplies,Storage
2709,"Breville Toaster, Silver",Office Supplies,Appliances
504,"Bush Stackable Bookrack, Traditional",Furniture,Bookcases
7191,"Rogers Folders, Wire Frame",Office Supplies,Storage
4788,"Advantus Clamps, Bulk Pack",Office Supplies,Fasteners
7264,"Fellowes Folders, Blue",Office Supplies,Storage
9066,"HP Fax Machine, High-Speed",Technology,Copiers
5461,"Kleencut Scissors, Serrated",Office Supplies,Supplies
7044,"Sortfiler Multipurpose Personal File Organizer, Black",Office Supplies,Storage
7486,"Acme Hot Forged Carbon Steel Scissors with Nickel-Plated Handles, 3 7/8"" Cut, 8""L",Office Supplies,Supplies
2262,"Accos Paper Clips, Assorted Sizes",Office Supplies,Fasteners
7106,"Smead Lockers, Wire Frame",Office Supplies,Storage
2064,"Bevis Round Bullnose 29"" High Table Top",Furniture,Tables
162,"Sauder Classic Bookcase, Mobile",Furniture,Bookcases
8709,"Brother Copy Machine, Color",Technology,Copiers
10101,"Motorola Audio Dock, Full Size",Technology,Phones
2435,"Cuisinart Coffee Grinder, Silver",Office Supplies,Appliances
9878,"Motorola Smart Phone, Full Size",Technology,Phones
3320,"Boston Pencil Sharpener, Easy-Erase",Office Supplies,Art
8607,"Brother Ink, High-Speed",Technology,Copiers
7617,"Elite Shears, Easy Grip",Office Supplies,Supplies
306,"Sauder Stackable Bookrack, Traditional",Furniture,Bookcases
6819,"Rogers Folders, Single Width",Office Supplies,Storage
6864,"Tenex Box, Industrial",Office Supplies,Storage
4035,"Binney & Smith Canvas, Water Color",Office Supplies,Art
4512,Pastel Pink Envelopes,Office Supplies,Envelopes
989,"Hon Steel Folding Chair, Black",Furniture,Chairs
9518,"Memorex Keyboard, Bluetooth",Technology,Accessories
1791,"Office Star Bag Chairs, Black",Furniture,Chairs
4026,"BIC Markers, Easy-Erase",Office Supplies,Art
1273,"Deflect-O Stacking Tray, Black",Furniture,Furnishings
7619,"Stiletto Letter Opener, Steel",Office Supplies,Supplies
2855,"BIC Highlighters, Easy-Erase",Office Supplies,Art
8034,Sony 16GB Class 10 Micro SDHC R40 Memory Card,Technology,Accessories
5797,"Smead File Folder Labels, Laser Printer Compatible",Office Supplies,Labels
3985,Flexible Leather- Look Classic Collection Ring Binder,Office Supplies,Binders
3639,"Acco Binder, Recycled",Office Supplies,Binders
6414,"Enermax Parchment Paper, Recycled",Office Supplies,Paper
586,Office Star - Ergonomic Mid Back Chair with 2-Way Adjustable Arms,Furniture,Chairs
8757,Hewlett Packard 610 Color Digital Copier / Printer,Technology,Copiers
9811,"Nokia Smart Phone, Full Size",Technology,Phones
6899,"Eldon Lockers, Single Width",Office Supplies,Storage
8754,"Hewlett Copy Machine, Laser",Technology,Copiers
4600,"Jiffy Interoffice Envelope, with clear poly window",Office Supplies,Envelopes
7853,"Tenex File Cart, Industrial",Office Supplies,Storage
6851,"SimpliFile Personal File, Black Granite, 15w x 6-15/16d x 11-1/4h",Office Supplies,Storage
7205,"Smead File Cart, Industrial",Office Supplies,Storage
7985,"Enermax Memory Card, Erganomic",Technology,Accessories
2980,"Binney & Smith Pencil Sharpener, Water Color",Office Supplies,Art
8439,"Logitech Mouse, Programmable",Technology,Accessories
1711,"Hon Steel Folding Chair, Set of Two",Furniture,Chairs
3666,"Wilson Jones Binder, Durable",Office Supplies,Binders
5948,"Hon Shipping Labels, Alphabetical",Office Supplies,Labels
3276,"Sanford Pens, Easy-Erase",Office Supplies,Art
6165,Xerox 1903,Office Supplies,Paper
2719,"Hoover Replacement Belts For Soft Guard & Commercial Ltweight Upright Vacs, 2/Pk",Office Supplies,Appliances
287,"Bush Classic Bookcase, Traditional",Furniture,Bookcases
8907,"Hewlett Fax Machine, Digital",Technology,Copiers
8594,"Sharp Fax and Copier, Color",Technology,Copiers
2779,"KitchenAid Refrigerator, Black",Office Supplies,Appliances
10049,"Nokia Smart Phone, Full Size",Technology,Phones
482,"Ikea Corner Shelving, Mobile",Furniture,Bookcases
2022,"Hon Coffee Table, with Bottom Storage",Furniture,Tables
7204,"Rogers Trays, Single Width",Office Supplies,Storage
940,"Office Star Steel Folding Chair, Black",Furniture,Chairs
5752,"Avery Color Coded Labels, Adjustable",Office Supplies,Labels
5770,"Avery Legal Exhibit Labels, Laser Printer Compatible",Office Supplies,Labels
3784,"Avery Binding Machine, Durable",Office Supplies,Binders
6835,"Rogers Box, Wire Frame",Office Supplies,Storage
8785,"HP Fax Machine, Color",Technology,Copiers
8309,Logitech Illuminated - Keyboard,Technology,Accessories
7120,"Tenex Lockers, Industrial",Office Supplies,Storage
8389,"Belkin Memory Card, USB",Technology,Accessories
6519,"Enermax Cards & Envelopes, Premium",Office Supplies,Paper
7768,"Kleencut Scissors, Easy Grip",Office Supplies,Supplies
958,"Hon Executive Leather Armchair, Adjustable",Furniture,Chairs
398,"Dania Library with Doors, Metal",Furniture,Bookcases
229,"Safco Corner Shelving, Mobile",Furniture,Bookcases
9391,"Okidata Printer, Wireless",Technology,Machines
7547,"Kleencut Letter Opener, Easy Grip",Office Supplies,Supplies
1423,"Deflect-O Stacking Tray, Erganomic",Furniture,Furnishings
583,"Novimex Steel Folding Chair, Red",Furniture,Chairs
649,"Office Star Chairmat, Red",Furniture,Chairs
7649,"Acme Box Cutter, High Speed",Office Supplies,Supplies
8067,"Belkin Mouse, Erganomic",Technology,Accessories
5807,"Avery Removable Labels, Adjustable",Office Supplies,Labels
4537,"GlobeWeis Business Envelopes, with clear poly window",Office Supplies,Envelopes
8632,"Canon Wireless Fax, Laser",Technology,Copiers
9884,Avaya IP Phone 1140E VoIP phone,Technology,Phones
976,Office Star Flex Back Scooter Chair with Aluminum Finish Frame,Furniture,Chairs
2770,"Hamilton Beach Toaster, Red",Office Supplies,Appliances
887,"Global Wood Trimmed Manager's Task Chair, Khaki",Furniture,Chairs
7170,"Eldon Base for stackable storage shelf, platinum",Office Supplies,Storage
545,"SAFCO Chairmat, Set of Two",Furniture,Chairs
3402,"Acco Binder Covers, Clear",Office Supplies,Binders
1199,"Tenex Frame, Erganomic",Furniture,Furnishings
4346,"White Business Envelopes with Contemporary Seam, Recycled White Business Envelopes",Office Supplies,Envelopes
7308,"Tenex Folders, Blue",Office Supplies,Storage
6321,"Xerox Cards & Envelopes, 8.5 x 11",Office Supplies,Paper
3861,Computer Printout Index Tabs,Office Supplies,Binders
2165,"Bevis Coffee Table, Adjustable Height",Furniture,Tables
233,"Sauder Classic Bookcase, Metal",Furniture,Bookcases
9405,"Epson Calculator, Wireless",Technology,Machines
9506,"StarTech Card Printer, Durable",Technology,Machines
7633,"Stiletto Scissors, Easy Grip",Office Supplies,Supplies
3059,"Boston Canvas, Fluorescent",Office Supplies,Art
2298,"Acme Shears, Easy Grip",Office Supplies,Supplies
7654,"Kleencut Shears, Serrated",Office Supplies,Supplies
579,"Hon Steel Folding Chair, Red",Furniture,Chairs
9756,Panasonic KX TS208W Corded phone,Technology,Phones
4581,"Cameo Mailers, with clear poly window",Office Supplies,Envelopes
6434,Xerox 1917,Office Supplies,Paper
2876,"Binney & Smith Sketch Pad, Water Color",Office Supplies,Art
7640,"Stiletto Letter Opener, Easy Grip",Office Supplies,Supplies
3856,Avery Durable Slant Ring Binders With Label Holder,Office Supplies,Binders
7705,"Elite Letter Opener, Easy Grip",Office Supplies,Supplies
6616,Spiral Phone Message Books with Labels by Adams,Office Supplies,Paper
3906,"Wilson Jones Hole Reinforcements, Economy",Office Supplies,Binders
5970,"Novimex Round Labels, Laser Printer Compatible",Office Supplies,Labels
3790,Accohide Poly Flexible Ring Binders,Office Supplies,Binders
7192,"24 Capacity Maxi Data Binder Racks, Pearl",Office Supplies,Storage
705,"Hon Swivel Stool, Red",Furniture,Chairs
7237,"Smead File Cart, Single Width",Office Supplies,Storage
2077,"Lesro Round Back Collection Coffee Table, End Table",Furniture,Tables
9354,"Konica Calculator, Wireless",Technology,Machines
7784,"Kleencut Trimmer, High Speed",Office Supplies,Supplies
4310,"GlobeWeis Manila Envelope, Security-Tint",Office Supplies,Envelopes
5830,"Avery 4027 File Folder Labels for Dot Matrix Printers, 5000 Labels per Box, White",Office Supplies,Labels
1467,"Eldon Frame, Durable",Furniture,Furnishings
1150,"Eldon Clock, Black",Furniture,Furnishings
8333,"Logitech Numeric Keypad, Bluetooth",Technology,Accessories
7710,"Elite Box Cutter, Serrated",Office Supplies,Supplies
6230,"Green Bar Memo Slips, Multicolor",Office Supplies,Paper
4874,"Stockwell Thumb Tacks, 12 Pack",Office Supplies,Fasteners
6873,"Fellowes Folders, Single Width",Office Supplies,Storage
5946,"Avery Legal Exhibit Labels, Alphabetical",Office Supplies,Labels
5564,"Avery Legal Exhibit Labels, Adjustable",Office Supplies,Labels
6327,"Eaton Parchment Paper, Premium",Office Supplies,Paper
1932,"Hon Practical Foundations 30 x 60 Training Table, Light Gray/Charcoal",Furniture,Tables
685,"SAFCO Steel Folding Chair, Set of Two",Furniture,Chairs
1123,"Rubbermaid Photo Frame, Durable",Furniture,Furnishings
6537,"Green Bar Note Cards, 8.5 x 11",Office Supplies,Paper
3127,"Binney & Smith Pencil Sharpener, Water Color",Office Supplies,Art
7195,"Tenex Box, Single Width",Office Supplies,Storage
2513,"Hoover Blender, Black",Office Supplies,Appliances
6255,"Xerox Memo Slips, Premium",Office Supplies,Paper
2647,"Hoover Blender, Black",Office Supplies,Appliances
3579,Plastic Binding Combs,Office Supplies,Binders
7171,"Smead Shelving, Wire Frame",Office Supplies,Storage
2915,SANFORD Liquid Accent Tank-Style Highlighters,Office Supplies,Art
4472,"Ames Clasp Envelope, Set of 50",Office Supplies,Envelopes
7294,"Eldon Lockers, Industrial",Office Supplies,Storage
10258,"Sharp Ink, Color",Technology,Copiers
1612,"Advantus Frame, Erganomic",Furniture,Furnishings
9282,"Epson Phone, Red",Technology,Machines
1118,Tenex Chairmats For Use with Hard Floors,Furniture,Furnishings
8565,"Cisco Office Telephone, with Caller ID",Technology,Phones
1589,"Deflect-O Stacking Tray, Black",Furniture,Furnishings
4468,"Cameo Clasp Envelope, with clear poly window",Office Supplies,Envelopes
917,"SAFCO Bag Chairs, Red",Furniture,Chairs
7379,"Stockwell Clamps, Metal",Office Supplies,Fasteners
3258,"Sanford Pencil Sharpener, Fluorescent",Office Supplies,Art
8795,"Sharp Wireless Fax, Digital",Technology,Copiers
9945,"Samsung Smart Phone, VoIP",Technology,Phones
9679,"Apple Smart Phone, Full Size",Technology,Phones
3831,"Ibico Binder, Economy",Office Supplies,Binders
4986,Advantus Map Pennant Flags and Round Head Tacks,Office Supplies,Fasteners
6396,"Enermax Computer Printout Paper, 8.5 x 11",Office Supplies,Paper
7675,"Acme Scissors, Serrated",Office Supplies,Supplies
5622,"Smead Removable Labels, Adjustable",Office Supplies,Labels
1989,"Chromcraft Coffee Table, Adjustable Height",Furniture,Tables
8176,"Belkin Memory Card, Erganomic",Technology,Accessories
8157,"Logitech Router, Erganomic",Technology,Accessories
2105,"Hon Coffee Table, Adjustable Height",Furniture,Tables
9311,"StarTech Inkjet, Durable",Technology,Machines
1605,"Rubbermaid Door Stop, Duo Pack",Furniture,Furnishings
8129,"Belkin Flash Drive, Programmable",Technology,Accessories
5738,"Avery Color Coded Labels, Alphabetical",Office Supplies,Labels
3683,GBC VeloBind Cover Sets,Office Supplies,Binders
3726,"Avery Index Tab, Clear",Office Supplies,Binders
8082,"Memorex 25GB 6X Branded Blu-Ray Recordable Disc, 15/Pack",Technology,Accessories
4738,"Stockwell Rubber Bands, Bulk Pack",Office Supplies,Fasteners
3042,"BIC Markers, Easy-Erase",Office Supplies,Art
3836,"Avery Index Tab, Economy",Office Supplies,Binders
4931,"OIC Paper Clips, 12 Pack",Office Supplies,Fasteners
3556,"Avery Index Tab, Durable",Office Supplies,Binders
8860,"Canon Fax Machine, High-Speed",Technology,Copiers
2727,"Cuisinart Refrigerator, Silver",Office Supplies,Appliances
7473,"Stiletto Shears, Serrated",Office Supplies,Supplies
7702,"Elite Trimmer, Steel",Office Supplies,Supplies
3734,"Ibico Index Tab, Durable",Office Supplies,Binders
1152,Tenex Chairmats For Use With Carpeted Floors,Furniture,Furnishings
6540,"SanDisk Message Books, Premium",Office Supplies,Paper
6307,"SanDisk Parchment Paper, Multicolor",Office Supplies,Paper
6133,"Xerox Parchment Paper, Multicolor",Office Supplies,Paper
4131,"Cardinal Binder Covers, Recycled",Office Supplies,Binders
5740,"Novimex Legal Exhibit Labels, Laser Printer Compatible",Office Supplies,Labels
8905,"HP Copy Machine, Color",Technology,Copiers
1950,"Chromcraft Round Table, with Bottom Storage",Furniture,Tables
470,"Sauder Library with Doors, Metal",Furniture,Bookcases
376,"Bush 3-Shelf Cabinet, Metal",Furniture,Bookcases
9716,"Cisco Signal Booster, VoIP",Technology,Phones
2559,"Hoover Toaster, Silver",Office Supplies,Appliances
1164,"Advantus Clock, Duo Pack",Furniture,Furnishings
9614,"Panasonic Printer, Durable",Technology,Machines
8375,"Belkin Keyboard, USB",Technology,Accessories
9502,"StarTech Calculator, Red",Technology,Machines
202,"Bush Corner Shelving, Mobile",Furniture,Bookcases
6582,"Enermax Cards & Envelopes, Recycled",Office Supplies,Paper
6491,"Enermax Computer Printout Paper, Premium",Office Supplies,Paper
6578,"Green Bar Memo Slips, 8.5 x 11",Office Supplies,Paper
4802,"Accos Push Pins, Metal",Office Supplies,Fasteners
5923,"Avery Color Coded Labels, 5000 Label Set",Office Supplies,Labels
4782,"Stockwell Paper Clips, Assorted Sizes",Office Supplies,Fasteners
3415,"Wilson Jones Binder Covers, Economy",Office Supplies,Binders
5086,"Stockwell Rubber Bands, Metal",Office Supplies,Fasteners
3872,"Avery Hole Reinforcements, Economy",Office Supplies,Binders
7079,"Smead Box, Wire Frame",Office Supplies,Storage
8205,"Enermax Numeric Keypad, Erganomic",Technology,Accessories
569,"Novimex Executive Leather Armchair, Red",Furniture,Chairs
10126,"Samsung Headset, VoIP",Technology,Phones
9759,Digium D40 VoIP phone,Technology,Phones
7466,Premier Automatic Letter Opener,Office Supplies,Supplies
1129,"Advantus Clock, Durable",Furniture,Furnishings
4934,"Advantus Push Pins, Metal",Office Supplies,Fasteners
2866,"Binney & Smith Highlighters, Water Color",Office Supplies,Art
7604,Serrated Blade or Curved Handle Hand Letter Openers,Office Supplies,Supplies
6977,"Smead Folders, Blue",Office Supplies,Storage
567,"Novimex Swivel Stool, Set of Two",Furniture,Chairs
1993,"Bevis Wood Table, with Bottom Storage",Furniture,Tables
5120,"Accos Clamps, Metal",Office Supplies,Fasteners
8289,Maxell 4.7GB DVD+R 5/Pack,Technology,Accessories
5768,"Hon Legal Exhibit Labels, Adjustable",Office Supplies,Labels
8413,Maxell LTO Ultrium - 800 GB,Technology,Accessories
507,"Bush Corner Shelving, Traditional",Furniture,Bookcases
7085,"Smead Shelving, Industrial",Office Supplies,Storage
7001,Tennsco Regal Shelving Units,Office Supplies,Storage
7211,"Letter/Legal File Tote with Clear Snap-On Lid, Black Granite",Office Supplies,Storage
305,"Dania Stackable Bookrack, Traditional",Furniture,Bookcases
1602,"Tenex Clock, Black",Furniture,Furnishings
3154,"Sanford Sketch Pad, Fluorescent",Office Supplies,Art
6076,Xerox 1952,Office Supplies,Paper
7789,"Acme Scissors, Steel",Office Supplies,Supplies
3813,"Acco Hole Reinforcements, Clear",Office Supplies,Binders
3812,"Acco Binder Covers, Durable",Office Supplies,Binders
1377,"Eldon Expressions Wood Desk Accessories, Oak",Furniture,Furnishings
3008,Lumber Crayons,Office Supplies,Art
4922,"Stockwell Clamps, Bulk Pack",Office Supplies,Fasteners
2968,Newell 325,Office Supplies,Art
6751,"Smead Folders, Industrial",Office Supplies,Storage
1100,Eldon Wave Desk Accessories,Furniture,Furnishings
3885,GBC Recycled VeloBinder Covers,Office Supplies,Binders
3711,"Avery Framed View Binder, EZD Ring (Locking), Navy, 1 1/2""",Office Supplies,Binders
5000,Staples,Office Supplies,Fasteners
9819,ClearOne CHATAttach 160 - speaker phone,Technology,Phones
8985,"Enermax Router, Bluetooth",Technology,Accessories
7276,"Rogers File Cart, Single Width",Office Supplies,Storage
8548,"Canon Copy Machine, Color",Technology,Copiers
6855,"Eldon File Cart, Single Width",Office Supplies,Storage
10127,Cisco IP Phone 7961G VoIP phone - Dark gray,Technology,Phones
52,"Dania Floating Shelf Set, Traditional",Furniture,Bookcases
7016,"Fellowes Lockers, Wire Frame",Office Supplies,Storage
7207,"Fellowes Lockers, Industrial",Office Supplies,Storage
8583,"Brother Fax Machine, Laser",Technology,Copiers
8842,"Canon Ink, Laser",Technology,Copiers
2619,"KitchenAid Coffee Grinder, Silver",Office Supplies,Appliances
9583,"Okidata Printer, White",Technology,Machines
3615,"Acco Binding Machine, Economy",Office Supplies,Binders
7742,"Acme Trimmer, Steel",Office Supplies,Supplies
7543,"Stiletto Shears, High Speed",Office Supplies,Supplies
7173,"Smead Shelving, Blue",Office Supplies,Storage
6451,"Eaton Cards & Envelopes, 8.5 x 11",Office Supplies,Paper
10204,"Samsung Speaker Phone, Cordless",Technology,Phones
6836,"Multi-Use Personal File Cart and Caster Set, Three Stacking Bins",Office Supplies,Storage
877,"Novimex Chairmat, Adjustable",Furniture,Chairs
1369,"Howard Miller 13"" Diameter Pewter Finish Round Wall Clock",Furniture,Furnishings
4298,"Jiffy Peel and Seal, with clear poly window",Office Supplies,Envelopes
9013,"Epson Calculator, Wireless",Technology,Machines
9441,"Panasonic Calculator, Red",Technology,Machines
3919,"Cardinal 3-Hole Punch, Recycled",Office Supplies,Binders
3432,"Wilson Jones 3-Hole Punch, Clear",Office Supplies,Binders
9695,Plantronics Voyager Pro HD - Bluetooth Headset,Technology,Phones
5724,"Avery Shipping Labels, Laser Printer Compatible",Office Supplies,Labels
5827,Avery 475,Office Supplies,Labels
5499,"Harbour Creations File Folder Labels, Adjustable",Office Supplies,Labels
1459,"Master Big Foot Doorstop, Beige",Furniture,Furnishings
5042,"Stockwell Push Pins, Assorted Sizes",Office Supplies,Fasteners
6660,Staples,Office Supplies,Paper
5009,Staples,Office Supplies,Fasteners
10031,"Samsung Speaker Phone, Cordless",Technology,Phones
666,"Office Star Executive Leather Armchair, Black",Furniture,Chairs
329,"Safco Corner Shelving, Mobile",Furniture,Bookcases
9044,"Hewlett Fax and Copier, Digital",Technology,Copiers
682,"Office Star Steel Folding Chair, Adjustable",Furniture,Chairs
7138,Adjustable Depth Letter/Legal Cart,Office Supplies,Storage
8652,"Sharp Fax and Copier, Digital",Technology,Copiers
1056,"Deflect-O Photo Frame, Duo Pack",Furniture,Furnishings
1001,"Novimex Swivel Stool, Adjustable",Furniture,Chairs
10212,"Samsung Signal Booster, VoIP",Technology,Phones
1012,"Office Star Bag Chairs, Red",Furniture,Chairs
3642,"Ibico Binding Machine, Economy",Office Supplies,Binders
4670,"Ames Peel and Seal, with clear poly window",Office Supplies,Envelopes
7926,"Memorex Keyboard, Bluetooth",Technology,Accessories
4996,"Advantus Rubber Bands, Bulk Pack",Office Supplies,Fasteners
5746,"Harbour Creations Color Coded Labels, 5000 Label Set",Office Supplies,Labels
4189,"Eaton Message Books, 8.5 x 11",Office Supplies,Paper
9815,Samsung Rugby III,Technology,Phones
1669,"Harbour Creations Bag Chairs, Adjustable",Furniture,Chairs
5933,"Harbour Creations Shipping Labels, Adjustable",Office Supplies,Labels
1246,"Rubbermaid Clock, Erganomic",Furniture,Furnishings
2734,"Breville Stove, Red",Office Supplies,Appliances
2504,"Hoover Stove, White",Office Supplies,Appliances
836,"Harbour Creations Executive Leather Armchair, Adjustable",Furniture,Chairs
2725,"Breville Microwave, Red",Office Supplies,Appliances
1282,Tenex Antistatic Computer Chair Mats,Furniture,Furnishings
9319,"Okidata Printer, Wireless",Technology,Machines
2003,Hon Racetrack Conference Tables,Furniture,Tables
10291,"StarTech Receipt Printer, Red",Technology,Machines
8271,Belkin F8E887 USB Wired Ergonomic Keyboard,Technology,Accessories
5581,"Avery Color Coded Labels, Alphabetical",Office Supplies,Labels
9571,"Nokia Headset, Cordless",Technology,Phones
5695,"Hon Shipping Labels, 5000 Label Set",Office Supplies,Labels
4534,"Kraft Peel and Seal, Recycled",Office Supplies,Envelopes
6381,"Xerox Computer Printout Paper, Multicolor",Office Supplies,Paper
3172,"Stanley Sketch Pad, Blue",Office Supplies,Art
5019,"Stockwell Clamps, Metal",Office Supplies,Fasteners
4502,"Ames Mailers, Set of 50",Office Supplies,Envelopes
1194,"Rubbermaid Stacking Tray, Black",Furniture,Furnishings
4250,"Cameo Business Envelopes, Set of 50",Office Supplies,Envelopes
5221,"Fiskars Letter Opener, Easy Grip",Office Supplies,Supplies
6027,"Ampad Evidence Wirebond Steno Books, 6"" x 9""",Office Supplies,Paper
9335,Canon imageCLASS MF7460 Monochrome Digital Laser Multifunction Copier,Technology,Machines
9485,"Konica Receipt Printer, White",Technology,Machines
2762,"Hoover Refrigerator, Black",Office Supplies,Appliances
2075,"Lesro Wood Table, Rectangular",Furniture,Tables
9734,Polycom SoundPoint Pro SE-225 Corded phone,Technology,Phones
2761,"Hamilton Beach Stove, Silver",Office Supplies,Appliances
8012,NETGEAR N750 Dual Band Wi-Fi Gigabit Router,Technology,Accessories
6861,"Eldon File Cart, Industrial",Office Supplies,Storage
9420,"Panasonic Printer, Wireless",Technology,Machines
942,"SAFCO Swivel Stool, Black",Furniture,Chairs
9060,"HP Copy Machine, Laser",Technology,Copiers
9363,Hewlett-Packard Deskjet D4360 Printer,Technology,Machines
1379,"Rubbermaid Photo Frame, Durable",Furniture,Furnishings
1485,"Advantus Photo Frame, Duo Pack",Furniture,Furnishings
7583,"Fiskars Scissors, Steel",Office Supplies,Supplies
4636,"Jiffy Mailers, Recycled",Office Supplies,Envelopes
773,"Office Star Chairmat, Black",Furniture,Chairs
10227,"SanDisk Numeric Keypad, Bluetooth",Technology,Accessories
5219,"Fiskars Trimmer, Steel",Office Supplies,Supplies
1846,"SAFCO Bag Chairs, Red",Furniture,Chairs
9511,"Memorex Mouse, Programmable",Technology,Accessories
4013,"BIC Highlighters, Water Color",Office Supplies,Art
7112,"Trav-L-File Heavy-Duty Shuttle II, Black",Office Supplies,Storage
5559,"Harbour Creations Round Labels, Alphabetical",Office Supplies,Labels
4864,"Stockwell Staples, Assorted Sizes",Office Supplies,Fasteners
3512,"Acco Flexible ACCOHIDE Square Ring Data Binder, Dark Blue, 11 1/2"" X 14"" 7/8""",Office Supplies,Binders
4628,"Jiffy Business Envelopes, Recycled",Office Supplies,Envelopes
3521,Cardinal EasyOpen D-Ring Binders,Office Supplies,Binders
3375,"Avery Index Tab, Clear",Office Supplies,Binders
5986,"OIC Rubber Bands, Metal",Office Supplies,Fasteners
4797,OIC Bulk Pack Metal Binder Clips,Office Supplies,Fasteners
2909,Newell 343,Office Supplies,Art
9918,"Cisco Smart Phone, with Caller ID",Technology,Phones
2728,"Breville Refrigerator, White",Office Supplies,Appliances
7182,Tennsco Double-Tier Lockers,Office Supplies,Storage
9566,"Nokia Audio Dock, Cordless",Technology,Phones
9083,"Konica Receipt Printer, White",Technology,Machines
990,"Global Stack Chair with Arms, Black",Furniture,Chairs
7928,"Belkin Numeric Keypad, Bluetooth",Technology,Accessories
6936,"Smead File Cart, Industrial",Office Supplies,Storage
7437,"Kleencut Box Cutter, High Speed",Office Supplies,Supplies
9706,"Cisco Office Telephone, Full Size",Technology,Phones
8451,Memorex Micro Travel Drive 32 GB,Technology,Accessories
1212,"Tenex Clock, Erganomic",Furniture,Furnishings
1138,OIC Stacking Trays,Furniture,Furnishings
9491,"Konica Inkjet, White",Technology,Machines
923,"Novimex Executive Leather Armchair, Adjustable",Furniture,Chairs
9808,"Samsung Smart Phone, Full Size",Technology,Phones
9799,"Motorola Audio Dock, VoIP",Technology,Phones
8386,"SanDisk Memory Card, Erganomic",Technology,Accessories
4128,"Cameo Peel and Seal, Set of 50",Office Supplies,Envelopes
1086,"Eldon Clock, Durable",Furniture,Furnishings
4557,"Ames Mailers, Set of 50",Office Supplies,Envelopes
826,"Office Star Swivel Stool, Red",Furniture,Chairs
3069,Panasonic KP-150 Electric Pencil Sharpener,Office Supplies,Art
1449,"Eldon Door Stop, Durable",Furniture,Furnishings
3563,"Cardinal Binder, Clear",Office Supplies,Binders
6326,"Green Bar Parchment Paper, Recycled",Office Supplies,Paper
6266,"Eaton Note Cards, Premium",Office Supplies,Paper
6314,"Green Bar Memo Slips, 8.5 x 11",Office Supplies,Paper
4242,"Elite Shears, Serrated",Office Supplies,Supplies
7374,"Stockwell Staples, Bulk Pack",Office Supplies,Fasteners
1806,"Rubbermaid Clock, Erganomic",Furniture,Furnishings
1592,"Tenex Light Bulb, Black",Furniture,Furnishings
4727,"Enermax Note Cards, Premium",Office Supplies,Paper
6618,"SanDisk Note Cards, 8.5 x 11",Office Supplies,Paper
6415,"SanDisk Memo Slips, 8.5 x 11",Office Supplies,Paper
5137,"Advantus Rubber Bands, Metal",Office Supplies,Fasteners
7231,"Smead Box, Single Width",Office Supplies,Storage
2941,"Binney & Smith Canvas, Fluorescent",Office Supplies,Art
1354,"Advantus Photo Frame, Black",Furniture,Furnishings
7764,Acme Stainless Steel Office Snips,Office Supplies,Supplies
7399,"Stockwell Staples, Metal",Office Supplies,Fasteners
5231,"Fiskars Box Cutter, Serrated",Office Supplies,Supplies
3414,"Avery Triangle Shaped Sheet Lifters, Black, 2/Pack",Office Supplies,Binders
991,"Novimex Swivel Stool, Red",Furniture,Chairs
454,"Ikea 3-Shelf Cabinet, Traditional",Furniture,Bookcases
1785,"Office Star Swivel Stool, Red",Furniture,Chairs
10129,Toshiba IPT2010-SD IP Telephone,Technology,Phones
7842,"Acme Shears, High Speed",Office Supplies,Supplies
6838,"Rogers Trays, Industrial",Office Supplies,Storage
8992,"Enermax Memory Card, Erganomic",Technology,Accessories
4449,"GlobeWeis Clasp Envelope, with clear poly window",Office Supplies,Envelopes
637,"Novimex Bag Chairs, Red",Furniture,Chairs
9075,"HP Fax Machine, Color",Technology,Copiers
5932,"Smead Shipping Labels, Alphabetical",Office Supplies,Labels
6481,"Enermax Parchment Paper, 8.5 x 11",Office Supplies,Paper
7402,"Stockwell Rubber Bands, Assorted Sizes",Office Supplies,Fasteners
5625,"Hon File Folder Labels, Alphabetical",Office Supplies,Labels
6054,"Enermax Message Books, Multicolor",Office Supplies,Paper
3371,"Avery File Folder Labels, 5000 Label Set",Office Supplies,Labels
5327,"Harbour Creations Shipping Labels, Alphabetical",Office Supplies,Labels
1019,"Chromcraft Round Table, Rectangular",Furniture,Tables
2112,"Chromcraft Conference Table, with Bottom Storage",Furniture,Tables
8168,"Enermax Router, Erganomic",Technology,Accessories
191,"Sauder Mission Library with Doors, Fruitwood Finish",Furniture,Bookcases
6467,Xerox 1912,Office Supplies,Paper
819,"Novimex Bag Chairs, Adjustable",Furniture,Chairs
6210,"Recycled Desk Saver Line ""While You Were Out"" Book, 5 1/2"" X 4""",Office Supplies,Paper
813,"Harbour Creations Chairmat, Black",Furniture,Chairs
8377,"Belkin Memory Card, USB",Technology,Accessories
6422,"SanDisk Parchment Paper, Premium",Office Supplies,Paper
9680,"Apple Speaker Phone, Cordless",Technology,Phones
2305,"Advantus Thumb Tacks, Bulk Pack",Office Supplies,Fasteners
4941,"Stockwell Staples, Assorted Sizes",Office Supplies,Fasteners
2387,"KitchenAid Refrigerator, Silver",Office Supplies,Appliances
308,"Dania Library with Doors, Traditional",Furniture,Bookcases
9670,"Cisco Office Telephone, Full Size",Technology,Phones
2642,"Breville Toaster, Silver",Office Supplies,Appliances
75,"Dania Stackable Bookrack, Pine",Furniture,Bookcases
843,"Office Star Chairmat, Red",Furniture,Chairs
4460,"GlobeWeis Interoffice Envelope, with clear poly window",Office Supplies,Envelopes
614,"Harbour Creations Steel Folding Chair, Black",Furniture,Chairs
7027,"Smead Trays, Single Width",Office Supplies,Storage
6135,"SanDisk Note Cards, Multicolor",Office Supplies,Paper
9672,"Cisco Signal Booster, VoIP",Technology,Phones
1326,"Eldon Expressions Punched Metal & Wood Desk Accessories, Pewter & Cherry",Furniture,Furnishings
6340,"Eaton Memo Slips, 8.5 x 11",Office Supplies,Paper
1147,Luxo Economy Swing Arm Lamp,Furniture,Furnishings
6194,"Xerox Computer Printout Paper, 8.5 x 11",Office Supplies,Paper
3570,"Avery Binder, Clear",Office Supplies,Binders
5529,Avery White Multi-Purpose Labels,Office Supplies,Labels
3838,"Avery 3-Hole Punch, Durable",Office Supplies,Binders
3418,"Ibico Hole Reinforcements, Clear",Office Supplies,Binders
7312,Acco Perma 3000 Stacking Storage Drawers,Office Supplies,Storage
3679,"Cardinal Hole Reinforcements, Economy",Office Supplies,Binders
6026,Xerox 199,Office Supplies,Paper
6348,Xerox 4200 Series MultiUse Premium Copy Paper (20Lb. and 84 Bright),Office Supplies,Paper
2935,"Avery Hi-Liter Comfort Grip Fluorescent Highlighter, Yellow Ink",Office Supplies,Art
10083,"Motorola Smart Phone, with Caller ID",Technology,Phones
900,"Novimex Rocking Chair, Set of Two",Furniture,Chairs
8059,"Logitech Router, Bluetooth",Technology,Accessories
8725,"HP Fax and Copier, Laser",Technology,Copiers
3826,Fellowes PB500 Electric Punch Plastic Comb Binding Machine with Manual Bind,Office Supplies,Binders
8659,"Hewlett Ink, Laser",Technology,Copiers
7230,"Stur-D-Stor Shelving, Vertical 5-Shelf: 72""H x 36""W x 18 1/2""D",Office Supplies,Storage
576,"Global Airflow Leather Mesh Back Chair, Black",Furniture,Chairs
273,"Atlantic Metals Mobile 3-Shelf Bookcases, Custom Colors",Furniture,Bookcases
9141,"Okidata Inkjet, Wireless",Technology,Machines
6153,Xerox 1893,Office Supplies,Paper
6549,Xerox 1882,Office Supplies,Paper
6484,Xerox 1979,Office Supplies,Paper
9685,Samsung Galaxy S III - 16GB - pebble blue (T-Mobile),Technology,Phones
249,"Dania Floating Shelf Set, Mobile",Furniture,Bookcases
2217,"Tenex Stacking Tray, Erganomic",Furniture,Furnishings
5330,"Hon File Folder Labels, Alphabetical",Office Supplies,Labels
3634,"Ibico Binding Machine, Economy",Office Supplies,Binders
8792,"Hewlett Personal Copier, Color",Technology,Copiers
4344,"Jiffy Manila Envelope, Security-Tint",Office Supplies,Envelopes
4005,"Acco Binding Machine, Durable",Office Supplies,Binders
3208,"Boston Electric Pencil Sharpener, Model 1818, Charcoal Black",Office Supplies,Art
4062,"Boston Highlighters, Blue",Office Supplies,Art
3165,50 Colored Long Pencils,Office Supplies,Art
6251,"Wirebound Message Books, Four 2 3/4"" x 5"" Forms per Page, 600 Sets per Book",Office Supplies,Paper
5203,"Fellowes Folders, Single Width",Office Supplies,Storage
7497,"Acme Letter Opener, Easy Grip",Office Supplies,Supplies
1116,DAX Wood Document Frame.,Furniture,Furnishings
3830,"Acco 3-Hole Punch, Clear",Office Supplies,Binders
3054,"Binney & Smith Markers, Fluorescent",Office Supplies,Art
3555,"Universal Recycled Hanging Pressboard Report Binders, Letter Size",Office Supplies,Binders
2030,Bevis Boat-Shaped Conference Table,Furniture,Tables
6386,"Green Bar Message Books, 8.5 x 11",Office Supplies,Paper
6933,"Personal Filing Tote with Lid, Black/Gray",Office Supplies,Storage
3607,"Wilson Jones Binder Covers, Durable",Office Supplies,Binders
5402,"Jiffy Interoffice Envelope, Security-Tint",Office Supplies,Envelopes
8334,Imation 16GB Mini TravelDrive USB 2.0 Flash Drive,Technology,Accessories
4142,"Cardinal Hole Reinforcements, Recycled",Office Supplies,Binders
3568,"Cardinal Binder Covers, Economy",Office Supplies,Binders
6276,Xerox 1974,Office Supplies,Paper
3540,"Acco 3-Hole Punch, Clear",Office Supplies,Binders
9682,"Motorola Smart Phone, Full Size",Technology,Phones
2789,"Hamilton Beach Refrigerator, Red",Office Supplies,Appliances
8955,"Brother Fax and Copier, Digital",Technology,Copiers
8210,"Belkin Memory Card, Programmable",Technology,Accessories
448,"Dania Library with Doors, Mobile",Furniture,Bookcases
69,"Ikea Library with Doors, Pine",Furniture,Bookcases
1338,"Eldon Frame, Duo Pack",Furniture,Furnishings
1281,"Rubbermaid Door Stop, Black",Furniture,Furnishings
8283,"Enermax Keyboard, Programmable",Technology,Accessories
4824,"Stockwell Paper Clips, Bulk Pack",Office Supplies,Fasteners
4850,"Stockwell Staples, Assorted Sizes",Office Supplies,Fasteners
6623,Xerox 221,Office Supplies,Paper
6319,Xerox 192,Office Supplies,Paper
5017,"Stockwell Staples, Bulk Pack",Office Supplies,Fasteners
6610,"Adams Write n' Stick Phone Message Book, 11"" X 5 1/4"", 200 Messages",Office Supplies,Paper
5737,"Harbour Creations Removable Labels, Laser Printer Compatible",Office Supplies,Labels
1655,"Advantus Stacking Tray, Durable",Furniture,Furnishings
5937,"Avery Removable Labels, Laser Printer Compatible",Office Supplies,Labels
468,"Ikea Library with Doors, Traditional",Furniture,Bookcases
596,"SAFCO Executive Leather Armchair, Set of Two",Furniture,Chairs
283,"Dania Library with Doors, Pine",Furniture,Bookcases
4496,Ames Color-File Green Diamond Border X-ray Mailers,Office Supplies,Envelopes
8922,"Sharp Fax Machine, Digital",Technology,Copiers
9738,"Apple Smart Phone, Full Size",Technology,Phones
906,"Novimex Executive Leather Armchair, Adjustable",Furniture,Chairs
814,"SAFCO Rocking Chair, Red",Furniture,Chairs
10016,"Samsung Speaker Phone, Full Size",Technology,Phones
9307,"Okidata Phone, Wireless",Technology,Machines
9868,"Apple Speaker Phone, Cordless",Technology,Phones
3458,"Ibico Binder, Economy",Office Supplies,Binders
4457,"Jiffy Clasp Envelope, Set of 50",Office Supplies,Envelopes
2839,"Stanley Pencil Sharpener, Easy-Erase",Office Supplies,Art
7561,"Stiletto Box Cutter, Easy Grip",Office Supplies,Supplies
4427,"Jiffy Mailers, with clear poly window",Office Supplies,Envelopes
7183,"Fellowes Shelving, Single Width",Office Supplies,Storage
5901,"Novimex File Folder Labels, 5000 Label Set",Office Supplies,Labels
1391,Eldon 100 Class Desk Accessories,Furniture,Furnishings
2959,Newell 310,Office Supplies,Art
395,"Bush Andora Bookcase, Maple/Graphite Gray Finish",Furniture,Bookcases
9055,"HP Ink, Color",Technology,Copiers
8528,"Brother Personal Copier, Color",Technology,Copiers
9466,"Epson Receipt Printer, Durable",Technology,Machines
7267,"Tenex Trays, Wire Frame",Office Supplies,Storage
10099,OtterBox Commuter Series Case - Samsung Galaxy S4,Technology,Phones
2577,"Breville Coffee Grinder, Black",Office Supplies,Appliances
708,SAFCO Optional Arm Kit for Workspace Cribbage Stacking Chair,Furniture,Chairs
4660,"GlobeWeis Mailers, Recycled",Office Supplies,Envelopes
7163,"Tenex Box, Wire Frame",Office Supplies,Storage
3599,Wilson Jones Active Use Binders,Office Supplies,Binders
5171,"Advantus Thumb Tacks, Bulk Pack",Office Supplies,Fasteners
3051,"Stanley Pens, Fluorescent",Office Supplies,Art
5632,"Hon File Folder Labels, Laser Printer Compatible",Office Supplies,Labels
3343,"Avery Round Labels, Laser Printer Compatible",Office Supplies,Labels
4000,"Ibico Hole Reinforcements, Durable",Office Supplies,Binders
5600,Permanent Self-Adhesive File Folder Labels for Typewriters by Universal,Office Supplies,Labels
8707,"Brother Copy Machine, Color",Technology,Copiers
10282,"StarTech Phone, White",Technology,Machines
9435,"Epson Card Printer, Wireless",Technology,Machines
2464,APC 7 Outlet Network SurgeArrest Surge Protector,Office Supplies,Appliances
1378,Eldon Econocleat Chair Mats for Low Pile Carpets,Furniture,Furnishings
8834,"Hewlett Fax and Copier, Color",Technology,Copiers
6521,"Eaton Message Books, Multicolor",Office Supplies,Paper
3877,"Acco Binding Machine, Recycled",Office Supplies,Binders
8956,"HP Personal Copier, Laser",Technology,Copiers
6699,"SanDisk Message Books, Premium",Office Supplies,Paper
8491,"Belkin Numeric Keypad, USB",Technology,Accessories
6738,"SanDisk Note Cards, Premium",Office Supplies,Paper
6483,Southworth 100% Cotton The Best Paper,Office Supplies,Paper
7298,"Rogers File Cart, Industrial",Office Supplies,Storage
63,"Safco Library with Doors, Mobile",Furniture,Bookcases
763,"Hon Rocking Chair, Adjustable",Furniture,Chairs
355,Hon 4-Shelf Metal Bookcases,Furniture,Bookcases
8712,"Canon Personal Copier, Digital",Technology,Copiers
9076,"HP Personal Copier, High-Speed",Technology,Copiers
1961,"Barricks Training Table, Fully Assembled",Furniture,Tables
733,"Hon Chairmat, Black",Furniture,Chairs
9130,"StarTech Calculator, White",Technology,Machines
10102,"Cisco Headset, Cordless",Technology,Phones
1944,Bevis Rectangular Conference Tables,Furniture,Tables
1832,"Safco Library with Doors, Traditional",Furniture,Bookcases
5298,"Hamilton Beach Toaster, Silver",Office Supplies,Appliances
1886,"Sauder Stackable Bookrack, Pine",Furniture,Bookcases
2041,BPI Conference Tables,Furniture,Tables
2441,"Cuisinart Toaster, Red",Office Supplies,Appliances
1505,"Howard Miller 13-1/2"" Diameter Rosebrook Wall Clock",Furniture,Furnishings
6888,Fellowes Desktop Hanging File Manager,Office Supplies,Storage
7867,"Tenex Box, Blue",Office Supplies,Storage
5390,"Ibico 3-Hole Punch, Economy",Office Supplies,Binders
7180,Safco Industrial Wire Shelving,Office Supplies,Storage
1817,"Rubbermaid Photo Frame, Duo Pack",Furniture,Furnishings
6510,"SanDisk Note Cards, Premium",Office Supplies,Paper
1483,"Tenex Light Bulb, Durable",Furniture,Furnishings
6066,"Green Bar Note Cards, Premium",Office Supplies,Paper
6001,"OIC Paper Clips, Assorted Sizes",Office Supplies,Fasteners
3617,Pressboard Hanging Data Binders for Unburst Sheets,Office Supplies,Binders
3533,"GBC White Gloss Covers, Plain Front",Office Supplies,Binders
10178,PNY Rapid USB Car Charger - Black,Technology,Phones
7413,"Stockwell Paper Clips, Assorted Sizes",Office Supplies,Fasteners
5242,"GlobeWeis Business Envelopes, Set of 50",Office Supplies,Envelopes
7354,"Stiletto Scissors, Easy Grip",Office Supplies,Supplies
3351,"Avery Color Coded Labels, Adjustable",Office Supplies,Labels
7340,"Stanley Pens, Water Color",Office Supplies,Art
3977,Peel & Stick Add-On Corner Pockets,Office Supplies,Binders
2062,"Barricks Coffee Table, Adjustable Height",Furniture,Tables
8231,"SanDisk Flash Drive, USB",Technology,Accessories
1855,"Safco Library with Doors, Mobile",Furniture,Bookcases
6061,Xerox 1888,Office Supplies,Paper
7468,"Acme Shears, Steel",Office Supplies,Supplies
9876,"Nokia Signal Booster, with Caller ID",Technology,Phones
10183,Nokia Lumia 521 (T-Mobile),Technology,Phones
8183,HP Standard 104 key PS/2 Keyboard,Technology,Accessories
6222,"1/4 Fold Party Design Invitations & White Envelopes, 24 8-1/2"" X 11"" Cards, 25 Env./Pack",Office Supplies,Paper
6771,"Smead Box, Single Width",Office Supplies,Storage
7642,"Kleencut Scissors, Serrated",Office Supplies,Supplies
4453,"Peel & Seel Recycled Catalog Envelopes, Brown",Office Supplies,Envelopes
3841,3M Organizer Strips,Office Supplies,Binders
5123,"Accos Staples, Assorted Sizes",Office Supplies,Fasteners
9967,"Cisco Smart Phone, Full Size",Technology,Phones
1873,"SAFCO Steel Folding Chair, Set of Two",Furniture,Chairs
6594,Multicolor Computer Printout Paper,Office Supplies,Paper
7996,"SanDisk Flash Drive, Erganomic",Technology,Accessories
2758,"Hoover Coffee Grinder, Red",Office Supplies,Appliances
10200,"Samsung Speaker Phone, with Caller ID",Technology,Phones
9032,"Hewlett Copy Machine, Laser",Technology,Copiers
626,"SAFCO Steel Folding Chair, Red",Furniture,Chairs
5066,"Stockwell Thumb Tacks, Bulk Pack",Office Supplies,Fasteners
5372,"Hoover Toaster, White",Office Supplies,Appliances
5716,"Smead Shipping Labels, Alphabetical",Office Supplies,Labels
3845,"Wilson Jones Binder Covers, Durable",Office Supplies,Binders
3361,"Avery 3-Hole Punch, Economy",Office Supplies,Binders
6238,"Green Bar Note Cards, Premium",Office Supplies,Paper
5470,"Kraft Peel and Seal, Recycled",Office Supplies,Envelopes
5237,"GlobeWeis Clasp Envelope, Recycled",Office Supplies,Envelopes
6225,Tops Wirebound Message Log Books,Office Supplies,Paper
2506,"Hamilton Beach Microwave, Black",Office Supplies,Appliances
2677,"Breville Microwave, Black",Office Supplies,Appliances
8746,"Brother Wireless Fax, High-Speed",Technology,Copiers
2609,Holmes Harmony HEPA Air Purifier for 17 x 20 Room,Office Supplies,Appliances
1751,"Lesro Computer Table, Adjustable Height",Furniture,Tables
9786,"Nokia Speaker Phone, Full Size",Technology,Phones
8104,"Enermax Memory Card, Bluetooth",Technology,Accessories
1163,"Deflect-O Photo Frame, Erganomic",Furniture,Furnishings
4473,"Cameo Manila Envelope, Recycled",Office Supplies,Envelopes
2880,"Boston Markers, Blue",Office Supplies,Art
5781,"Avery Removable Labels, Adjustable",Office Supplies,Labels
3004,"Boston Markers, Blue",Office Supplies,Art
7973,"Logitech Numeric Keypad, USB",Technology,Accessories
8032,"Enermax Mouse, Programmable",Technology,Accessories
2961,"Binney & Smith Pens, Blue",Office Supplies,Art
5275,"Green Bar Parchment Paper, 8.5 x 11",Office Supplies,Paper
5951,"Smead Color Coded Labels, Alphabetical",Office Supplies,Labels
4704,Fashion Color Clasp Envelopes,Office Supplies,Envelopes
7681,"Acme Ruler, High Speed",Office Supplies,Supplies
4904,"Stockwell Rubber Bands, Metal",Office Supplies,Fasteners
5541,"Smead Round Labels, Alphabetical",Office Supplies,Labels
5950,"Harbour Creations Round Labels, Alphabetical",Office Supplies,Labels
6324,"Eaton Memo Slips, Recycled",Office Supplies,Paper
3486,"Ibico Binder Covers, Clear",Office Supplies,Binders
6247,Hammermill CopyPlus Copy Paper (20Lb. and 84 Bright),Office Supplies,Paper
9476,"Epson Receipt Printer, Red",Technology,Machines
568,Safco Contoured Stacking Chairs,Furniture,Chairs
9632,"Cisco Signal Booster, Cordless",Technology,Phones
1827,"Safco Library with Doors, Pine",Furniture,Bookcases
10277,"StarTech Receipt Printer, White",Technology,Machines
1637,"Advantus Photo Frame, Erganomic",Furniture,Furnishings
704,Office Star Flex Back Scooter Chair with White Frame,Furniture,Chairs
222,"Dania Floating Shelf Set, Pine",Furniture,Bookcases
9592,"Okidata Inkjet, Wireless",Technology,Machines
1498,"Rubbermaid Photo Frame, Duo Pack",Furniture,Furnishings
623,"Office Star Swivel Stool, Black",Furniture,Chairs
4706,"Cameo Manila Envelope, Security-Tint",Office Supplies,Envelopes
3224,"Stanley Canvas, Water Color",Office Supplies,Art
3553,"Avery Binding Machine, Recycled",Office Supplies,Binders
4498,Quality Park Security Envelopes,Office Supplies,Envelopes
2741,"Conquest 14 Commercial Heavy-Duty Upright Vacuum, Collection System, Accessory Kit",Office Supplies,Appliances
2295,"Acme Trimmer, High Speed",Office Supplies,Supplies
4280,"Ames Clasp Envelope, Recycled",Office Supplies,Envelopes
4155,"Cuisinart Toaster, Black",Office Supplies,Appliances
5320,"Harbour Creations Shipping Labels, Laser Printer Compatible",Office Supplies,Labels
4456,Staples,Office Supplies,Envelopes
9520,"Memorex Numeric Keypad, USB",Technology,Accessories
3651,UniKeep View Case Binders,Office Supplies,Binders
1337,Staples,Furniture,Furnishings
10229,"SanDisk Mouse, Programmable",Technology,Accessories
8801,"Canon Fax and Copier, Color",Technology,Copiers
9912,Samsung Galaxy S4,Technology,Phones
1973,"Hon Wood Table, Adjustable Height",Furniture,Tables
597,Global Executive Mid-Back Manager's Chair,Furniture,Chairs
9299,"Epson Receipt Printer, Wireless",Technology,Machines
693,"Novimex Rocking Chair, Red",Furniture,Chairs
9691,"Samsung Audio Dock, Cordless",Technology,Phones
97,"Safco Classic Bookcase, Metal",Furniture,Bookcases
6798,"Recycled Data-Pak for Archival Bound Computer Printouts, 12-1/2 x 12-1/2 x 16",Office Supplies,Storage
681,"Global Leather & Oak Executive Chair, Burgundy",Furniture,Chairs
6257,Xerox 1885,Office Supplies,Paper
8113,Memorex Mini Travel Drive 16 GB USB 2.0 Flash Drive,Technology,Accessories
1349,"Executive Impressions 14""",Furniture,Furnishings
3390,"Ibico Binding Machine, Recycled",Office Supplies,Binders
10043,"Cisco Office Telephone, Cordless",Technology,Phones
1443,"Eldon 200 Class Desk Accessories, Burgundy",Furniture,Furnishings
7070,"Eldon Folders, Single Width",Office Supplies,Storage
3806,Acco Expandable Hanging Binders,Office Supplies,Binders
8027,"Belkin Router, USB",Technology,Accessories
8640,"Brother Ink, Color",Technology,Copiers
259,"Bush Classic Bookcase, Metal",Furniture,Bookcases
1929,Bretford CR4500 Series Slim Rectangular Table,Furniture,Tables
56,"Safco 3-Shelf Cabinet, Metal",Furniture,Bookcases
7228,"Rogers Trays, Wire Frame",Office Supplies,Storage
6985,"Smead Lockers, Single Width",Office Supplies,Storage
323,"Sauder Camden County Collection Libraries, Planked Cherry Finish",Furniture,Bookcases
8045,"Enermax Numeric Keypad, Erganomic",Technology,Accessories
8623,"Canon Fax and Copier, Color",Technology,Copiers
6091,"Wirebound Message Books, Four 2 3/4 x 5 White Forms per Page",Office Supplies,Paper
6436,"Xerox Note Cards, 8.5 x 11",Office Supplies,Paper
7496,"Elite Box Cutter, Easy Grip",Office Supplies,Supplies
3316,Staples,Office Supplies,Art
5514,Avery 52,Office Supplies,Labels
5633,Avery 520,Office Supplies,Labels
2445,"Hoover Stove, White",Office Supplies,Appliances
9655,"Samsung Office Telephone, Full Size",Technology,Phones
5608,"Avery Address/Shipping Labels for Typewriters, 4"" x 2""",Office Supplies,Labels
1161,"Deflect-O Clock, Black",Furniture,Furnishings
9863,ClearSounds CSC500 Amplified Spirit Phone Corded phone,Technology,Phones
6363,Xerox 1970,Office Supplies,Paper
5344,"Hon Round Labels, 5000 Label Set",Office Supplies,Labels
8408,"Logitech Flash Drive, USB",Technology,Accessories
7389,"Stockwell Staples, 12 Pack",Office Supplies,Fasteners
3513,"Acco Index Tab, Clear",Office Supplies,Binders
7152,"Eldon Shelving, Wire Frame",Office Supplies,Storage
1471,Eldon Radial Chair Mat for Low to Medium Pile Carpets,Furniture,Furnishings
9383,"Panasonic Printer, Durable",Technology,Machines
1526,Eldon Cleatmat Plus Chair Mats for High Pile Carpets,Furniture,Furnishings
1920,"Chromcraft Wood Table, Fully Assembled",Furniture,Tables
8291,Micropad Numeric Keypads,Technology,Accessories
7545,"Kleencut Letter Opener, Easy Grip",Office Supplies,Supplies
8525,"Brother Fax and Copier, High-Speed",Technology,Copiers
8604,"Canon Fax and Copier, Digital",Technology,Copiers
987,"Novimex Bag Chairs, Adjustable",Furniture,Chairs
80,"Sauder Camden County Barrister Bookcase, Planked Cherry Finish",Furniture,Bookcases
5473,"Kraft Interoffice Envelope, Security-Tint",Office Supplies,Envelopes
3803,"Acco Hole Reinforcements, Recycled",Office Supplies,Binders
267,"Safco Floating Shelf Set, Mobile",Furniture,Bookcases
4513,"Ames Manila Envelope, Security-Tint",Office Supplies,Envelopes
5692,Avery 489,Office Supplies,Labels
4740,"Advantus Staples, Bulk Pack",Office Supplies,Fasteners
4730,"Enermax Parchment Paper, Recycled",Office Supplies,Paper
4601,Laser & Ink Jet Business Envelopes,Office Supplies,Envelopes
3035,"Sanford Pens, Blue",Office Supplies,Art
1572,"Eldon Door Stop, Black",Furniture,Furnishings
4832,"Stockwell Staples, 12 Pack",Office Supplies,Fasteners
7165,"Rogers Folders, Industrial",Office Supplies,Storage
3039,Newell 331,Office Supplies,Art
5930,"Avery Shipping Labels, 5000 Label Set",Office Supplies,Labels
3245,"Stanley Highlighters, Easy-Erase",Office Supplies,Art
6770,"Smead Color Coded Labels, Laser Printer Compatible",Office Supplies,Labels
3559,"Ibico Hole Reinforcements, Durable",Office Supplies,Binders
8599,"Hewlett Fax Machine, Digital",Technology,Copiers
9437,"Konica Phone, Wireless",Technology,Machines
4232,"Elite Trimmer, Steel",Office Supplies,Supplies
6934,"Rogers File Cart, Single Width",Office Supplies,Storage
1104,"Rubbermaid Photo Frame, Duo Pack",Furniture,Furnishings
9606,"Panasonic Phone, Wireless",Technology,Machines
3454,"Acco 3-Hole Punch, Recycled",Office Supplies,Binders
10028,"Apple Office Telephone, with Caller ID",Technology,Phones
4316,"Ames Business Envelopes, Set of 50",Office Supplies,Envelopes
4948,"Accos Paper Clips, Metal",Office Supplies,Fasteners
7756,"Fiskars Shears, Steel",Office Supplies,Supplies
5762,"Harbour Creations Color Coded Labels, 5000 Label Set",Office Supplies,Labels
5776,"Harbour Creations Shipping Labels, 5000 Label Set",Office Supplies,Labels
7243,"Eldon Box, Single Width",Office Supplies,Storage
2883,"Binney & Smith Markers, Fluorescent",Office Supplies,Art
3493,"Wilson Jones Binder, Recycled",Office Supplies,Binders
2931,"Stanley Pens, Easy-Erase",Office Supplies,Art
5747,"Smead Round Labels, Laser Printer Compatible",Office Supplies,Labels
5627,"Harbour Creations Removable Labels, Adjustable",Office Supplies,Labels
5652,"Smead Round Labels, 5000 Label Set",Office Supplies,Labels
8620,"HP Wireless Fax, Laser",Technology,Copiers
7161,"Eldon Trays, Wire Frame",Office Supplies,Storage
8532,"Brother Fax Machine, High-Speed",Technology,Copiers
8237,"Belkin Keyboard, USB",Technology,Accessories
3899,"Acco 3-Hole Punch, Recycled",Office Supplies,Binders
2454,"Breville Toaster, Black",Office Supplies,Appliances
3614,"Avery Binder, Clear",Office Supplies,Binders
7309,"Tenex Trays, Single Width",Office Supplies,Storage
4667,"Ames Mailers, Security-Tint",Office Supplies,Envelopes
5150,"OIC Clamps, Assorted Sizes",Office Supplies,Fasteners
7446,"Kleencut Ruler, Serrated",Office Supplies,Supplies
4614,Park Ridge Embossed Executive Business Envelopes,Office Supplies,Envelopes
6258,"Green Bar Note Cards, Multicolor",Office Supplies,Paper
5142,"Stockwell Push Pins, Bulk Pack",Office Supplies,Fasteners
694,Office Star - Professional Matrix Back Chair with 2-to-1 Synchro Tilt and Mesh Fabric Seat,Furniture,Chairs
8048,"Belkin Router, Erganomic",Technology,Accessories
1934,"Bevis Computer Table, Adjustable Height",Furniture,Tables
1185,"Rubbermaid Frame, Black",Furniture,Furnishings
6856,"Rogers Shelving, Single Width",Office Supplies,Storage
8821,"Hewlett Personal Copier, Digital",Technology,Copiers
4474,"Kraft Peel and Seal, Recycled",Office Supplies,Envelopes
922,"SAFCO Bag Chairs, Set of Two",Furniture,Chairs
5206,"Fellowes Shelving, Industrial",Office Supplies,Storage
3024,"BIC Highlighters, Blue",Office Supplies,Art
6187,"Eaton Note Cards, 8.5 x 11",Office Supplies,Paper
1538,"Linden 10"" Round Wall Clock, Black",Furniture,Furnishings
1325,"Floodlight Indoor Halogen Bulbs, 1 Bulb per Pack, 60 Watts",Furniture,Furnishings
9803,"BlueLounge Milo Smartphone Stand, White/Metallic",Technology,Phones
1179,"Rubbermaid Light Bulb, Black",Furniture,Furnishings
5863,"Avery Shipping Labels, 5000 Label Set",Office Supplies,Labels
3139,"BIC Markers, Water Color",Office Supplies,Art
6330,"Eaton Message Books, Recycled",Office Supplies,Paper
978,"Hon Bag Chairs, Black",Furniture,Chairs
5982,"OIC Paper Clips, 12 Pack",Office Supplies,Fasteners
5939,"Avery Shipping Labels, Alphabetical",Office Supplies,Labels
1043,"Dania 3-Shelf Cabinet, Metal",Furniture,Bookcases
9069,"HP Fax Machine, Digital",Technology,Copiers
24,"Advantus Door Stop, Erganomic",Furniture,Furnishings
8972,"Hewlett Ink, Digital",Technology,Copiers
9445,"Konica Calculator, Wireless",Technology,Machines
6423,"Enermax Note Cards, Premium",Office Supplies,Paper
3483,"Avery Binding Machine, Recycled",Office Supplies,Binders
8050,Imation 32GB Pocket Pro USB 3.0 Flash Drive - 32 GB - Black - 1 P ...,Technology,Accessories
1534,"DAX Metal Frame, Desktop, Stepped-Edge",Furniture,Furnishings
9143,"StarTech Calculator, Red",Technology,Machines
3148,"Sanford Markers, Easy-Erase",Office Supplies,Art
1420,12-1/2 Diameter Round Wall Clock,Furniture,Furnishings
5557,Avery 509,Office Supplies,Labels
3650,"Acco Index Tab, Durable",Office Supplies,Binders
7937,Kingston Digital DataTraveler 8GB USB 2.0,Technology,Accessories
9644,"Motorola Smart Phone, with Caller ID",Technology,Phones
8946,"Canon Wireless Fax, Digital",Technology,Copiers
138,"Bush Library with Doors, Mobile",Furniture,Bookcases
9189,"Panasonic Calculator, Red",Technology,Machines
9323,"Panasonic Receipt Printer, Red",Technology,Machines
7090,"Eldon Lockers, Blue",Office Supplies,Storage
10052,Jabra Supreme Plus Driver Edition Headset,Technology,Phones
9626,"Motorola Headset, VoIP",Technology,Phones
7160,"Tenex File Cart, Single Width",Office Supplies,Storage
2773,"Cuisinart Toaster, Red",Office Supplies,Appliances
1657,"Tenex Clock, Duo Pack",Furniture,Furnishings
7123,"Rogers Box, Industrial",Office Supplies,Storage
3508,"Ibico Binder, Clear",Office Supplies,Binders
6055,"Enermax Parchment Paper, Multicolor",Office Supplies,Paper
3990,"Acco Binding Machine, Durable",Office Supplies,Binders
1700,"Hon Executive Leather Armchair, Red",Furniture,Chairs
9412,"StarTech Printer, Durable",Technology,Machines
3113,"Hunt BOSTON Model 1606 High-Volume Electric Pencil Sharpener, Beige",Office Supplies,Art
10128,"Cisco Speaker Phone, with Caller ID",Technology,Phones
988,"Office Star Executive Leather Armchair, Adjustable",Furniture,Chairs
8199,"Enermax Memory Card, USB",Technology,Accessories
918,"SAFCO Executive Leather Armchair, Black",Furniture,Chairs
2966,"Binney & Smith Highlighters, Fluorescent",Office Supplies,Art
9821,Panasonic KX T7736-B Digital phone,Technology,Phones
3960,"Wilson Jones Binding Machine, Recycled",Office Supplies,Binders
4852,"Advantus Thumb Tacks, 12 Pack",Office Supplies,Fasteners
3690,"Avery Binder, Economy",Office Supplies,Binders
5318,"Harbour Creations Round Labels, 5000 Label Set",Office Supplies,Labels
9828,Lunatik TT5L-002 Taktik Strike Impact Protection System for iPhone 5,Technology,Phones
3356,"Avery 3-Hole Punch, Clear",Office Supplies,Binders
6955,Standard Rollaway File with Lock,Office Supplies,Storage
9730,"Apple Smart Phone, Cordless",Technology,Phones
8800,"Canon Copy Machine, Laser",Technology,Copiers
2679,"Hoover Stove, Black",Office Supplies,Appliances
580,"Hon Executive Leather Armchair, Black",Furniture,Chairs
8383,"Logitech Flash Drive, USB",Technology,Accessories
3505,"Wilson Jones Binder, Recycled",Office Supplies,Binders
5173,"Stockwell Rubber Bands, Bulk Pack",Office Supplies,Fasteners
9869,"Cisco Office Telephone, VoIP",Technology,Phones
8461,"SanDisk Numeric Keypad, Erganomic",Technology,Accessories
499,"Bush 3-Shelf Cabinet, Metal",Furniture,Bookcases
5866,"Novimex Color Coded Labels, Laser Printer Compatible",Office Supplies,Labels
7059,Rogers Deluxe File Chest,Office Supplies,Storage
9659,Shocksock Galaxy S4 Armband,Technology,Phones
6586,"Green Bar Computer Printout Paper, 8.5 x 11",Office Supplies,Paper
7023,File Shuttle I and Handi-File,Office Supplies,Storage
6494,"SanDisk Message Books, Multicolor",Office Supplies,Paper
2717,Bionaire 99.97% HEPA Air Cleaner,Office Supplies,Appliances
7144,"Eldon Box, Wire Frame",Office Supplies,Storage
6016,Green Bar Computer Printout Paper,Office Supplies,Paper
282,"Safco Stackable Bookrack, Mobile",Furniture,Bookcases
10185,"Nokia Office Telephone, Cordless",Technology,Phones
7695,"Elite Letter Opener, Steel",Office Supplies,Supplies
4438,"Kraft Manila Envelope, Recycled",Office Supplies,Envelopes
1207,"Advantus Light Bulb, Durable",Furniture,Furnishings
3928,"Wilson Jones Index Tab, Recycled",Office Supplies,Binders
257,"Dania Classic Bookcase, Mobile",Furniture,Bookcases
8854,"Brother Personal Copier, Digital",Technology,Copiers
9907,"Apple Audio Dock, with Caller ID",Technology,Phones
925,"Office Star Rocking Chair, Adjustable",Furniture,Chairs
8810,"Brother Fax and Copier, Laser",Technology,Copiers
9593,"Okidata Receipt Printer, Red",Technology,Machines
8644,"Hewlett Copy Machine, High-Speed",Technology,Copiers
4345,"Cameo Interoffice Envelope, Security-Tint",Office Supplies,Envelopes
4012,"BIC Pencil Sharpener, Fluorescent",Office Supplies,Art
6188,"SanDisk Cards & Envelopes, Recycled",Office Supplies,Paper
6279,Xerox 1964,Office Supplies,Paper
2911,"Stanley Pens, Fluorescent",Office Supplies,Art
6877,"Companion Letter/Legal File, Black",Office Supplies,Storage
7672,"Stiletto Ruler, Easy Grip",Office Supplies,Supplies
7554,"Kleencut Trimmer, Easy Grip",Office Supplies,Supplies
4708,"Jiffy Manila Envelope, Recycled",Office Supplies,Envelopes
5871,"Hon Color Coded Labels, 5000 Label Set",Office Supplies,Labels
9976,Samsung HM1900 Bluetooth Headset,Technology,Phones
3972,"Cardinal Binder, Durable",Office Supplies,Binders
7850,"Tenex Trays, Blue",Office Supplies,Storage
3452,"Acco Index Tab, Economy",Office Supplies,Binders
3290,"Boston Pens, Fluorescent",Office Supplies,Art
5223,"Fiskars Box Cutter, High Speed",Office Supplies,Supplies
6000,"OIC Rubber Bands, Bulk Pack",Office Supplies,Fasteners
3538,"Acco PRESSTEX Data Binder with Storage Hooks, Dark Blue, 9 1/2"" X 11""",Office Supplies,Binders
5996,"OIC Staples, Metal",Office Supplies,Fasteners
2320,"Advantus Thumb Tacks, Metal",Office Supplies,Fasteners
158,"Ikea Library with Doors, Mobile",Furniture,Bookcases
8672,"Sharp Fax Machine, Laser",Technology,Copiers
2048,"Barricks Computer Table, with Bottom Storage",Furniture,Tables
169,"Bush Stackable Bookrack, Pine",Furniture,Bookcases
8723,Canon PC940 Copier,Technology,Copiers
8904,"Sharp Copy Machine, High-Speed",Technology,Copiers
879,"Harbour Creations Chairmat, Black",Furniture,Chairs
10023,"Samsung Speaker Phone, VoIP",Technology,Phones
1623,"Tenex Stacking Tray, Erganomic",Furniture,Furnishings
5136,"Advantus Clamps, 12 Pack",Office Supplies,Fasteners
6116,"Enermax Computer Printout Paper, Premium",Office Supplies,Paper
8022,"SanDisk Flash Drive, USB",Technology,Accessories
9860,"Apple Audio Dock, Cordless",Technology,Phones
6733,"Sanford Sketch Pad, Water Color",Office Supplies,Art
5837,"Hon Removable Labels, Adjustable",Office Supplies,Labels
6515,Xerox 1987,Office Supplies,Paper
3963,"Avery Index Tab, Clear",Office Supplies,Binders
6755,"Smead Shipping Labels, 5000 Label Set",Office Supplies,Labels
3631,"Avery Binder Covers, Economy",Office Supplies,Binders
2336,"Ames Peel and Seal, Set of 50",Office Supplies,Envelopes
7491,"Fiskars Ruler, High Speed",Office Supplies,Supplies
7409,"Stockwell Push Pins, Bulk Pack",Office Supplies,Fasteners
6028,Astroparche Fine Business Paper,Office Supplies,Paper
33,"Barricks Training Table, with Bottom Storage",Furniture,Tables
6143,"Enermax Note Cards, Multicolor",Office Supplies,Paper
1368,"Advantus Photo Frame, Durable",Furniture,Furnishings
680,Office Star - Contemporary Swivel Chair with Padded Adjustable Arms and Flex Back,Furniture,Chairs
7200,"Fellowes File Cart, Single Width",Office Supplies,Storage
6263,"Eaton Message Books, 8.5 x 11",Office Supplies,Paper
6308,"Xerox Color Copier Paper, 11"" x 17"", Ream",Office Supplies,Paper
3086,"Boston Highlighters, Water Color",Office Supplies,Art
3657,"Acco Binder, Clear",Office Supplies,Binders
5542,"Harbour Creations Shipping Labels, Alphabetical",Office Supplies,Labels
3430,Poly Designer Cover & Back,Office Supplies,Binders
5741,"Novimex Shipping Labels, Laser Printer Compatible",Office Supplies,Labels
8805,"Brother Fax Machine, High-Speed",Technology,Copiers
806,"Harbour Creations Rocking Chair, Adjustable",Furniture,Chairs
177,"Bush Classic Bookcase, Metal",Furniture,Bookcases
2180,Hon Non-Folding Utility Tables,Furniture,Tables
948,"SAFCO Rocking Chair, Red",Furniture,Chairs
8793,"Brother Copy Machine, Laser",Technology,Copiers
1878,"Sauder Stackable Bookrack, Pine",Furniture,Bookcases
4078,"Boston Markers, Water Color",Office Supplies,Art
1033,"Dania Floating Shelf Set, Metal",Furniture,Bookcases
880,"Hon Steel Folding Chair, Set of Two",Furniture,Chairs
9418,"Konica Calculator, Durable",Technology,Machines
5290,"Hamilton Beach Blender, Silver",Office Supplies,Appliances
10070,"Cisco Signal Booster, Cordless",Technology,Phones
9080,"Konica Phone, White",Technology,Machines
10207,"Samsung Office Telephone, Cordless",Technology,Phones
6505,"Eaton Note Cards, Premium",Office Supplies,Paper
1549,Eldon Advantage Chair Mats for Low to Medium Pile Carpets,Furniture,Furnishings
7372,"Stockwell Thumb Tacks, 12 Pack",Office Supplies,Fasteners
5813,"Novimex Legal Exhibit Labels, Alphabetical",Office Supplies,Labels
4196,"Eaton Message Books, Recycled",Office Supplies,Paper
1821,"Rubbermaid Light Bulb, Duo Pack",Furniture,Furnishings
5255,"GlobeWeis Business Envelopes, with clear poly window",Office Supplies,Envelopes
6852,Woodgrain Magazine Files by Perma,Office Supplies,Storage
4613,"Cameo Peel and Seal, with clear poly window",Office Supplies,Envelopes
2724,"Cuisinart Stove, White",Office Supplies,Appliances
1906,"Barricks Conference Table, Fully Assembled",Furniture,Tables
8988,"Enermax Mouse, USB",Technology,Accessories
8261,"SanDisk Router, USB",Technology,Accessories
573,"Hon Swivel Stool, Adjustable",Furniture,Chairs
769,"SAFCO Steel Folding Chair, Set of Two",Furniture,Chairs
7019,"Fellowes Trays, Blue",Office Supplies,Storage
1454,"Deflect-O Photo Frame, Durable",Furniture,Furnishings
3057,"Sanford Highlighters, Easy-Erase",Office Supplies,Art
1190,"Rubbermaid Door Stop, Durable",Furniture,Furnishings
8572,"Cisco Audio Dock, with Caller ID",Technology,Phones
3030,"Stanley Pencil Sharpener, Fluorescent",Office Supplies,Art
3063,"Binney & Smith Sketch Pad, Fluorescent",Office Supplies,Art
1353,"Rubbermaid Photo Frame, Erganomic",Furniture,Furnishings
6341,"Xerox Memo Slips, 8.5 x 11",Office Supplies,Paper
2632,"Breville Toaster, Red",Office Supplies,Appliances
1545,Howard Miller 12-3/4 Diameter Accuwave DS  Wall Clock,Furniture,Furnishings
7597,"Elite Ruler, Steel",Office Supplies,Supplies
7032,"Rogers Shelving, Wire Frame",Office Supplies,Storage
4485,"Ames Manila Envelope, with clear poly window",Office Supplies,Envelopes
6527,"Green Bar Cards & Envelopes, Premium",Office Supplies,Paper
10098,"Motorola Headset, with Caller ID",Technology,Phones
3408,"Wilson Jones Index Tab, Recycled",Office Supplies,Binders
4403,"Ames Clasp Envelope, Set of 50",Office Supplies,Envelopes
8735,"Sharp Copy Machine, High-Speed",Technology,Copiers
8527,"Brother Fax Machine, Laser",Technology,Copiers
6844,"Tenex Lockers, Wire Frame",Office Supplies,Storage
9600,"Okidata Receipt Printer, Wireless",Technology,Machines
8247,Plantronics CS510 - Over-the-Head monaural Wireless Headset System,Technology,Accessories
563,"Novimex Steel Folding Chair, Adjustable",Furniture,Chairs
2051,Hon Rectangular Conference Tables,Furniture,Tables
3565,"Cardinal 3-Hole Punch, Clear",Office Supplies,Binders
2748,"Cuisinart Toaster, Black",Office Supplies,Appliances
1795,"Office Star Steel Folding Chair, Adjustable",Furniture,Chairs
2693,"Hoover Coffee Grinder, Black",Office Supplies,Appliances
5015,Assorted Color Push Pins,Office Supplies,Fasteners
3309,"Boston Pencil Sharpener, Water Color",Office Supplies,Art
298,"Safco Classic Bookcase, Mobile",Furniture,Bookcases
9438,"Epson Printer, White",Technology,Machines
1690,"Hon Computer Table, with Bottom Storage",Furniture,Tables
9087,"Konica Receipt Printer, Durable",Technology,Machines
540,"Office Star Swivel Stool, Red",Furniture,Chairs
2251,"Acco 3-Hole Punch, Clear",Office Supplies,Binders
3859,"Cardinal 3-Hole Punch, Durable",Office Supplies,Binders
8387,"Belkin Keyboard, Bluetooth",Technology,Accessories
9458,"Panasonic Phone, White",Technology,Machines
9536,"Motorola Signal Booster, with Caller ID",Technology,Phones
1237,"Eldon Light Bulb, Black",Furniture,Furnishings
860,"Harbour Creations Rocking Chair, Set of Two",Furniture,Chairs
2849,"Sanford Markers, Fluorescent",Office Supplies,Art
8498,"Belkin Keyboard, Bluetooth",Technology,Accessories
3610,"Avery Index Tab, Durable",Office Supplies,Binders
9494,"Epson Calculator, Durable",Technology,Machines
5251,"GlobeWeis Manila Envelope, Set of 50",Office Supplies,Envelopes
7933,"Logitech Flash Drive, Erganomic",Technology,Accessories
7748,"Acme Box Cutter, High Speed",Office Supplies,Supplies
5853,"Novimex Legal Exhibit Labels, Laser Printer Compatible",Office Supplies,Labels
9645,ARKON Windshield Dashboard Air Vent Car Mount Holder,Technology,Phones
7874,"Wilson Jones Binder, Clear",Office Supplies,Binders
1532,Stackable Trays,Furniture,Furnishings
1905,"Lesro Training Table, Fully Assembled",Furniture,Tables
653,"Office Star Executive Leather Armchair, Red",Furniture,Chairs
3149,"BIC Sketch Pad, Water Color",Office Supplies,Art
2698,"KitchenAid Stove, Red",Office Supplies,Appliances
2720,"Cuisinart Stove, Silver",Office Supplies,Appliances
3472,"Ibico 3-Hole Punch, Economy",Office Supplies,Binders
8820,"HP Fax Machine, Digital",Technology,Copiers
352,"Safco 3-Shelf Cabinet, Pine",Furniture,Bookcases
8038,First Data FD10 PIN Pad,Technology,Accessories
8220,"Enermax Router, Programmable",Technology,Accessories
5677,"Smead Shipping Labels, Laser Printer Compatible",Office Supplies,Labels
6659,"SanDisk Note Cards, Multicolor",Office Supplies,Paper
8225,"Memorex Mouse, Programmable",Technology,Accessories
4339,"Ames Business Envelopes, Security-Tint",Office Supplies,Envelopes
1566,"Executive Impressions 14"" Contract Wall Clock",Furniture,Furnishings
7948,"Memorex Numeric Keypad, USB",Technology,Accessories
2875,"Sanford Markers, Blue",Office Supplies,Art
1184,"Eldon Door Stop, Black",Furniture,Furnishings
7520,"Stiletto Shears, Steel",Office Supplies,Supplies
4787,"OIC Binder Clips, Mini, 1/4"" Capacity, Black",Office Supplies,Fasteners
9517,"Memorex Mouse, Erganomic",Technology,Accessories
3469,Avery Binder Labels,Office Supplies,Binders
2189,"Lesro Conference Table, with Bottom Storage",Furniture,Tables
2023,"Lesro Round Table, with Bottom Storage",Furniture,Tables
820,"Novimex Rocking Chair, Adjustable",Furniture,Chairs
8177,"Memorex Memory Card, Bluetooth",Technology,Accessories
9238,"Konica Printer, White",Technology,Machines
9190,"Okidata Calculator, Red",Technology,Machines
10087,"Apple Audio Dock, with Caller ID",Technology,Phones
9286,"Panasonic Printer, Durable",Technology,Machines
3979,"Acco Binder, Economy",Office Supplies,Binders
4471,"Ames Interoffice Envelope, Security-Tint",Office Supplies,Envelopes
4905,"Stockwell Rubber Bands, Metal",Office Supplies,Fasteners
3325,"Stanley Markers, Blue",Office Supplies,Art
7135,"Eldon Lockers, Wire Frame",Office Supplies,Storage
3809,"Wilson Jones Binder, Recycled",Office Supplies,Binders
5244,"GlobeWeis Manila Envelope, Security-Tint",Office Supplies,Envelopes
561,High-Back Leather Manager's Chair,Furniture,Chairs
476,"Safco 3-Shelf Cabinet, Mobile",Furniture,Bookcases
9836,Wi-Ex zBoost YX540 Cellular Phone Signal Booster,Technology,Phones
9850,Clarity 53712,Technology,Phones
2058,"Hon Computer Table, Fully Assembled",Furniture,Tables
9947,RCA ViSYS 25425RE1 Corded phone,Technology,Phones
6142,"Eaton Memo Slips, Premium",Office Supplies,Paper
3545,Canvas Sectional Post Binders,Office Supplies,Binders
7420,"Stiletto Ruler, High Speed",Office Supplies,Supplies
8497,"Belkin Memory Card, USB",Technology,Accessories
8207,Belkin QODE FastFit Bluetooth Keyboard,Technology,Accessories
2899,"Sanford Highlighters, Fluorescent",Office Supplies,Art
7430,"Kleencut Box Cutter, High Speed",Office Supplies,Supplies
8064,"Memorex Numeric Keypad, Bluetooth",Technology,Accessories
6831,"Rogers Jumbo File, Granite",Office Supplies,Storage
5710,"Novimex Shipping Labels, Alphabetical",Office Supplies,Labels
5052,"Stockwell Push Pins, Bulk Pack",Office Supplies,Fasteners
5119,Advantus T-Pin Paper Clips,Office Supplies,Fasteners
5598,"Hon Removable Labels, Adjustable",Office Supplies,Labels
7660,"Acme Scissors, Serrated",Office Supplies,Supplies
2011,"Chromcraft 48"" x 96"" Racetrack Double Pedestal Table",Furniture,Tables
8079,Logitech G430 Surround Sound Gaming Headset with Dolby 7.1 Technology,Technology,Accessories
4153,"Cuisinart Microwave, Black",Office Supplies,Appliances
8783,"Canon Fax and Copier, High-Speed",Technology,Copiers
154,"Sauder Floating Shelf Set, Pine",Furniture,Bookcases
438,"Bush Classic Bookcase, Pine",Furniture,Bookcases
1003,Global Low Back Tilter Chair,Furniture,Chairs
8935,"Sharp Personal Copier, High-Speed",Technology,Copiers
7753,"Elite Shears, Easy Grip",Office Supplies,Supplies
8524,"Brother Copy Machine, Color",Technology,Copiers
998,"Hon Swivel Stool, Set of Two",Furniture,Chairs
10029,"Apple Signal Booster, VoIP",Technology,Phones
7791,"Stiletto Box Cutter, High Speed",Office Supplies,Supplies
1005,Harbour Creations 67200 Series Stacking Chairs,Furniture,Chairs
8596,"Canon Fax and Copier, Digital",Technology,Copiers
1839,"Safco Floating Shelf Set, Pine",Furniture,Bookcases
4682,"Cameo Interoffice Envelope, Recycled",Office Supplies,Envelopes
2810,"Binney & Smith Canvas, Easy-Erase",Office Supplies,Art
6870,"Rogers File Cart, Blue",Office Supplies,Storage
2776,Hoover Commercial Soft Guard Upright Vacuum And Disposable Filtration Bags,Office Supplies,Appliances
1426,"Advantus Stacking Tray, Black",Furniture,Furnishings
1488,"Deflect-O Light Bulb, Erganomic",Furniture,Furnishings
2494,Belkin Premiere Surge Master II 8-outlet surge protector,Office Supplies,Appliances
3656,"Wilson Jones Hole Reinforcements, Durable",Office Supplies,Binders
3731,"Acco Index Tab, Clear",Office Supplies,Binders
3285,Newell 31,Office Supplies,Art
3712,"Cardinal Binder Covers, Recycled",Office Supplies,Binders
5848,Avery 487,Office Supplies,Labels
8690,"Hewlett Copy Machine, Color",Technology,Copiers
549,"Novimex Bag Chairs, Red",Furniture,Chairs
1455,"Eldon Clock, Erganomic",Furniture,Furnishings
400,"Safco Floating Shelf Set, Metal",Furniture,Bookcases
9676,"Nokia Office Telephone, Full Size",Technology,Phones
3313,"Boston Sketch Pad, Easy-Erase",Office Supplies,Art
7929,"SanDisk Mouse, USB",Technology,Accessories
2555,"Hoover Toaster, White",Office Supplies,Appliances
9372,"Panasonic Receipt Printer, Wireless",Technology,Machines
9777,"Cisco Office Telephone, with Caller ID",Technology,Phones
4674,"Ames Peel and Seal, Set of 50",Office Supplies,Envelopes
6457,"Enermax Computer Printout Paper, Recycled",Office Supplies,Paper
1830,"Safco Library with Doors, Metal",Furniture,Bookcases
4929,"Accos Thumb Tacks, 12 Pack",Office Supplies,Fasteners
3140,"Sanford Canvas, Water Color",Office Supplies,Art
7061,"Fellowes Shelving, Single Width",Office Supplies,Storage
1574,"Tenex Photo Frame, Duo Pack",Furniture,Furnishings
5464,"Kleencut Box Cutter, Steel",Office Supplies,Supplies
1171,"Tenex Light Bulb, Durable",Furniture,Furnishings
1440,"Advantus Stacking Tray, Erganomic",Furniture,Furnishings
6531,"Green Bar Memo Slips, Recycled",Office Supplies,Paper
5043,"Stockwell Paper Clips, Bulk Pack",Office Supplies,Fasteners
4720,"Enermax Message Books, Recycled",Office Supplies,Paper
9609,"Panasonic Calculator, Durable",Technology,Machines
4650,"Ames Clasp Envelope, Security-Tint",Office Supplies,Envelopes
9611,"Panasonic Printer, White",Technology,Machines
2634,"Hoover Stove, Red",Office Supplies,Appliances
9604,"Panasonic Printer, Red",Technology,Machines
8564,"Cisco Office Telephone, Cordless",Technology,Phones
3882,Lock-Up Easel 'Spel-Binder',Office Supplies,Binders
197,"Ikea Floating Shelf Set, Pine",Furniture,Bookcases
7310,Desktop 3-Pocket Hot File,Office Supplies,Storage
2774,"Hamilton Beach Toaster, Silver",Office Supplies,Appliances
10243,"SanDisk Numeric Keypad, Bluetooth",Technology,Accessories
4384,"Ames Mailers, with clear poly window",Office Supplies,Envelopes
10021,"Samsung Headset, with Caller ID",Technology,Phones
3518,"Ibico 3-Hole Punch, Clear",Office Supplies,Binders
1445,"Advantus Light Bulb, Duo Pack",Furniture,Furnishings
3187,Newell 332,Office Supplies,Art
3739,Recycled Easel Ring Binders,Office Supplies,Binders
588,"Harbour Creations Executive Leather Armchair, Adjustable",Furniture,Chairs
9236,"Okidata Card Printer, Red",Technology,Machines
4348,"GlobeWeis Mailers, with clear poly window",Office Supplies,Envelopes
9557,"Nokia Smart Phone, with Caller ID",Technology,Phones
10013,"Samsung Office Telephone, Full Size",Technology,Phones
7605,"Elite Scissors, Steel",Office Supplies,Supplies
8004,"SanDisk Router, Erganomic",Technology,Accessories
6404,"Eaton Memo Slips, Recycled",Office Supplies,Paper
2569,Belkin F9H710-06 7 Outlet SurgeMaster Surge Protector,Office Supplies,Appliances
4698,"Cameo Manila Envelope, with clear poly window",Office Supplies,Envelopes
2496,"Cuisinart Coffee Grinder, Black",Office Supplies,Appliances
1599,"Eldon Light Bulb, Duo Pack",Furniture,Furnishings
2477,"Hoover Toaster, Black",Office Supplies,Appliances
9033,"Hewlett Wireless Fax, Color",Technology,Copiers
1344,"Tenex Stacking Tray, Durable",Furniture,Furnishings
1390,"Eldon Light Bulb, Durable",Furniture,Furnishings
5435,"KitchenAid Blender, White",Office Supplies,Appliances
6183,Computer Printout Paper with Letter-Trim Perforations,Office Supplies,Paper
5648,"Avery Shipping Labels, Adjustable",Office Supplies,Labels
4801,"Accos Rubber Bands, Assorted Sizes",Office Supplies,Fasteners
3128,"Binney & Smith Pencil Sharpener, Water Color",Office Supplies,Art
3299,"Sanford Canvas, Blue",Office Supplies,Art
1996,Hon 61000 Series Interactive Training Tables,Furniture,Tables
7600,"Kleencut Letter Opener, Easy Grip",Office Supplies,Supplies
6573,"SanDisk Memo Slips, Premium",Office Supplies,Paper
7548,"Kleencut Ruler, High Speed",Office Supplies,Supplies
5706,"Smead File Folder Labels, Adjustable",Office Supplies,Labels
27,"Barricks Computer Table, with Bottom Storage",Furniture,Tables
9704,"Cisco Smart Phone, with Caller ID",Technology,Phones
1668,"Harbour Creations Rocking Chair, Black",Furniture,Chairs
2429,Avanti 4.4 Cu. Ft. Refrigerator,Office Supplies,Appliances
7591,"Stiletto Letter Opener, High Speed",Office Supplies,Supplies
9647,Seidio BD2-HK3IPH5-BK DILEX Case and Holster Combo for Apple iPhone 5/5s - Black,Technology,Phones
4295,"Ames Manila Envelope, with clear poly window",Office Supplies,Envelopes
1457,"Master Giant Foot Doorstop, Safety Yellow",Furniture,Furnishings
865,"Office Star Chairmat, Black",Furniture,Chairs
8429,Sony 32GB Class 10 Micro SDHC R40 Memory Card,Technology,Accessories
1400,"Westinghouse Floor Lamp with Metal Mesh Shade, Black",Furniture,Furnishings
2652,Belkin 7-Outlet SurgeMaster Home Series,Office Supplies,Appliances
3359,"Avery Index Tab, Durable",Office Supplies,Binders
4856,"Stockwell Push Pins, Bulk Pack",Office Supplies,Fasteners
3689,"Ibico Index Tab, Economy",Office Supplies,Binders
3491,"Acco Index Tab, Economy",Office Supplies,Binders
4892,"Accos Staples, Bulk Pack",Office Supplies,Fasteners
7615,"Fiskars Letter Opener, Easy Grip",Office Supplies,Supplies
713,"SAFCO Bag Chairs, Red",Furniture,Chairs
2933,"BIC Markers, Blue",Office Supplies,Art
6495,"SanDisk Parchment Paper, Recycled",Office Supplies,Paper
6197,"Green Bar Memo Slips, 8.5 x 11",Office Supplies,Paper
4448,"Cameo Peel and Seal, with clear poly window",Office Supplies,Envelopes
3936,"Avery 3-Hole Punch, Recycled",Office Supplies,Binders
2036,"Chromcraft Computer Table, Adjustable Height",Furniture,Tables
992,"Novimex Executive Leather Armchair, Red",Furniture,Chairs
696,Global Deluxe Office Fabric Chairs,Furniture,Chairs
2409,"Breville Microwave, Red",Office Supplies,Appliances
1875,"Sauder Library with Doors, Metal",Furniture,Bookcases
9934,"Cisco Audio Dock, VoIP",Technology,Phones
9381,"Epson Card Printer, White",Technology,Machines
1848,"SAFCO Executive Leather Armchair, Set of Two",Furniture,Chairs
1044,"Dania Corner Shelving, Metal",Furniture,Bookcases
697,"Hon Chairmat, Adjustable",Furniture,Chairs
7997,"SanDisk Memory Card, USB",Technology,Accessories
1707,"Hon Chairmat, Adjustable",Furniture,Chairs
7453,"Stiletto Box Cutter, Easy Grip",Office Supplies,Supplies
4030,"BIC Canvas, Water Color",Office Supplies,Art
2631,Holmes 99% HEPA Air Purifier,Office Supplies,Appliances
1309,"Tenex Frame, Erganomic",Furniture,Furnishings
3507,"Avery Hole Reinforcements, Economy",Office Supplies,Binders
3001,"BIC Pens, Blue",Office Supplies,Art
5764,"Novimex Shipping Labels, Laser Printer Compatible",Office Supplies,Labels
5883,"Smead Color Coded Labels, Alphabetical",Office Supplies,Labels
9877,"Nokia Headset, VoIP",Technology,Phones
3386,"Avery Removable Labels, Laser Printer Compatible",Office Supplies,Labels
7599,Acme Rosewood Handle Letter Opener,Office Supplies,Supplies
6735,"SanDisk Parchment Paper, 8.5 x 11",Office Supplies,Paper
3072,"Eldon Spacemaker Box, Quick-Snap Lid, Clear",Office Supplies,Art
3995,"Ibico Index Tab, Clear",Office Supplies,Binders
10284,"StarTech Inkjet, Wireless",Technology,Machines
2166,"Bevis Computer Table, Fully Assembled",Furniture,Tables
10179,"Nokia Headset, Cordless",Technology,Phones
8786,"Canon Personal Copier, High-Speed",Technology,Copiers
285,"Sauder Corner Shelving, Mobile",Furniture,Bookcases
2255,"Acco Binding Machine, Durable",Office Supplies,Binders
433,"Sauder Library with Doors, Mobile",Furniture,Bookcases
8265,Enermax Acrylux Wireless Keyboard,Technology,Accessories
1651,"Eldon ""L"" Workstation Diamond Chairmat",Furniture,Furnishings
7084,"Smead File Cart, Single Width",Office Supplies,Storage
7431,"Elite Trimmer, Easy Grip",Office Supplies,Supplies
3,"Advantus Photo Frame, Black",Furniture,Furnishings
9663,"Cisco Speaker Phone, VoIP",Technology,Phones
7100,Safco Industrial Shelving,Office Supplies,Storage
8637,"Sharp Personal Copier, Laser",Technology,Copiers
7946,"Belkin Mouse, USB",Technology,Accessories
4938,"Stockwell Thumb Tacks, Metal",Office Supplies,Fasteners
3635,"Wilson Jones Binder Covers, Clear",Office Supplies,Binders
9726,"Cisco Speaker Phone, with Caller ID",Technology,Phones
1609,"Advantus Door Stop, Duo Pack",Furniture,Furnishings
6171,Xerox 1983,Office Supplies,Paper
7074,Staples,Office Supplies,Storage
6490,Xerox 1927,Office Supplies,Paper
5040,Staples,Office Supplies,Fasteners
7272,Advantus Rolling Storage Box,Office Supplies,Storage
8678,"Hewlett Wireless Fax, Laser",Technology,Copiers
353,"Bush Classic Bookcase, Metal",Furniture,Bookcases
2601,Hoover Upright Vacuum With Dirt Cup,Office Supplies,Appliances
9661,"Samsung Smart Phone, VoIP",Technology,Phones
1176,"Deflect-O Photo Frame, Durable",Furniture,Furnishings
6867,"Fellowes Strictly Business Drawer File, Letter/Legal Size",Office Supplies,Storage
593,"Hon Rocking Chair, Adjustable",Furniture,Chairs
5373,"Hoover Blender, Black",Office Supplies,Appliances
5289,"Hamilton Beach Refrigerator, Black",Office Supplies,Appliances
9705,"Apple Speaker Phone, Cordless",Technology,Phones
8674,"Canon Ink, Color",Technology,Copiers
3184,"Boston School Pro Electric Pencil Sharpener, 1670",Office Supplies,Art
10177,"Motorola Headset, Cordless",Technology,Phones
6442,Xerox 1906,Office Supplies,Paper
2332,"Ames Interoffice Envelope, Recycled",Office Supplies,Envelopes
6469,"Green Bar Computer Printout Paper, Recycled",Office Supplies,Paper
1169,"Tenex Stacking Tray, Durable",Furniture,Furnishings
6769,"Smead Trays, Industrial",Office Supplies,Storage
5929,"Hon File Folder Labels, Laser Printer Compatible",Office Supplies,Labels
8469,"Apple Audio Dock, with Caller ID",Technology,Phones
9758,"Motorola Headset, Cordless",Technology,Phones
2220,"Tenex Clock, Durable",Furniture,Furnishings
8029,"Memorex Keyboard, USB",Technology,Accessories
10226,"SanDisk Keyboard, Programmable",Technology,Accessories
5249,"GlobeWeis Peel and Seal, Set of 50",Office Supplies,Envelopes
1208,"Rubbermaid Light Bulb, Black",Furniture,Furnishings
7393,"Stockwell Thumb Tacks, 12 Pack",Office Supplies,Fasteners
4181,"Eaton Message Books, Premium",Office Supplies,Paper
9358,DYMO CardScan Personal V9 Business Card Scanner,Technology,Machines
8865,"Sharp Fax and Copier, High-Speed",Technology,Copiers
9755,"Apple Office Telephone, Cordless",Technology,Phones
9727,HTC One,Technology,Phones
324,"Dania Floating Shelf Set, Pine",Furniture,Bookcases
9342,"Panasonic Printer, White",Technology,Machines
1188,"Executive Impressions 10"" Spectator Wall Clock",Furniture,Furnishings
6570,"Xerox Note Cards, Multicolor",Office Supplies,Paper
4773,"Advantus Paper Clips, Metal",Office Supplies,Fasteners
7355,"Stiletto Box Cutter, Easy Grip",Office Supplies,Supplies
6848,"Fellowes Trays, Industrial",Office Supplies,Storage
4214,"Eldon Shelving, Industrial",Office Supplies,Storage
6561,"SanDisk Message Books, 8.5 x 11",Office Supplies,Paper
5067,"OIC Rubber Bands, Metal",Office Supplies,Fasteners
6083,Xerox 1981,Office Supplies,Paper
5649,"Avery Shipping Labels, Adjustable",Office Supplies,Labels
3624,"Acco Index Tab, Economy",Office Supplies,Binders
3798,Avery Hanging File Binders,Office Supplies,Binders
10184,Mediabridge Sport Armband iPhone 5s,Technology,Phones
5928,"Novimex File Folder Labels, Laser Printer Compatible",Office Supplies,Labels
5643,Avery 477,Office Supplies,Labels
219,"Sauder Corner Shelving, Pine",Furniture,Bookcases
358,"Sauder Stackable Bookrack, Pine",Furniture,Bookcases
2722,Kensington 6 Outlet SmartSocket Surge Protector,Office Supplies,Appliances
6125,"Enermax Memo Slips, Recycled",Office Supplies,Paper
9312,"Epson Phone, White",Technology,Machines
7757,"Kleencut Letter Opener, Steel",Office Supplies,Supplies
7071,Tennsco Industrial Shelving,Office Supplies,Storage
4070,"Boston Markers, Easy-Erase",Office Supplies,Art
5277,"Green Bar Message Books, Multicolor",Office Supplies,Paper
4223,"Elite Shears, Steel",Office Supplies,Supplies
8146,Plantronics Savi W720 Multi-Device Wireless Headset System,Technology,Accessories
278,"Atlantic Metals Mobile 4-Shelf Bookcases, Custom Colors",Furniture,Bookcases
10186,Panasonic KX TS3282W Corded phone,Technology,Phones
938,"Global Fabric Manager's Chair, Dark Gray",Furniture,Chairs
500,"Bush Corner Shelving, Mobile",Furniture,Bookcases
7959,Imation Secure Drive + Hardware Encrypted USB flash drive - 16 GB,Technology,Accessories
7073,"Rogers File Cart, Blue",Office Supplies,Storage
8464,"Apple Office Telephone, with Caller ID",Technology,Phones
8311,"Verbatim 25 GB 6x Blu-ray Single Layer Recordable Disc, 10/Pack",Technology,Accessories
7951,Sabrent 4-Port USB 2.0 Hub,Technology,Accessories
2785,"Hoover Stove, White",Office Supplies,Appliances
7047,"Rogers Lockers, Single Width",Office Supplies,Storage
9184,Cisco 9971 IP Video Phone Charcoal,Technology,Machines
9439,"Epson Inkjet, White",Technology,Machines
8396,"Enermax Router, Bluetooth",Technology,Accessories
465,O'Sullivan 2-Door Barrister Bookcase in Odessa Pine,Furniture,Bookcases
1911,"Chromcraft Computer Table, Adjustable Height",Furniture,Tables
8305,"Memorex Flash Drive, Erganomic",Technology,Accessories
8522,"Brother Ink, Digital",Technology,Copiers
9950,Speck Products Candyshell Flip Case,Technology,Phones
6581,Xerox 1959,Office Supplies,Paper
5847,"Harbour Creations Legal Exhibit Labels, 5000 Label Set",Office Supplies,Labels
3047,"Binney & Smith Pencil Sharpener, Fluorescent",Office Supplies,Art
1360,"Eldon Photo Frame, Black",Furniture,Furnishings
5420,"Jiffy Manila Envelope, Security-Tint",Office Supplies,Envelopes
1581,"Deflect-O Photo Frame, Erganomic",Furniture,Furnishings
899,"Harbour Creations Steel Folding Chair, Red",Furniture,Chairs
3055,"Boston Highlighters, Fluorescent",Office Supplies,Art
6923,"Eldon Folders, Wire Frame",Office Supplies,Storage
1769,"Novimex Steel Folding Chair, Set of Two",Furniture,Chairs
9078,"Konica Phone, Durable",Technology,Machines
6903,"Fellowes Trays, Single Width",Office Supplies,Storage
5491,"Kraft Interoffice Envelope, Set of 50",Office Supplies,Envelopes
5236,"GlobeWeis Interoffice Envelope, Recycled",Office Supplies,Envelopes
7050,"Smead Shelving, Single Width",Office Supplies,Storage
4950,"Advantus Staples, Bulk Pack",Office Supplies,Fasteners
7613,"Kleencut Trimmer, High Speed",Office Supplies,Supplies
8388,"SanDisk Numeric Keypad, USB",Technology,Accessories
7168,"Eldon File Cart, Single Width",Office Supplies,Storage
7046,"Fellowes Shelving, Industrial",Office Supplies,Storage
8434,"Memorex Keyboard, Erganomic",Technology,Accessories
3773,"Ibico Binding Machine, Durable",Office Supplies,Binders
6871,"Smead Shelving, Blue",Office Supplies,Storage
1575,"Eldon Photo Frame, Erganomic",Furniture,Furnishings
5782,"Avery Removable Labels, Laser Printer Compatible",Office Supplies,Labels
4854,"Accos Clamps, Bulk Pack",Office Supplies,Fasteners
5262,"Green Bar Memo Slips, Recycled",Office Supplies,Paper
6778,"Smead Folders, Wire Frame",Office Supplies,Storage
3879,"Cardinal Index Tab, Durable",Office Supplies,Binders
8031,"Enermax Keyboard, Erganomic",Technology,Accessories
2330,"Ames Manila Envelope, Set of 50",Office Supplies,Envelopes
6551,"It's Hot Message Books with Stickers, 2 3/4"" x 5""",Office Supplies,Paper
7912,"Xerox Memo Slips, Multicolor",Office Supplies,Paper
6002,"OIC Thumb Tacks, Assorted Sizes",Office Supplies,Fasteners
4121,"Cameo Clasp Envelope, Set of 50",Office Supplies,Envelopes
8965,"Hewlett Fax Machine, Color",Technology,Copiers
2139,"Lesro Wood Table, with Bottom Storage",Furniture,Tables
9297,"StarTech Phone, Durable",Technology,Machines
1588,"Eldon Frame, Duo Pack",Furniture,Furnishings
9156,"Epson Inkjet, Durable",Technology,Machines
406,"Ikea Floating Shelf Set, Traditional",Furniture,Bookcases
8546,"Canon Ink, Digital",Technology,Copiers
2462,Belkin 5 Outlet SurgeMaster Power Centers,Office Supplies,Appliances
6566,"SanDisk Note Cards, Premium",Office Supplies,Paper
6668,"Speediset Carbonless Redi-Letter 7"" x 8 1/2""",Office Supplies,Paper
3315,Boston 1730 StandUp Electric Pencil Sharpener,Office Supplies,Art
5665,"Avery Color Coded Labels, 5000 Label Set",Office Supplies,Labels
2281,"Acme Scissors, Serrated",Office Supplies,Supplies
2672,"Cuisinart Microwave, Black",Office Supplies,Appliances
8239,"Memorex Mouse, Bluetooth",Technology,Accessories
6719,"SanDisk Cards & Envelopes, 8.5 x 11",Office Supplies,Paper
6839,"Tenex Folders, Wire Frame",Office Supplies,Storage
462,"Safco Library with Doors, Pine",Furniture,Bookcases
8602,"Hewlett Fax Machine, High-Speed",Technology,Copiers
878,"Office Star Rocking Chair, Adjustable",Furniture,Chairs
8560,"Cisco Audio Dock, Full Size",Technology,Phones
1424,"Advantus Clock, Duo Pack",Furniture,Furnishings
1410,"Advantus Light Bulb, Erganomic",Furniture,Furnishings
5486,"Kraft Peel and Seal, Security-Tint",Office Supplies,Envelopes
3787,"Ibico Binder Covers, Recycled",Office Supplies,Binders
8322,"Memorex Flash Drive, Erganomic",Technology,Accessories
5451,"Kleencut Scissors, High Speed",Office Supplies,Supplies
8914,"Sharp Copy Machine, Laser",Technology,Copiers
2403,"Breville Refrigerator, Silver",Office Supplies,Appliances
10030,"Apple Signal Booster, Cordless",Technology,Phones
2571,"Cuisinart Blender, White",Office Supplies,Appliances
9872,LG Electronics Tone+ HBS-730 Bluetooth Headset,Technology,Phones
9148,"Konica Phone, Red",Technology,Machines
3720,"Cardinal Binding Machine, Economy",Office Supplies,Binders
7218,"Fellowes Box, Single Width",Office Supplies,Storage
1548,"Rubbermaid Clock, Durable",Furniture,Furnishings
9717,Anker 24W Portable Micro USB Car Charger,Technology,Phones
5688,"Novimex Color Coded Labels, 5000 Label Set",Office Supplies,Labels
6632,"Enermax Message Books, 8.5 x 11",Office Supplies,Paper
7559,"Fiskars Box Cutter, High Speed",Office Supplies,Supplies
7749,"Stiletto Ruler, High Speed",Office Supplies,Supplies
7972,SanDisk Cruzer 4 GB USB Flash Drive,Technology,Accessories
3763,"Acco Index Tab, Clear",Office Supplies,Binders
8724,"Sharp Wireless Fax, Laser",Technology,Copiers
1645,"Deflect-o EconoMat Nonstudded, No Bevel Mat",Furniture,Furnishings
9795,"Nokia Signal Booster, Cordless",Technology,Phones
58,"Dania Corner Shelving, Pine",Furniture,Bookcases
9560,"Nokia Speaker Phone, with Caller ID",Technology,Phones
4486,"GlobeWeis Interoffice Envelope, Security-Tint",Office Supplies,Envelopes
6628,"Eaton Message Books, Multicolor",Office Supplies,Paper
3808,Binding Machine Supplies,Office Supplies,Binders
8426,"Memorex Flash Drive, USB",Technology,Accessories
7713,"Kleencut Scissors, Steel",Office Supplies,Supplies
3475,"Ibico Hole Reinforcements, Recycled",Office Supplies,Binders
1890,"Sauder Floating Shelf Set, Pine",Furniture,Bookcases
9958,"Motorola Headset, VoIP",Technology,Phones
6753,"Smead Shipping Labels, Alphabetical",Office Supplies,Labels
8781,"Hewlett Fax Machine, Laser",Technology,Copiers
10140,"Cisco Audio Dock, VoIP",Technology,Phones
9591,"Okidata Card Printer, White",Technology,Machines
10080,"Apple Headset, Full Size",Technology,Phones
8782,"Canon Copy Machine, Digital",Technology,Copiers
6560,"Green Bar Computer Printout Paper, 8.5 x 11",Office Supplies,Paper
9971,"Apple Audio Dock, Full Size",Technology,Phones
8040,"Memorex Keyboard, USB",Technology,Accessories
9259,"Epson Card Printer, Durable",Technology,Machines
5155,"Stockwell Thumb Tacks, Metal",Office Supplies,Fasteners
3535,"Wilson Jones Index Tab, Clear",Office Supplies,Binders
9923,"Cisco Smart Phone, Cordless",Technology,Phones
8562,"Cisco Signal Booster, VoIP",Technology,Phones
9029,"Epson Printer, Durable",Technology,Machines
3006,"Boston Sketch Pad, Easy-Erase",Office Supplies,Art
2434,"Cuisinart Coffee Grinder, White",Office Supplies,Appliances
5353,"Hoover Microwave, Silver",Office Supplies,Appliances
1054,"Deflect-O Door Stop, Black",Furniture,Furnishings
4896,"Advantus Rubber Bands, Metal",Office Supplies,Fasteners
8576,"Cisco Office Telephone, VoIP",Technology,Phones
4059,"Boston Pencil Sharpener, Water Color",Office Supplies,Art
7394,"Stockwell Staples, Assorted Sizes",Office Supplies,Fasteners
1383,"Eldon Photo Frame, Duo Pack",Furniture,Furnishings
2408,"KitchenAid Microwave, Silver",Office Supplies,Appliances
5448,"Kleencut Shears, High Speed",Office Supplies,Supplies
480,"Ikea 3-Shelf Cabinet, Traditional",Furniture,Bookcases
1510,"Rubbermaid Frame, Duo Pack",Furniture,Furnishings
1398,"Deflect-O Clock, Duo Pack",Furniture,Furnishings
7051,"Smead Trays, Industrial",Office Supplies,Storage
1272,"Advantus Photo Frame, Duo Pack",Furniture,Furnishings
6454,"Green Bar Memo Slips, Multicolor",Office Supplies,Paper
956,"Hon Chairmat, Set of Two",Furniture,Chairs
4551,"Ames Peel and Seal, Recycled",Office Supplies,Envelopes
7825,"Elite Trimmer, Steel",Office Supplies,Supplies
5050,"Advantus Push Pins, Assorted Sizes",Office Supplies,Fasteners
839,"SAFCO Bag Chairs, Black",Furniture,Chairs
842,"SAFCO Chairmat, Adjustable",Furniture,Chairs
2093,"Lesro Training Table, Rectangular",Furniture,Tables
1814,"Rubbermaid Frame, Erganomic",Furniture,Furnishings
6389,"Green Bar Message Books, Recycled",Office Supplies,Paper
6859,"Eldon Trays, Industrial",Office Supplies,Storage
547,"Novimex Chairmat, Set of Two",Furniture,Chairs
6587,"Enermax Parchment Paper, Multicolor",Office Supplies,Paper
7479,"Kleencut Letter Opener, Steel",Office Supplies,Supplies
4754,"OIC Paper Clips, Bulk Pack",Office Supplies,Fasteners
9963,"Samsung Smart Phone, VoIP",Technology,Phones
2541,"Hamilton Beach Refrigerator, Red",Office Supplies,Appliances
3604,"Avery 3-Hole Punch, Economy",Office Supplies,Binders
2979,"BIC Canvas, Water Color",Office Supplies,Art
8579,"Cisco Headset, with Caller ID",Technology,Phones
3503,"Acco Binder Covers, Economy",Office Supplies,Binders
889,"Harbour Creations Steel Folding Chair, Adjustable",Furniture,Chairs
8484,"Apple Office Telephone, VoIP",Technology,Phones
2263,"Acco Binder Covers, Durable",Office Supplies,Binders
1917,"Lesro Round Table, Fully Assembled",Furniture,Tables
9047,"Hewlett Wireless Fax, Digital",Technology,Copiers
9160,"Panasonic Card Printer, Red",Technology,Machines
8511,"Brother Ink, Laser",Technology,Copiers
7533,"Stiletto Scissors, Steel",Office Supplies,Supplies
3747,"Wilson Jones Binding Machine, Economy",Office Supplies,Binders
5902,"Hon Color Coded Labels, Alphabetical",Office Supplies,Labels
4080,"Boston Sketch Pad, Fluorescent",Office Supplies,Art
4050,"Binney & Smith Highlighters, Water Color",Office Supplies,Art
5785,Avery 500,Office Supplies,Labels
9351,"StarTech Card Printer, Wireless",Technology,Machines
415,"Safco 3-Shelf Cabinet, Metal",Furniture,Bookcases
410,"Bush Corner Shelving, Mobile",Furniture,Bookcases
7028,"Fellowes Shelving, Blue",Office Supplies,Storage
7258,"Smead Lockers, Industrial",Office Supplies,Storage
8750,"Hewlett Ink, Digital",Technology,Copiers
4270,"Kraft Business Envelopes, Recycled",Office Supplies,Envelopes
6089,"Enermax Message Books, Multicolor",Office Supplies,Paper
5998,"OIC Clamps, Bulk Pack",Office Supplies,Fasteners
584,"Office Star Chairmat, Set of Two",Furniture,Chairs
100,"Ikea 3-Shelf Cabinet, Mobile",Furniture,Bookcases
6506,Xerox 1991,Office Supplies,Paper
9662,"Samsung Office Telephone, Full Size",Technology,Phones
3986,"Acco Binder, Durable",Office Supplies,Binders
9510,"Memorex Flash Drive, Programmable",Technology,Accessories
8720,"Brother Copy Machine, Color",Technology,Copiers
8918,"Hewlett Ink, High-Speed",Technology,Copiers
8924,"Sharp Ink, Laser",Technology,Copiers
3138,"BIC Sketch Pad, Water Color",Office Supplies,Art
6983,"Tenex Shelving, Wire Frame",Office Supplies,Storage
9904,Nortel Meridian M5316 Digital phone,Technology,Phones
7235,"Eldon Folders, Blue",Office Supplies,Storage
1604,"Deflect-O Clock, Durable",Furniture,Furnishings
7574,"Elite Box Cutter, Steel",Office Supplies,Supplies
2545,"KitchenAid Coffee Grinder, White",Office Supplies,Appliances
3780,"Cardinal Hole Reinforcements, Durable",Office Supplies,Binders
8928,"Brother Fax and Copier, High-Speed",Technology,Copiers
7602,"Elite Letter Opener, High Speed",Office Supplies,Supplies
1158,"Eldon Light Bulb, Erganomic",Furniture,Furnishings
9159,Bady BDG101FRU Card Printer,Technology,Machines
6906,"Eldon Shelving, Blue",Office Supplies,Storage
6446,"Xerox Cards & Envelopes, Recycled",Office Supplies,Paper
3925,"Cardinal Binding Machine, Recycled",Office Supplies,Binders
5093,"Stockwell Push Pins, Assorted Sizes",Office Supplies,Fasteners
2207,"Tenex Door Stop, Durable",Furniture,Furnishings
3401,"Cardinal Index Tab, Clear",Office Supplies,Binders
6600,Rediform Voice Mail Log Books,Office Supplies,Paper
5975,"Novimex File Folder Labels, 5000 Label Set",Office Supplies,Labels
6131,"SanDisk Message Books, Multicolor",Office Supplies,Paper
2460,"Hoover Blender, White",Office Supplies,Appliances
9330,"Panasonic Receipt Printer, Red",Technology,Machines
4031,"BIC Canvas, Blue",Office Supplies,Art
1528,"Seth Thomas 13 1/2"" Wall Clock",Furniture,Furnishings
5991,"OIC Rubber Bands, 12 Pack",Office Supplies,Fasteners
10047,"Motorola Signal Booster, with Caller ID",Technology,Phones
654,"Harbour Creations Rocking Chair, Black",Furniture,Chairs
6480,"Enermax Cards & Envelopes, Recycled",Office Supplies,Paper
7563,"Stiletto Trimmer, High Speed",Office Supplies,Supplies
969,"Hon Bag Chairs, Adjustable",Furniture,Chairs
4714,"Enermax Computer Printout Paper, Multicolor",Office Supplies,Paper
10187,"Samsung Signal Booster, Full Size",Technology,Phones
8285,"SanDisk Router, Erganomic",Technology,Accessories
7128,"Smead Lockers, Wire Frame",Office Supplies,Storage
7104,"Smead File Cart, Single Width",Office Supplies,Storage
2362,"Cuisinart Toaster, Silver",Office Supplies,Appliances
1616,"Tenex Door Stop, Black",Furniture,Furnishings
1874,"Sauder Corner Shelving, Metal",Furniture,Bookcases
4694,"Jiffy Interoffice Envelope, Recycled",Office Supplies,Envelopes
1077,"Eldon Door Stop, Durable",Furniture,Furnishings
1568,Hand-Finished Solid Wood Document Frame,Furniture,Furnishings
1481,Coloredge Poster Frame,Furniture,Furnishings
6890,"Tenex Trays, Wire Frame",Office Supplies,Storage
8733,"Brother Fax and Copier, High-Speed",Technology,Copiers
7555,"Acme Box Cutter, Easy Grip",Office Supplies,Supplies
7984,"SanDisk Flash Drive, Bluetooth",Technology,Accessories
277,"Hon Metal Bookcases, Putty",Furniture,Bookcases
9955,"Nokia Speaker Phone, Cordless",Technology,Phones
6426,"Eaton Cards & Envelopes, 8.5 x 11",Office Supplies,Paper
7422,"Fiskars Shears, Easy Grip",Office Supplies,Supplies
6134,"Eaton Computer Printout Paper, Multicolor",Office Supplies,Paper
366,"Sauder Floating Shelf Set, Pine",Furniture,Bookcases
9618,"Panasonic Card Printer, Durable",Technology,Machines
6380,Xerox 1920,Office Supplies,Paper
5057,"Advantus Paper Clips, Metal",Office Supplies,Fasteners
8297,Memorex Mini Travel Drive 8 GB USB 2.0 Flash Drive,Technology,Accessories
1437,"Rubbermaid Frame, Erganomic",Furniture,Furnishings
8841,"Hewlett Fax Machine, Color",Technology,Copiers
10242,"SanDisk Router, Bluetooth",Technology,Accessories
6704,"Sanford Pencil Sharpener, Water Color",Office Supplies,Art
6291,"Green Bar Cards & Envelopes, 8.5 x 11",Office Supplies,Paper
3238,"Stanley Sketch Pad, Fluorescent",Office Supplies,Art
9810,"Cisco Audio Dock, with Caller ID",Technology,Phones
1446,"Eldon Frame, Black",Furniture,Furnishings
6121,"Wirebound Message Books, Four 2 3/4 x 5 Forms per Page, 200 Sets per Book",Office Supplies,Paper
9892,"Apple Headset, VoIP",Technology,Phones
9161,"Epson Card Printer, Red",Technology,Machines
2566,"Hamilton Beach Microwave, White",Office Supplies,Appliances
5809,"Harbour Creations Color Coded Labels, Alphabetical",Office Supplies,Labels
4785,"OIC Paper Clips, Metal",Office Supplies,Fasteners
4133,"Cardinal Hole Reinforcements, Clear",Office Supplies,Binders
9177,"Epson Card Printer, White",Technology,Machines
7708,"Kleencut Ruler, High Speed",Office Supplies,Supplies
5105,"Stockwell Rubber Bands, 12 Pack",Office Supplies,Fasteners
831,"Harbour Creations Bag Chairs, Red",Furniture,Chairs
7011,"Tenex File Cart, Industrial",Office Supplies,Storage
5466,"Kleencut Ruler, High Speed",Office Supplies,Supplies
4042,"Binney & Smith Pens, Water Color",Office Supplies,Art
2352,"Breville Coffee Grinder, Silver",Office Supplies,Appliances
4177,"Eaton Message Books, Multicolor",Office Supplies,Paper
185,"Safco 3-Shelf Cabinet, Pine",Furniture,Bookcases
1139,"Tenex Frame, Black",Furniture,Furnishings
32,"Barricks Conference Table, Rectangular",Furniture,Tables
1558,"Rubbermaid Door Stop, Erganomic",Furniture,Furnishings
2355,"Breville Toaster, Silver",Office Supplies,Appliances
6445,"Green Bar Parchment Paper, Recycled",Office Supplies,Paper
8153,"Belkin Memory Card, Programmable",Technology,Accessories
8419,"Belkin Flash Drive, USB",Technology,Accessories
2823,"Stanley Highlighters, Blue",Office Supplies,Art
1074,"Deflect-O Light Bulb, Durable",Furniture,Furnishings
3587,"Wilson Jones Hole Reinforcements, Clear",Office Supplies,Binders
6747,"Smead Round Labels, 5000 Label Set",Office Supplies,Labels
459,"Sauder Library with Doors, Metal",Furniture,Bookcases
9968,"Cisco Audio Dock, Full Size",Technology,Phones
9949,Google Nexus 5,Technology,Phones
6824,"Smead Folders, Wire Frame",Office Supplies,Storage
1229,"Eldon Clock, Black",Furniture,Furnishings
1098,"Tenex Stacking Tray, Black",Furniture,Furnishings
2923,"BIC Sketch Pad, Easy-Erase",Office Supplies,Art
3750,"Black Avery Memo-Size 3-Ring Binder, 5 1/2"" x 8 1/2""",Office Supplies,Binders
5217,"Fiskars Shears, Serrated",Office Supplies,Supplies
8500,"Belkin Mouse, Bluetooth",Technology,Accessories
8101,"Logitech Keyboard, Bluetooth",Technology,Accessories
651,"SAFCO Chairmat, Set of Two",Furniture,Chairs
8317,"Memorex Memory Card, Programmable",Technology,Accessories
4712,"Ames Interoffice Envelope, with clear poly window",Office Supplies,Envelopes
7653,"Fiskars Trimmer, Serrated",Office Supplies,Supplies
4765,"Advantus Clamps, Bulk Pack",Office Supplies,Fasteners
8512,"Brother Fax and Copier, Laser",Technology,Copiers
4369,"Ames Interoffice Envelope, with clear poly window",Office Supplies,Envelopes
4077,"Boston Pens, Water Color",Office Supplies,Art
8091,"SanDisk Numeric Keypad, Erganomic",Technology,Accessories
930,"Harbour Creations Bag Chairs, Set of Two",Furniture,Chairs
3894,"Wilson Jones 3-Hole Punch, Clear",Office Supplies,Binders
5143,"OIC Thumb Tacks, Bulk Pack",Office Supplies,Fasteners
8266,"Enermax Keyboard, USB",Technology,Accessories
4420,"Jiffy Mailers, with clear poly window",Office Supplies,Envelopes
8144,"Memorex Flash Drive, Bluetooth",Technology,Accessories
6297,"Xerox Parchment Paper, Multicolor",Office Supplies,Paper
4577,"Jiffy Mailers, with clear poly window",Office Supplies,Envelopes
7607,"Stiletto Trimmer, High Speed",Office Supplies,Supplies
3446,"Cardinal Index Tab, Clear",Office Supplies,Binders
7966,"Belkin Numeric Keypad, Bluetooth",Technology,Accessories
772,"Office Star Executive Leather Armchair, Adjustable",Furniture,Chairs
5778,"Avery File Folder Labels, Laser Printer Compatible",Office Supplies,Labels
5803,"Novimex Shipping Labels, Adjustable",Office Supplies,Labels
1477,"Tenex Door Stop, Duo Pack",Furniture,Furnishings
1799,"Office Star Chairmat, Adjustable",Furniture,Chairs
9095,"Konica Receipt Printer, Red",Technology,Machines
816,"SAFCO Bag Chairs, Adjustable",Furniture,Chairs
1232,"Eldon Stacking Tray, Black",Furniture,Furnishings
1226,"Advantus Stacking Tray, Durable",Furniture,Furnishings
1772,"Novimex Chairmat, Red",Furniture,Chairs
6365,"Green Bar Parchment Paper, Multicolor",Office Supplies,Paper
8015,Anker Ultrathin Bluetooth Wireless Keyboard Aluminum Cover with Stand,Technology,Accessories
5475,"Kraft Interoffice Envelope, Recycled",Office Supplies,Envelopes
5267,"Green Bar Computer Printout Paper, 8.5 x 11",Office Supplies,Paper
4731,"Enermax Memo Slips, Recycled",Office Supplies,Paper
7378,"Stockwell Thumb Tacks, Assorted Sizes",Office Supplies,Fasteners
5999,"OIC Staples, Assorted Sizes",Office Supplies,Fasteners
7038,"Fellowes Shelving, Industrial",Office Supplies,Storage
6042,Staples,Office Supplies,Paper
6368,"Eaton Memo Slips, Multicolor",Office Supplies,Paper
4510,"GlobeWeis Clasp Envelope, Recycled",Office Supplies,Envelopes
1783,"Office Star Swivel Stool, Adjustable",Furniture,Chairs
8123,"Logitech Mouse, Bluetooth",Technology,Accessories
9202,"Okidata Receipt Printer, Wireless",Technology,Machines
3926,"Cardinal 3-Hole Punch, Recycled",Office Supplies,Binders
2425,Hoover Portapower Portable Vacuum,Office Supplies,Appliances
10104,"Cisco Speaker Phone, Full Size",Technology,Phones
9772,"Motorola Headset, Full Size",Technology,Phones
5224,"Fiskars Scissors, High Speed",Office Supplies,Supplies
8489,"Belkin Mouse, Programmable",Technology,Accessories
265,"Safco Library with Doors, Metal",Furniture,Bookcases
7630,"Kleencut Box Cutter, Steel",Office Supplies,Supplies
1962,"Barricks Conference Table, Fully Assembled",Furniture,Tables
7212,"Fellowes File Cart, Industrial",Office Supplies,Storage
10051,i.Sound Portable Power - 8000 mAh,Technology,Phones
1407,"Rubbermaid Stacking Tray, Erganomic",Furniture,Furnishings
2215,"Tenex Photo Frame, Erganomic",Furniture,Furnishings
5671,"Avery Round Labels, Alphabetical",Office Supplies,Labels
4027,"BIC Pens, Blue",Office Supplies,Art
8514,"Brother Fax and Copier, Color",Technology,Copiers
9207,"Okidata Calculator, Durable",Technology,Machines
10192,"Samsung Headset, VoIP",Technology,Phones
9245,"Konica Printer, Durable",Technology,Machines
7102,"Tenex Folders, Industrial",Office Supplies,Storage
8573,"Cisco Headset, Cordless",Technology,Phones
3961,"Wilson Jones Binder, Durable",Office Supplies,Binders
2299,"Acme Scissors, Easy Grip",Office Supplies,Supplies
9617,"Panasonic Inkjet, Wireless",Technology,Machines
3924,"XtraLife ClearVue Slant-D Ring Binder, White, 3""",Office Supplies,Binders
7403,"Stockwell Clamps, Assorted Sizes",Office Supplies,Fasteners
5774,"Novimex Removable Labels, Laser Printer Compatible",Office Supplies,Labels
210,"Atlantic Metals Mobile 5-Shelf Bookcases, Custom Colors",Furniture,Bookcases
10014,"Cisco Audio Dock, Full Size",Technology,Phones
9409,"Okidata Phone, White",Technology,Machines
9986,Jackery Bar Premium Fast-charging Portable Charger,Technology,Phones
3227,Panasonic KP-350BK Electric Pencil Sharpener with Auto Stop,Office Supplies,Art
2922,"Stanley Sketch Pad, Water Color",Office Supplies,Art
6496,"Green Bar Computer Printout Paper, Premium",Office Supplies,Paper
2266,"Acco Hole Reinforcements, Recycled",Office Supplies,Binders
2623,Hoover Replacement Belt for Commercial Guardsman Heavy-Duty Upright Vacuum,Office Supplies,Appliances
8654,"Canon Fax and Copier, Laser",Technology,Copiers
9450,"StarTech Inkjet, Wireless",Technology,Machines
223,"Sauder Library with Doors, Pine",Furniture,Bookcases
421,"Bush 3-Shelf Cabinet, Mobile",Furniture,Bookcases
8368,"Memorex Router, USB",Technology,Accessories
1976,"Chromcraft Training Table, with Bottom Storage",Furniture,Tables
1058,"Deflect-O Photo Frame, Black",Furniture,Furnishings
5415,"Jiffy Clasp Envelope, Security-Tint",Office Supplies,Envelopes
5595,"Harbour Creations Legal Exhibit Labels, Alphabetical",Office Supplies,Labels
5965,"Novimex Shipping Labels, Alphabetical",Office Supplies,Labels
4836,"Accos Clamps, Assorted Sizes",Office Supplies,Fasteners
133,"Safco Classic Bookcase, Metal",Furniture,Bookcases
867,"Hon Executive Leather Armchair, Adjustable",Furniture,Chairs
774,"Harbour Creations Executive Leather Armchair, Black",Furniture,Chairs
9686,Samsung Convoy 3,Technology,Phones
8505,"Belkin Mouse, Erganomic",Technology,Accessories
4646,"Kraft Interoffice Envelope, Security-Tint",Office Supplies,Envelopes
5431,"KitchenAid Microwave, Black",Office Supplies,Appliances
10210,"Samsung Headset, Full Size",Technology,Phones
1871,"SAFCO Swivel Stool, Red",Furniture,Chairs
2550,Staples,Office Supplies,Appliances
1469,36X48 HARDFLOOR CHAIRMAT,Furniture,Furnishings
1930,"Chromcraft Training Table, with Bottom Storage",Furniture,Tables
8898,Canon PC1060 Personal Laser Copier,Technology,Copiers
9010,"Epson Card Printer, Wireless",Technology,Machines
6639,"SanDisk Cards & Envelopes, 8.5 x 11",Office Supplies,Paper
3093,"Stanley Sketch Pad, Water Color",Office Supplies,Art
8437,"Memorex Flash Drive, Bluetooth",Technology,Accessories
10220,"Samsung Office Telephone, with Caller ID",Technology,Phones
7897,"Xerox Cards & Envelopes, Recycled",Office Supplies,Paper
6728,"SanDisk Computer Printout Paper, Multicolor",Office Supplies,Paper
7841,"Fiskars Scissors, Serrated",Office Supplies,Supplies
8664,"Canon Wireless Fax, Laser",Technology,Copiers
10068,"Nokia Audio Dock, VoIP",Technology,Phones
340,"Sauder Stackable Bookrack, Traditional",Furniture,Bookcases
8401,Microsoft Sculpt Comfort Mouse,Technology,Accessories
3434,"Acco Binding Machine, Clear",Office Supplies,Binders
10050,"Apple Headset, with Caller ID",Technology,Phones
6011,"SanDisk Note Cards, Premium",Office Supplies,Paper
4632,"GlobeWeis Business Envelopes, Security-Tint",Office Supplies,Envelopes
7082,"Tenex Folders, Blue",Office Supplies,Storage
2927,"BIC Highlighters, Water Color",Office Supplies,Art
5594,"Smead Round Labels, Adjustable",Office Supplies,Labels
5367,"Hoover Stove, Red",Office Supplies,Appliances
2383,"Hoover Refrigerator, Red",Office Supplies,Appliances
9020,"Epson Card Printer, Red",Technology,Machines
718,Hon Mobius Operator's Chair,Furniture,Chairs
1193,"Tenex Light Bulb, Black",Furniture,Furnishings
556,"Novimex Chairmat, Adjustable",Furniture,Chairs
10265,"Sharp Personal Copier, High-Speed",Technology,Copiers
3117,Boston 1900 Electric Pencil Sharpener,Office Supplies,Art
6516,Xerox 1997,Office Supplies,Paper
3802,"Cardinal Hole Reinforcements, Clear",Office Supplies,Binders
550,"Hon Swivel Stool, Set of Two",Furniture,Chairs
9178,"StarTech Printer, Red",Technology,Machines
4207,"Eldon Lockers, Single Width",Office Supplies,Storage
7439,"Stiletto Ruler, Steel",Office Supplies,Supplies
8306,"Memorex Numeric Keypad, Bluetooth",Technology,Accessories
2796,"Boston Pencil Sharpener, Water Color",Office Supplies,Art
1741,"Ikea Stackable Bookrack, Metal",Furniture,Bookcases
885,"Harbour Creations Steel Folding Chair, Black",Furniture,Chairs
373,"Sauder 3-Shelf Cabinet, Traditional",Furniture,Bookcases
994,"Office Star Bag Chairs, Black",Furniture,Chairs
4985,"Stockwell Clamps, Bulk Pack",Office Supplies,Fasteners
8185,"SanDisk Numeric Keypad, USB",Technology,Accessories
1413,"Eldon Frame, Durable",Furniture,Furnishings
9504,"Konica Card Printer, Red",Technology,Machines
4246,"Ames Peel and Seal, Security-Tint",Office Supplies,Envelopes
888,"SAFCO Bag Chairs, Set of Two",Furniture,Chairs
8966,"Hewlett Personal Copier, Color",Technology,Copiers
6720,"Sanford Markers, Water Color",Office Supplies,Art
967,"Office Star Bag Chairs, Black",Furniture,Chairs
8382,"Logitech Keyboard, USB",Technology,Accessories
3346,"Avery Index Tab, Clear",Office Supplies,Binders
7331,"Stanley Sketch Pad, Water Color",Office Supplies,Art
4065,"Boston Sketch Pad, Water Color",Office Supplies,Art
4603,"Cameo Interoffice Envelope, with clear poly window",Office Supplies,Envelopes
4735,"Enermax Parchment Paper, Premium",Office Supplies,Paper
9448,"Panasonic Card Printer, White",Technology,Machines
5079,"Stockwell Staples, 12 Pack",Office Supplies,Fasteners
8829,"Canon Ink, High-Speed",Technology,Copiers
10038,"Nokia Signal Booster, Full Size",Technology,Phones
6253,"Green Bar Message Books, Premium",Office Supplies,Paper
4248,"Ames Business Envelopes, Recycled",Office Supplies,Envelopes
9996,"SmartStand Mobile Device Holder, Assorted Colors",Technology,Phones
6417,"Eaton Memo Slips, Multicolor",Office Supplies,Paper
8876,"Sharp Ink, High-Speed",Technology,Copiers
2001,"Barricks Conference Table, Adjustable Height",Furniture,Tables
168,"Safco 3-Shelf Cabinet, Pine",Furniture,Bookcases
307,"Sauder Corner Shelving, Mobile",Furniture,Bookcases
8116,"Enermax Router, Erganomic",Technology,Accessories
9004,"Enermax Router, Programmable",Technology,Accessories
10181,"Nokia Office Telephone, VoIP",Technology,Phones
9064,"HP Fax and Copier, Laser",Technology,Copiers
4684,"Kraft Manila Envelope, Set of 50",Office Supplies,Envelopes
9782,Plantronics MX500i Earset,Technology,Phones
3018,Avery Hi-Liter Smear-Safe Highlighters,Office Supplies,Art
1260,"Howard Miller 11-1/2"" Diameter Brentwood Wall Clock",Furniture,Furnishings
5273,"Green Bar Memo Slips, Premium",Office Supplies,Paper
3244,Newell 344,Office Supplies,Art
4517,"Ames Peel and Seal, Security-Tint",Office Supplies,Envelopes
6929,"Tenex Personal Self-Stacking Standard File Box, Black/Gray",Office Supplies,Storage
7961,KeyTronic KT800P2 - Keyboard - Black,Technology,Accessories
6811,Deluxe Rollaway Locking File with Drawer,Office Supplies,Storage
9995,"Motorola Office Telephone, Cordless",Technology,Phones
6012,"Xerox Cards & Envelopes, Multicolor",Office Supplies,Paper
26,"Barricks Training Table, Fully Assembled",Furniture,Tables
4019,"BIC Canvas, Fluorescent",Office Supplies,Art
5560,"Avery Shipping Labels, 5000 Label Set",Office Supplies,Labels
3144,"Stanley Sketch Pad, Fluorescent",Office Supplies,Art
3265,"Stanley Sketch Pad, Fluorescent",Office Supplies,Art
6379,"Wirebound Message Books, 5-1/2 x 4 Forms, 2 or 4 Forms per Page",Office Supplies,Paper
7510,Acme Elite Stainless Steel Scissors,Office Supplies,Supplies
1332,"Rubbermaid Stacking Tray, Black",Furniture,Furnishings
1770,"Novimex Swivel Stool, Black",Furniture,Chairs
4745,"Accos Clamps, Assorted Sizes",Office Supplies,Fasteners
3543,"Wilson Jones Binder, Clear",Office Supplies,Binders
3397,GBC Imprintable Covers,Office Supplies,Binders
29,"Barricks Training Table, Adjustable Height",Furniture,Tables
8182,"Logitech Router, Bluetooth",Technology,Accessories
8788,"Canon Fax and Copier, Laser",Technology,Copiers
7954,"Logitech Keyboard, USB",Technology,Accessories
8370,"Logitech Flash Drive, Programmable",Technology,Accessories
4639,"Recycled Interoffice Envelopes with String and Button Closure, 10 x 13",Office Supplies,Envelopes
3193,"Stanley Pencil Sharpener, Easy-Erase",Office Supplies,Art
2224,"Tenex Stacking Tray, Durable",Furniture,Furnishings
478,"Sauder Corner Shelving, Mobile",Furniture,Bookcases
9861,"Apple Headset, Cordless",Technology,Phones
1492,"Rubbermaid Frame, Erganomic",Furniture,Furnishings
6316,Xerox 1883,Office Supplies,Paper
9065,"HP Copy Machine, High-Speed",Technology,Copiers
4227,"Elite Trimmer, Serrated",Office Supplies,Supplies
4559,"Kraft Clasp Envelope, with clear poly window",Office Supplies,Envelopes
5850,"Novimex File Folder Labels, Alphabetical",Office Supplies,Labels
1901,"Bevis Coffee Table, Fully Assembled",Furniture,Tables
7022,"Iris 3-Drawer Stacking Bin, Black",Office Supplies,Storage
8425,"Enermax Flash Drive, Programmable",Technology,Accessories
10290,"StarTech Calculator, Durable",Technology,Machines
7131,"Smead Trays, Single Width",Office Supplies,Storage
6424,Staples,Office Supplies,Paper
7936,"Verbatim 25 GB 6x Blu-ray Single Layer Recordable Disc, 25/Pack",Technology,Accessories
3422,XtraLife ClearVue Slant-D Ring Binders by Cardinal,Office Supplies,Binders
9208,"StarTech Inkjet, Wireless",Technology,Machines
2014,"Bevis Computer Table, with Bottom Storage",Furniture,Tables
10261,"Sharp Copy Machine, High-Speed",Technology,Copiers
2701,"Hoover Blender, White",Office Supplies,Appliances
9424,"Okidata Calculator, Wireless",Technology,Machines
3214,"Stanley Sketch Pad, Easy-Erase",Office Supplies,Art
5442,"KitchenAid Toaster, Red",Office Supplies,Appliances
317,"Safco Corner Shelving, Traditional",Furniture,Bookcases
6651,"Xerox Computer Printout Paper, Recycled",Office Supplies,Paper
5467,"Kleencut Trimmer, Easy Grip",Office Supplies,Supplies
9505,"Konica Calculator, White",Technology,Machines
3662,"Acco Binder Covers, Durable",Office Supplies,Binders
5405,"Jiffy Peel and Seal, Security-Tint",Office Supplies,Envelopes
2225,"Tenex Door Stop, Duo Pack",Furniture,Furnishings
2237,"Acco 3-Hole Punch, Economy",Office Supplies,Binders
4837,"Advantus Clamps, 12 Pack",Office Supplies,Fasteners
9648,"Apple Speaker Phone, VoIP",Technology,Phones
6553,"SanDisk Parchment Paper, 8.5 x 11",Office Supplies,Paper
1533,"Eldon Expressions Punched Metal & Wood Desk Accessories, Black & Cherry",Furniture,Furnishings
4564,"Cameo Business Envelopes, Recycled",Office Supplies,Envelopes
2560,"Eureka Sanitaire  Multi-Pro Heavy-Duty Upright, Disposable Bags",Office Supplies,Appliances
5319,"Harbour Creations Color Coded Labels, 5000 Label Set",Office Supplies,Labels
2367,"Hoover Coffee Grinder, Black",Office Supplies,Appliances
10061,"Cisco Audio Dock, with Caller ID",Technology,Phones
10160,"Nokia Audio Dock, VoIP",Technology,Phones
3330,"Stanley Sketch Pad, Blue",Office Supplies,Art
8163,"Memorex Keyboard, Erganomic",Technology,Accessories
7096,"Eldon Shelving, Industrial",Office Supplies,Storage
4233,"Elite Shears, Easy Grip",Office Supplies,Supplies
5358,"Hoover Coffee Grinder, Silver",Office Supplies,Appliances
7400,"Stockwell Paper Clips, Metal",Office Supplies,Fasteners
4365,"GlobeWeis Business Envelopes, Recycled",Office Supplies,Envelopes
6277,Southworth 25% Cotton Antique Laid Paper & Envelopes,Office Supplies,Paper
2404,Disposable Triple-Filter Dust Bags,Office Supplies,Appliances
7932,"SanDisk Flash Drive, Erganomic",Technology,Accessories
9527,"Memorex Numeric Keypad, Erganomic",Technology,Accessories
77,"Safco Classic Bookcase, Traditional",Furniture,Bookcases
2626,"KitchenAid Toaster, Black",Office Supplies,Appliances
9232,"Okidata Phone, Red",Technology,Machines
10149,"Apple Signal Booster, with Caller ID",Technology,Phones
7945,"Belkin Numeric Keypad, Bluetooth",Technology,Accessories
5187,"OIC Paper Clips, Metal",Office Supplies,Fasteners
1231,"Rubbermaid Light Bulb, Durable",Furniture,Furnishings
2084,"Bevis Wood Table, Rectangular",Furniture,Tables
5285,"Hamilton Beach Refrigerator, White",Office Supplies,Appliances
8169,Imation Bio 8GB USB Flash Drive Imation Corp,Technology,Accessories
6113,Xerox 1977,Office Supplies,Paper
6746,"Smead File Cart, Single Width",Office Supplies,Storage
4156,"Cuisinart Stove, Silver",Office Supplies,Appliances
929,Hon 4070 Series Pagoda Armless Upholstered Stacking Chairs,Furniture,Chairs
7482,"Acme Box Cutter, Steel",Office Supplies,Supplies
513,"Bush Floating Shelf Set, Metal",Furniture,Bookcases
6245,Xerox 1880,Office Supplies,Paper
2531,Acco 6 Outlet Guardian Premium Plus Surge Suppressor,Office Supplies,Appliances
8259,Memorex Froggy Flash Drive 8 GB,Technology,Accessories
6184,"SanDisk Computer Printout Paper, Multicolor",Office Supplies,Paper
5474,"Kraft Mailers, Set of 50",Office Supplies,Envelopes
6366,"Ampad Gold Fibre Wirebound Steno Books, 6"" x 9"", Gregg Ruled",Office Supplies,Paper
9564,"Nokia Smart Phone, Full Size",Technology,Phones
8885,"Brother Personal Copier, High-Speed",Technology,Copiers
7688,"Stiletto Trimmer, Easy Grip",Office Supplies,Supplies
5233,"Fiskars Shears, Easy Grip",Office Supplies,Supplies
7584,"Kleencut Letter Opener, Easy Grip",Office Supplies,Supplies
8566,"Cisco Audio Dock, VoIP",Technology,Phones
6334,"Green Bar Message Books, 8.5 x 11",Office Supplies,Paper
5183,"OIC Clamps, Bulk Pack",Office Supplies,Fasteners
5958,"Novimex Color Coded Labels, 5000 Label Set",Office Supplies,Labels
4091,"Breville Stove, White",Office Supplies,Appliances
9615,"Panasonic Card Printer, Wireless",Technology,Machines
1007,"SAFCO Rocking Chair, Adjustable",Furniture,Chairs
3186,"Boston Pens, Water Color",Office Supplies,Art
9625,PureGear Roll-On Screen Protector,Technology,Phones
8447,"SanDisk Router, Programmable",Technology,Accessories
5790,"Smead Round Labels, Laser Printer Compatible",Office Supplies,Labels
1239,3M Polarizing Light Filter Sleeves,Furniture,Furnishings
4968,"Advantus Clamps, Assorted Sizes",Office Supplies,Fasteners
8974,"Sharp Fax Machine, High-Speed",Technology,Copiers
9371,"Vtech AT&T CL2940 Corded Speakerphone, Black",Technology,Machines
7052,"Eldon Trays, Blue",Office Supplies,Storage
8272,Anker Ultra-Slim Mini Bluetooth 3.0 Wireless Keyboard,Technology,Accessories
9005,"Enermax Mouse, Erganomic",Technology,Accessories
3847,Aluminum Screw Posts,Office Supplies,Binders
2159,"Barricks Round Table, Fully Assembled",Furniture,Tables
450,"Sauder Library with Doors, Pine",Furniture,Bookcases
7004,"Tenex Folders, Wire Frame",Office Supplies,Storage
4548,"Jiffy Interoffice Envelope, Security-Tint",Office Supplies,Envelopes
4956,"Advantus Clamps, Bulk Pack",Office Supplies,Fasteners
1087,"Eldon Light Bulb, Duo Pack",Furniture,Furnishings
4,"Advantus Stacking Tray, Erganomic",Furniture,Furnishings
5238,"GlobeWeis Mailers, Security-Tint",Office Supplies,Envelopes
4193,"Eaton Memo Slips, Recycled",Office Supplies,Paper
8600,"Canon Copy Machine, Color",Technology,Copiers
2700,Hoover Shoulder Vac Commercial Portable Vacuum,Office Supplies,Appliances
8649,"Canon Copy Machine, Color",Technology,Copiers
6204,"Eaton Computer Printout Paper, 8.5 x 11",Office Supplies,Paper
1624,Eldon Advantage Foldable Chair Mats for Low Pile Carpets,Furniture,Furnishings
5587,"Hon Shipping Labels, Adjustable",Office Supplies,Labels
4305,"Jiffy Peel and Seal, with clear poly window",Office Supplies,Envelopes
4533,"Jiffy Peel and Seal, with clear poly window",Office Supplies,Envelopes
9683,"Apple Smart Phone, with Caller ID",Technology,Phones
7300,"Eldon Lockers, Blue",Office Supplies,Storage
2380,"Cuisinart Microwave, Red",Office Supplies,Appliances
8715,"Sharp Personal Copier, Color",Technology,Copiers
4748,"Stockwell Paper Clips, Metal",Office Supplies,Fasteners
5044,"OIC Thumb Tacks, Metal",Office Supplies,Fasteners
3971,"Wilson Jones Binder, Durable",Office Supplies,Binders
3096,Dixon Ticonderoga Pencils,Office Supplies,Art
1234,"DAX Charcoal/Nickel-Tone Document Frame, 5 x 7",Furniture,Furnishings
3655,Cardinal Slant-D Ring Binders,Office Supplies,Binders
9100,"Konica Inkjet, Durable",Technology,Machines
2108,"Bevis Training Table, Rectangular",Furniture,Tables
200,"Safco Stackable Bookrack, Pine",Furniture,Bookcases
4807,"Stockwell Clamps, 12 Pack",Office Supplies,Fasteners
4522,"Jiffy Business Envelopes, Recycled",Office Supplies,Envelopes
6989,"Fellowes Box, Single Width",Office Supplies,Storage
3949,"Cardinal Binder Covers, Clear",Office Supplies,Binders
8770,"Brother Fax and Copier, Color",Technology,Copiers
8192,Razer Kraken PRO Over Ear PC and Music Headset,Technology,Accessories
9070,"HP Wireless Fax, Laser",Technology,Copiers
7068,"Rogers File Cart, Single Width",Office Supplies,Storage
1267,"Eldon Photo Frame, Erganomic",Furniture,Furnishings
8160,"Memorex Keyboard, Programmable",Technology,Accessories
2054,Laminate Occasional Tables,Furniture,Tables
2363,Honeywell Enviracaire Portable HEPA Air Cleaner for up to 10 x 16 Room,Office Supplies,Appliances
4617,"Ames Manila Envelope, Set of 50",Office Supplies,Envelopes
1387,"Rubbermaid Photo Frame, Duo Pack",Furniture,Furnishings
2247,"Accos Thumb Tacks, Assorted Sizes",Office Supplies,Fasteners
5588,"Hon Legal Exhibit Labels, 5000 Label Set",Office Supplies,Labels
7732,"Stiletto Ruler, Easy Grip",Office Supplies,Supplies
6688,"Rogers Folders, Wire Frame",Office Supplies,Storage
74,"Bush Library with Doors, Pine",Furniture,Bookcases
9807,"Nokia Office Telephone, Full Size",Technology,Phones
6952,Steel Personal Filing/Posting Tote,Office Supplies,Storage
9121,"Logitech Numeric Keypad, Erganomic",Technology,Accessories
5128,"OIC Paper Clips, Assorted Sizes",Office Supplies,Fasteners
6356,"Green Bar Memo Slips, Multicolor",Office Supplies,Paper
2316,"Advantus Thumb Tacks, Assorted Sizes",Office Supplies,Fasteners
5606,"Harbour Creations Removable Labels, Adjustable",Office Supplies,Labels
8741,Canon PC-428 Personal Copier,Technology,Copiers
2749,Kensington 4 Outlet MasterPiece Compact Power Control Center,Office Supplies,Appliances
408,"Ikea Stackable Bookrack, Traditional",Furniture,Bookcases
4630,"Cameo Mailers, Security-Tint",Office Supplies,Envelopes
1109,"Executive Impressions 14"" Two-Color Numerals Wall Clock",Furniture,Furnishings
1266,Executive Impressions Supervisor Wall Clock,Furniture,Furnishings
5153,"Accos Thumb Tacks, Metal",Office Supplies,Fasteners
8979,"HP Wireless Fax, Color",Technology,Copiers
1042,"Dania Floating Shelf Set, Mobile",Furniture,Bookcases
8881,"HP Copy Machine, Color",Technology,Copiers
8742,"Hewlett Personal Copier, Digital",Technology,Copiers
5033,"Accos Clamps, Bulk Pack",Office Supplies,Fasteners
8278,"Enermax Memory Card, Programmable",Technology,Accessories
2627,"Breville Refrigerator, Silver",Office Supplies,Appliances
9781,Polycom CX600 IP Phone VoIP phone,Technology,Phones
9045,"Hewlett Fax and Copier, Color",Technology,Copiers
9651,"Motorola Audio Dock, Cordless",Technology,Phones
2040,"Iceberg OfficeWorks 42"" Round Tables",Furniture,Tables
644,"Harbour Creations Executive Leather Armchair, Adjustable",Furniture,Chairs
10034,"Motorola Headset, Cordless",Technology,Phones
2788,3M Replacement Filter for Office Air Cleaner for 20' x 33' Room,Office Supplies,Appliances
6403,Xerox 1973,Office Supplies,Paper
4984,"Advantus Push Pins, Bulk Pack",Office Supplies,Fasteners
1661,Flat Face Poster Frame,Furniture,Furnishings
3081,"Boston Highlighters, Blue",Office Supplies,Art
356,"Sauder Floating Shelf Set, Metal",Furniture,Bookcases
8787,"Canon Copy Machine, Laser",Technology,Copiers
9507,"Konica Inkjet, Wireless",Technology,Machines
9669,"Apple Signal Booster, Full Size",Technology,Phones
5099,"OIC Paper Clips, Metal",Office Supplies,Fasteners
5524,"Avery File Folder Labels, Laser Printer Compatible",Office Supplies,Labels
10002,"Samsung Office Telephone, with Caller ID",Technology,Phones
9767,"Nokia Signal Booster, Full Size",Technology,Phones
6687,"Rogers Box, Wire Frame",Office Supplies,Storage
5940,"Smead Shipping Labels, 5000 Label Set",Office Supplies,Labels
2357,"Breville Microwave, White",Office Supplies,Appliances
179,O'Sullivan 3-Shelf Heavy-Duty Bookcases,Furniture,Bookcases
8567,"Cisco Audio Dock, Cordless",Technology,Phones
7290,"Tenex Folders, Single Width",Office Supplies,Storage
3252,"Stanley Canvas, Easy-Erase",Office Supplies,Art
9324,"Okidata Inkjet, Wireless",Technology,Machines
7266,"Eldon Trays, Blue",Office Supplies,Storage
8394,Logitech Keyboard K120,Technology,Accessories
911,Novimex Turbo Task Chair,Furniture,Chairs
2331,"Ames Peel and Seal, with clear poly window",Office Supplies,Envelopes
8301,"Logitech Flash Drive, Bluetooth",Technology,Accessories
3933,"GBC Velobind Prepunched Cover Sets, Regency Series",Office Supplies,Binders
7506,"Stiletto Letter Opener, High Speed",Office Supplies,Supplies
4883,"Stockwell Staples, Bulk Pack",Office Supplies,Fasteners
5071,"Stockwell Paper Clips, Assorted Sizes",Office Supplies,Fasteners
4855,Staples,Office Supplies,Fasteners
8784,"Brother Personal Copier, High-Speed",Technology,Copiers
1986,"Barricks Coffee Table, Rectangular",Furniture,Tables
5450,"Kleencut Letter Opener, Easy Grip",Office Supplies,Supplies
3765,"Ibico 3-Hole Punch, Clear",Office Supplies,Binders
9997,Grandstream GXP2100 Mainstream Business Phone,Technology,Phones
7095,"Tennsco Stur-D-Stor Boltless Shelving, 5 Shelves, 24"" Deep, Sand",Office Supplies,Storage
10062,"Samsung Signal Booster, Cordless",Technology,Phones
8755,"HP Fax and Copier, High-Speed",Technology,Copiers
1980,"Bevis Round Table, with Bottom Storage",Furniture,Tables
98,"Dania Floating Shelf Set, Metal",Furniture,Bookcases
822,"Global Leather Task Chair, Black",Furniture,Chairs
6078,Xerox 19,Office Supplies,Paper
532,"Hon Chairmat, Red",Furniture,Chairs
8893,"HP Personal Copier, Color",Technology,Copiers
1110,"Deflect-O Door Stop, Black",Furniture,Furnishings
8308,"TRENDnet 56K USB 2.0 Phone, Internet and Fax Modem",Technology,Accessories
4808,"Advantus Rubber Bands, Bulk Pack",Office Supplies,Fasteners
5877,Avery 486,Office Supplies,Labels
1247,"Deflect-O Stacking Tray, Black",Furniture,Furnishings
8802,"Brother Ink, Color",Technology,Copiers
142,"Safco Classic Bookcase, Mobile",Furniture,Bookcases
5343,"Hon Removable Labels, Adjustable",Office Supplies,Labels
1174,"Deflect-O Light Bulb, Duo Pack",Furniture,Furnishings
937,"SAFCO Executive Leather Armchair, Adjustable",Furniture,Chairs
8590,"Canon Wireless Fax, Color",Technology,Copiers
8925,"Brother Fax and Copier, Color",Technology,Copiers
1298,"Rubbermaid Frame, Erganomic",Furniture,Furnishings
1441,"GE 48"" Fluorescent Tube, Cool White Energy Saver, 34 Watts, 30/Box",Furniture,Furnishings
8691,"HP Personal Copier, Color",Technology,Copiers
645,"Hon Chairmat, Black",Furniture,Chairs
4520,Tyvek Side-Opening Peel & Seel Expanding Envelopes,Office Supplies,Envelopes
6473,"Enermax Message Books, Recycled",Office Supplies,Paper
5742,"Avery Round Labels, 5000 Label Set",Office Supplies,Labels
5103,"Stockwell Paper Clips, Metal",Office Supplies,Fasteners
10122,"Samsung Headset, Cordless",Technology,Phones
1486,"Tenex ""The Solids"" Textured Chair Mats",Furniture,Furnishings
8174,"Logitech Flash Drive, Bluetooth",Technology,Accessories
4392,"Kraft Mailers, Security-Tint",Office Supplies,Envelopes
4994,"OIC Staples, Assorted Sizes",Office Supplies,Fasteners
9750,"Motorola Speaker Phone, with Caller ID",Technology,Phones
4565,"GlobeWeis Interoffice Envelope, with clear poly window",Office Supplies,Envelopes
7839,"Acme Scissors, Easy Grip",Office Supplies,Supplies
4935,"Stockwell Rubber Bands, Assorted Sizes",Office Supplies,Fasteners
8321,"Logitech Numeric Keypad, USB",Technology,Accessories
770,"Office Star Steel Folding Chair, Red",Furniture,Chairs
4405,"Cameo Mailers, Recycled",Office Supplies,Envelopes
7908,"Xerox Computer Printout Paper, Recycled",Office Supplies,Paper
5984,"OIC Push Pins, 12 Pack",Office Supplies,Fasteners
1032,"Dania Library with Doors, Pine",Furniture,Bookcases
3070,"Boston Sketch Pad, Water Color",Office Supplies,Art
4171,"Cuisinart Coffee Grinder, Red",Office Supplies,Appliances
4766,"Stockwell Push Pins, Metal",Office Supplies,Fasteners
3887,"Avery 3-Hole Punch, Durable",Office Supplies,Binders
495,"Bush Library with Doors, Metal",Furniture,Bookcases
1726,"Ikea Classic Bookcase, Traditional",Furniture,Bookcases
8047,"Enermax Memory Card, Programmable",Technology,Accessories
861,"Global Armless Task Chair, Royal Blue",Furniture,Chairs
1295,"Deflect-O Light Bulb, Black",Furniture,Furnishings
302,"Ikea Stackable Bookrack, Pine",Furniture,Bookcases
3754,"Wilson Jones Binder, Clear",Office Supplies,Binders
2610,"Cuisinart Toaster, Black",Office Supplies,Appliances
9982,RCA ViSYS 25825 Wireless digital phone,Technology,Phones
7676,"Acme Shears, Easy Grip",Office Supplies,Supplies
9314,"Okidata Card Printer, White",Technology,Machines
891,"SAFCO Steel Folding Chair, Adjustable",Furniture,Chairs
9296,"Panasonic Card Printer, Durable",Technology,Machines
652,"Hon Chairmat, Red",Furniture,Chairs
4643,"Cameo Peel and Seal, Set of 50",Office Supplies,Envelopes
542,Global Comet Stacking Arm Chair,Furniture,Chairs
9449,Cisco SPA525G2 5-Line IP Phone,Technology,Machines
7596,"Fiskars Shears, Serrated",Office Supplies,Supplies
7134,"Eldon Trays, Wire Frame",Office Supplies,Storage
7054,"Eldon Trays, Wire Frame",Office Supplies,Storage
7122,"Eldon Trays, Single Width",Office Supplies,Storage
4034,"Binney & Smith Pencil Sharpener, Fluorescent",Office Supplies,Art
7707,"Stiletto Ruler, Easy Grip",Office Supplies,Supplies
2937,Staples,Office Supplies,Art
4306,"Jiffy Peel and Seal, Set of 50",Office Supplies,Envelopes
1124,"Deflect-O Frame, Durable",Furniture,Furnishings
9762,"Cisco Office Telephone, Cordless",Technology,Phones
4320,"Ames Mailers, with clear poly window",Office Supplies,Envelopes
3477,"Wilson Jones Hole Reinforcements, Recycled",Office Supplies,Binders
4619,"Jiffy Manila Envelope, Recycled",Office Supplies,Envelopes
2694,Kensington 7 Outlet MasterPiece Power Center with Fax/Phone Line Protection,Office Supplies,Appliances
5518,"Hon Color Coded Labels, Adjustable",Office Supplies,Labels
8127,"Belkin Numeric Keypad, USB",Technology,Accessories
914,"Harbour Creations Swivel Stool, Adjustable",Furniture,Chairs
6822,"Rogers Trays, Single Width",Office Supplies,Storage
4323,"Ames Interoffice Envelope, Recycled",Office Supplies,Envelopes
9754,"iKross Bluetooth Portable Keyboard + Cell Phone Stand Holder + Brush for Apple iPhone 5S 5C 5, 4S 4",Technology,Phones
7873,"Wilson Jones Binder, Durable",Office Supplies,Binders
2858,"BIC Pencil Sharpener, Easy-Erase",Office Supplies,Art
4123,"Cameo Business Envelopes, Recycled",Office Supplies,Envelopes
1233,"Eldon Imàge Series Desk Accessories, Clear",Furniture,Furnishings
1384,"DAX Two-Tone Rosewood/Black Document Frame, Desktop, 5 x 7",Furniture,Furnishings
2474,"Breville Microwave, White",Office Supplies,Appliances
3262,Panasonic KP-380BK Classic Electric Pencil Sharpener,Office Supplies,Art
9899,"Nokia Signal Booster, with Caller ID",Technology,Phones
758,"Hon Bag Chairs, Black",Furniture,Chairs
10121,OtterBox Defender Series Case - iPhone 5c,Technology,Phones
7639,"Acme 10"" Easy Grip Assistive Scissors",Office Supplies,Supplies
4578,"Kraft Business Envelopes, Security-Tint",Office Supplies,Envelopes
7775,"Fiskars 8"" Scissors, 2/Pack",Office Supplies,Supplies
5922,"Smead Removable Labels, 5000 Label Set",Office Supplies,Labels
4750,"Accos Clamps, 12 Pack",Office Supplies,Fasteners
6742,"Smead Round Labels, Laser Printer Compatible",Office Supplies,Labels
5007,"Accos Staples, Metal",Office Supplies,Fasteners
6602,"Enermax Memo Slips, Multicolor",Office Supplies,Paper
1891,"Sauder Classic Bookcase, Metal",Furniture,Bookcases
8216,"Memorex Memory Card, Bluetooth",Technology,Accessories
5323,"Harbour Creations Legal Exhibit Labels, Alphabetical",Office Supplies,Labels
5154,"Advantus Clamps, 12 Pack",Office Supplies,Fasteners
7833,"Acme Box Cutter, Serrated",Office Supplies,Supplies
2974,"Sanford Prismacolor Professional Thick Lead Art Pencils, 36-Color Set",Office Supplies,Art
7807,"Stiletto Letter Opener, Easy Grip",Office Supplies,Supplies
4396,"Cameo Business Envelopes, Recycled",Office Supplies,Envelopes
4108,"Cameo Interoffice Envelope, Security-Tint",Office Supplies,Envelopes
2384,"Breville Coffee Grinder, White",Office Supplies,Appliances
2650,"Holmes Replacement Filter for HEPA Air Cleaner, Large Room",Office Supplies,Appliances
2311,"Advantus Clamps, Bulk Pack",Office Supplies,Fasteners
8840,"Canon Copy Machine, Color",Technology,Copiers
2452,"Hamilton Beach Stove, White",Office Supplies,Appliances
9960,ShoreTel ShorePhone IP 230 VoIP phone,Technology,Phones
10276,"StarTech Printer, Wireless",Technology,Machines
9215,"StarTech Receipt Printer, Wireless",Technology,Machines
7780,"Elite Letter Opener, Easy Grip",Office Supplies,Supplies
6231,"SanDisk Parchment Paper, 8.5 x 11",Office Supplies,Paper
3952,"Ibico Index Tab, Clear",Office Supplies,Binders
6185,"Eaton Memo Slips, Recycled",Office Supplies,Paper
1411,Electrix 20W Halogen Replacement Bulb for Zoom-In Desk Lamp,Furniture,Furnishings
4218,"Eldon Box, Industrial",Office Supplies,Storage
8964,"Brother Copy Machine, High-Speed",Technology,Copiers
4423,"Kraft Manila Envelope, Set of 50",Office Supplies,Envelopes
4410,"Kraft Manila Envelope, Set of 50",Office Supplies,Envelopes
5618,"Avery Legal Exhibit Labels, 5000 Label Set",Office Supplies,Labels
2123,"Bevis Conference Table, with Bottom Storage",Furniture,Tables
8762,"Hewlett Fax Machine, Digital",Technology,Copiers
9142,"Panasonic Inkjet, Wireless",Technology,Machines
2782,"Hoover Microwave, White",Office Supplies,Appliances
2735,"Hoover Toaster, White",Office Supplies,Appliances
1959,Chromcraft Round Conference Tables,Furniture,Tables
8325,"Memorex Flash Drive, Erganomic",Technology,Accessories
8352,"SanDisk Numeric Keypad, Bluetooth",Technology,Accessories
3025,"Boston Highlighters, Easy-Erase",Office Supplies,Art
3448,"Avery Binder Covers, Clear",Office Supplies,Binders
7504,"Kleencut Box Cutter, Serrated",Office Supplies,Supplies
7628,"Stiletto Letter Opener, High Speed",Office Supplies,Supplies
8509,"Belkin Numeric Keypad, Erganomic",Technology,Accessories
3303,"Boston Markers, Blue",Office Supplies,Art
9513,"Memorex Flash Drive, Bluetooth",Technology,Accessories
5743,"Novimex Removable Labels, Laser Printer Compatible",Office Supplies,Labels
2121,"Lesro Computer Table, Adjustable Height",Furniture,Tables
441,"Dania Library with Doors, Pine",Furniture,Bookcases
341,"Safco Floating Shelf Set, Mobile",Furniture,Bookcases
9131,"StarTech Phone, Wireless",Technology,Machines
6887,"Smead Folders, Blue",Office Supplies,Storage
5124,"Stockwell Staples, Bulk Pack",Office Supplies,Fasteners
7425,"Stiletto Ruler, Serrated",Office Supplies,Supplies
2472,"Cuisinart Microwave, Silver",Office Supplies,Appliances
2438,"Cuisinart Toaster, White",Office Supplies,Appliances
7233,"Fellowes File Cart, Blue",Office Supplies,Storage
598,"SAFCO Executive Leather Armchair, Set of Two",Furniture,Chairs
1543,"Advantus Photo Frame, Black",Furniture,Furnishings
5563,"Harbour Creations Shipping Labels, Laser Printer Compatible",Office Supplies,Labels
7126,"Fellowes Trays, Industrial",Office Supplies,Storage
4256,"Kraft Clasp Envelope, Security-Tint",Office Supplies,Envelopes
6290,"Xerox Message Books, 8.5 x 11",Office Supplies,Paper
4918,"Advantus Thumb Tacks, Assorted Sizes",Office Supplies,Fasteners
8052,"Enermax Flash Drive, USB",Technology,Accessories
4810,"Accos Staples, Bulk Pack",Office Supplies,Fasteners
8120,"SanDisk Mouse, Erganomic",Technology,Accessories
2934,"Boston Pens, Easy-Erase",Office Supplies,Art
10154,"Cisco Audio Dock, with Caller ID",Technology,Phones
1525,"Rubbermaid Frame, Duo Pack",Furniture,Furnishings
9182,"Konica Phone, Red",Technology,Machines
3829,"Cardinal Index Tab, Economy",Office Supplies,Binders
2581,Tripp Lite Isotel 8 Ultra 8 Outlet Metal Surge,Office Supplies,Appliances
3091,"Stanley Highlighters, Fluorescent",Office Supplies,Art
4213,"Eldon Shelving, Wire Frame",Office Supplies,Storage
5342,"Hon Color Coded Labels, Laser Printer Compatible",Office Supplies,Labels
8103,"Enermax Flash Drive, Erganomic",Technology,Accessories
2686,"Hoover Refrigerator, Silver",Office Supplies,Appliances
8908,"Hewlett Fax Machine, High-Speed",Technology,Copiers
9049,"Hewlett Wireless Fax, Laser",Technology,Copiers
9423,"StarTech Phone, Durable",Technology,Machines
2552,"Hoover Blender, Black",Office Supplies,Appliances
966,Global Chrome Stack Chair,Furniture,Chairs
527,"Harbour Creations Steel Folding Chair, Black",Furniture,Chairs
434,"Bush Floating Shelf Set, Metal",Furniture,Bookcases
5446,"KitchenAid Blender, Silver",Office Supplies,Appliances
2259,"Accos Clamps, Metal",Office Supplies,Fasteners
7398,"Stockwell Rubber Bands, Metal",Office Supplies,Fasteners
4967,"Accos Thumb Tacks, 12 Pack",Office Supplies,Fasteners
5163,"Stockwell Clamps, Assorted Sizes",Office Supplies,Fasteners
1154,"Rubbermaid Clock, Durable",Furniture,Furnishings
6634,"Green Bar Cards & Envelopes, 8.5 x 11",Office Supplies,Paper
6523,Xerox 1962,Office Supplies,Paper
6572,Xerox 1953,Office Supplies,Paper
8454,"Enermax Keyboard, Programmable",Technology,Accessories
2334,"Ames Manila Envelope, Recycled",Office Supplies,Envelopes
4321,Jet-Pak Recycled Peel 'N' Seal Padded Mailers,Office Supplies,Envelopes
1452,"Advantus Photo Frame, Duo Pack",Furniture,Furnishings
7680,"Elite Letter Opener, Steel",Office Supplies,Supplies
6311,"Enermax Memo Slips, 8.5 x 11",Office Supplies,Paper
7221,"Tenex Box, Wire Frame",Office Supplies,Storage
5763,"Harbour Creations Round Labels, Adjustable",Office Supplies,Labels
5988,"OIC Paper Clips, Bulk Pack",Office Supplies,Fasteners
5973,"Novimex Removable Labels, Adjustable",Office Supplies,Labels
2930,"Binney & Smith Crayola Metallic Crayons, 16-Color Pack",Office Supplies,Art
985,"Hon Executive Leather Armchair, Black",Furniture,Chairs
67,"Sauder Library with Doors, Metal",Furniture,Bookcases
343,"Sauder 3-Shelf Cabinet, Mobile",Furniture,Bookcases
351,"Ikea Library with Doors, Pine",Furniture,Bookcases
9343,"Konica Card Printer, Wireless",Technology,Machines
3056,"Binney & Smith Sketch Pad, Fluorescent",Office Supplies,Art
8856,"HP Fax and Copier, Color",Technology,Copiers
174,"Safco Corner Shelving, Pine",Furniture,Bookcases
334,"Dania Corner Shelving, Metal",Furniture,Bookcases
8296,"Enermax Mouse, Erganomic",Technology,Accessories
2832,"Boston Highlighters, Fluorescent",Office Supplies,Art
1069,"Deflect-O Photo Frame, Erganomic",Furniture,Furnishings
4322,"Jiffy Business Envelopes, Security-Tint",Office Supplies,Envelopes
5834,"Harbour Creations File Folder Labels, 5000 Label Set",Office Supplies,Labels
4624,Wausau Papers Astrobrights Colored Envelopes,Office Supplies,Envelopes
5487,"Kraft Mailers, Recycled",Office Supplies,Envelopes
5240,"GlobeWeis Peel and Seal, Recycled",Office Supplies,Envelopes
183,"Sauder Library with Doors, Traditional",Furniture,Bookcases
9988,"Samsung Signal Booster, with Caller ID",Technology,Phones
10119,"Motorola Audio Dock, Cordless",Technology,Phones
8065,"Logitech Router, Bluetooth",Technology,Accessories
8954,"Canon Fax and Copier, Color",Technology,Copiers
5169,"Advantus Staples, Bulk Pack",Office Supplies,Fasteners
4776,"Stockwell Push Pins, Bulk Pack",Office Supplies,Fasteners
103,"Bush Stackable Bookrack, Pine",Furniture,Bookcases
8229,"Logitech Mouse, USB",Technology,Accessories
7754,"Kleencut Trimmer, Serrated",Office Supplies,Supplies
4535,"Cameo Mailers, Recycled",Office Supplies,Envelopes
7553,"Kleencut Ruler, Steel",Office Supplies,Supplies
5602,"Avery Round Labels, Alphabetical",Office Supplies,Labels
6532,"Eaton Cards & Envelopes, Premium",Office Supplies,Paper
5674,"Hon Round Labels, Laser Printer Compatible",Office Supplies,Labels
4387,"Kraft Peel and Seal, Set of 50",Office Supplies,Envelopes
3658,GBC Twin Loop Wire Binding Elements,Office Supplies,Binders
7530,"Acme Scissors, Steel",Office Supplies,Supplies
5849,Self-Adhesive Removable Labels,Office Supplies,Labels
6315,Things To Do Today Pad,Office Supplies,Paper
10007,"Cisco Smart Phone, Full Size",Technology,Phones
1847,"Safco Classic Bookcase, Metal",Furniture,Bookcases
7712,"Elite Box Cutter, Easy Grip",Office Supplies,Supplies
2692,"KitchenAid Blender, Silver",Office Supplies,Appliances
3560,"Acco 3-Hole Punch, Clear",Office Supplies,Binders
5133,"OIC Push Pins, 12 Pack",Office Supplies,Fasteners
5590,"Harbour Creations Round Labels, Alphabetical",Office Supplies,Labels
5359,"Hoover Blender, White",Office Supplies,Appliances
8580,"Cisco Office Telephone, Full Size",Technology,Phones
10215,"Samsung Headset, with Caller ID",Technology,Phones
8446,"SanDisk Memory Card, Erganomic",Technology,Accessories
7069,"Fellowes Shelving, Single Width",Office Supplies,Storage
4610,"GlobeWeis Clasp Envelope, Set of 50",Office Supplies,Envelopes
2715,"KitchenAid Blender, Black",Office Supplies,Appliances
1339,"Eldon Door Stop, Black",Furniture,Furnishings
7435,"Elite Trimmer, High Speed",Office Supplies,Supplies
5045,"Stockwell Thumb Tacks, Metal",Office Supplies,Fasteners
9436,Zebra GX420t Direct Thermal/Thermal Transfer Printer,Technology,Machines
4092,"Breville Microwave, White",Office Supplies,Appliances
8790,"Brother Personal Copier, High-Speed",Technology,Copiers
2526,"Breville Blender, Black",Office Supplies,Appliances
8300,"SanDisk Mouse, Bluetooth",Technology,Accessories
5073,"Accos Push Pins, Metal",Office Supplies,Fasteners
5081,"OIC Thumb Tacks, Metal",Office Supplies,Fasteners
5603,"Smead Legal Exhibit Labels, Laser Printer Compatible",Office Supplies,Labels
4037,"Binney & Smith Highlighters, Fluorescent",Office Supplies,Art
284,"Sauder Stackable Bookrack, Mobile",Furniture,Bookcases
2716,"Hamilton Beach Microwave, White",Office Supplies,Appliances
132,"Bush Stackable Bookrack, Pine",Furniture,Bookcases
7362,"Stiletto Trimmer, Serrated",Office Supplies,Supplies
5008,"Accos Paper Clips, Bulk Pack",Office Supplies,Fasteners
1064,"Deflect-O Clock, Durable",Furniture,Furnishings
7471,"Stiletto Shears, High Speed",Office Supplies,Supplies
4440,"Cameo Peel and Seal, Security-Tint",Office Supplies,Envelopes
7401,"Stockwell Paper Clips, Assorted Sizes",Office Supplies,Fasteners
10097,"Motorola Smart Phone, Full Size",Technology,Phones
8808,"Sharp Fax Machine, Color",Technology,Copiers
8463,"Belkin Memory Card, Bluetooth",Technology,Accessories
4157,"Cuisinart Stove, Red",Office Supplies,Appliances
7201,"Rogers Shelving, Wire Frame",Office Supplies,Storage
5089,"OIC Paper Clips, 12 Pack",Office Supplies,Fasteners
7443,"Stiletto Letter Opener, Easy Grip",Office Supplies,Supplies
2964,"Sanford Sketch Pad, Easy-Erase",Office Supplies,Art
7690,"Fiskars Scissors, High Speed",Office Supplies,Supplies
9585,"Okidata Calculator, Red",Technology,Machines
6514,"Eaton Note Cards, Premium",Office Supplies,Paper
1421,"Advantus Photo Frame, Duo Pack",Furniture,Furnishings
4451,"Kraft Clasp Envelope, Recycled",Office Supplies,Envelopes
6737,"SanDisk Message Books, Multicolor",Office Supplies,Paper
3003,"Stanley Highlighters, Fluorescent",Office Supplies,Art
5276,"Green Bar Cards & Envelopes, Recycled",Office Supplies,Paper
1910,"Chromcraft Conference Table, with Bottom Storage",Furniture,Tables
7953,"Logitech Memory Card, Programmable",Technology,Accessories
8256,Logitech G35 7.1-Channel Surround Sound Headset,Technology,Accessories
2786,"Breville Coffee Grinder, Red",Office Supplies,Appliances
670,"Novimex Rocking Chair, Adjustable",Furniture,Chairs
5659,"Avery Round Labels, 5000 Label Set",Office Supplies,Labels
9111,"Logitech Numeric Keypad, USB",Technology,Accessories
7637,Fiskars Spring-Action Scissors,Office Supplies,Supplies
4621,"Kraft Mailers, Security-Tint",Office Supplies,Envelopes
6427,Xerox 1937,Office Supplies,Paper
5462,"Kleencut Letter Opener, High Speed",Office Supplies,Supplies
8689,"Hewlett Wireless Fax, High-Speed",Technology,Copiers
493,"Bush Classic Bookcase, Metal",Furniture,Bookcases
7898,"Xerox Cards & Envelopes, 8.5 x 11",Office Supplies,Paper
625,"Hon Swivel Stool, Adjustable",Furniture,Chairs
5258,"GlobeWeis Peel and Seal, with clear poly window",Office Supplies,Envelopes
4907,"Advantus Push Pins, Bulk Pack",Office Supplies,Fasteners
7916,"Xerox Cards & Envelopes, Multicolor",Office Supplies,Paper
6576,Xerox 219,Office Supplies,Paper
4166,"Cuisinart Coffee Grinder, Black",Office Supplies,Appliances
3674,"Ibico Binder Covers, Economy",Office Supplies,Binders
2987,Newell 311,Office Supplies,Art
607,"Harbour Creations Swivel Stool, Black",Furniture,Chairs
1392,"Tensor ""Hersey Kiss"" Styled Floor Lamp",Furniture,Furnishings
5858,"Smead Removable Labels, 5000 Label Set",Office Supplies,Labels
6558,Xerox 1894,Office Supplies,Paper
8568,"Cisco Smart Phone, Cordless",Technology,Phones
9124,"Logitech Memory Card, Programmable",Technology,Accessories
2757,"Eureka The Boss Lite 10-Amp Upright Vacuum, Blue",Office Supplies,Appliances
1969,"Barricks Training Table, Fully Assembled",Furniture,Tables
9525,"Memorex Memory Card, Erganomic",Technology,Accessories
7909,"Xerox Message Books, 8.5 x 11",Office Supplies,Paper
9664,"Samsung Headset, with Caller ID",Technology,Phones
423,O'Sullivan Living Dimensions 3-Shelf Bookcases,Furniture,Bookcases
9209,"StarTech Inkjet, White",Technology,Machines
2144,"Bevis Conference Table, Fully Assembled",Furniture,Tables
9396,"Panasonic Inkjet, Durable",Technology,Machines
2943,"Binney & Smith Canvas, Water Color",Office Supplies,Art
6969,"Tenex Personal Project File with Scoop Front Design, Black",Office Supplies,Storage
6272,"Eaton Message Books, Recycled",Office Supplies,Paper
3862,"Avery Index Tab, Clear",Office Supplies,Binders
3466,"Acco Hole Reinforcements, Durable",Office Supplies,Binders
1416,"Tenex Traditional Chairmats for Hard Floors, Average Lip, 36"" x 48""",Furniture,Furnishings
7737,"Fiskars Box Cutter, Easy Grip",Office Supplies,Supplies
5736,"Harbour Creations Round Labels, Laser Printer Compatible",Office Supplies,Labels
5039,Bagged Rubber Bands,Office Supplies,Fasteners
1861,"Safco Corner Shelving, Mobile",Furniture,Bookcases
2063,"Lesro Computer Table, Fully Assembled",Furniture,Tables
6853,"Eldon Lockers, Wire Frame",Office Supplies,Storage
8686,"Sharp Ink, Color",Technology,Copiers
1519,"Rubbermaid Clock, Duo Pack",Furniture,Furnishings
7093,"Rogers Shelving, Blue",Office Supplies,Storage
4821,"Stockwell Clamps, 12 Pack",Office Supplies,Fasteners
1945,"Chromcraft Training Table, Rectangular",Furniture,Tables
6364,Xerox 1928,Office Supplies,Paper
7813,"Fiskars Scissors, Serrated",Office Supplies,Supplies
3137,"Stanley Pens, Fluorescent",Office Supplies,Art
5888,Avery 491,Office Supplies,Labels
7609,"Elite Trimmer, High Speed",Office Supplies,Supplies
155,"Bush 3-Shelf Cabinet, Pine",Furniture,Bookcases
7779,"Stiletto Trimmer, High Speed",Office Supplies,Supplies
10252,"Sharp Copy Machine, Laser",Technology,Copiers
4755,"Advantus Paper Clips, Metal",Office Supplies,Fasteners
608,"Harbour Creations Chairmat, Set of Two",Furniture,Chairs
5434,"KitchenAid Toaster, Black",Office Supplies,Appliances
1805,"Rubbermaid Door Stop, Duo Pack",Furniture,Furnishings
6322,"Eaton Parchment Paper, Multicolor",Office Supplies,Paper
1606,"Deflect-O Light Bulb, Durable",Furniture,Furnishings
8135,"Logitech Router, USB",Technology,Accessories
8338,Logitech Z-906 Speaker sys - home theater - 5.1-CH,Technology,Accessories
57,"Dania Classic Bookcase, Mobile",Furniture,Bookcases
172,"Safco Floating Shelf Set, Traditional",Furniture,Bookcases
838,"Novimex Chairmat, Adjustable",Furniture,Chairs
9074,"HP Ink, Laser",Technology,Copiers
4160,"Cuisinart Stove, White",Office Supplies,Appliances
9554,"Motorola Office Telephone, Full Size",Technology,Phones
4251,"Ames Mailers, Security-Tint",Office Supplies,Envelopes
3311,"Boston Pens, Fluorescent",Office Supplies,Art
5020,"OIC Paper Clips, Assorted Sizes",Office Supplies,Fasteners
5482,"Kraft Interoffice Envelope, with clear poly window",Office Supplies,Envelopes
5368,"Hoover Blender, Black",Office Supplies,Appliances
4722,"Enermax Message Books, Multicolor",Office Supplies,Paper
2275,"Acco Binder Covers, Economy",Office Supplies,Binders
8749,"Canon Wireless Fax, Digital",Technology,Copiers
8963,"HP Copy Machine, Color",Technology,Copiers
5046,"OIC Clamps, Bulk Pack",Office Supplies,Fasteners
668,"Novimex Swivel Stool, Set of Two",Furniture,Chairs
3332,"Boston Canvas, Easy-Erase",Office Supplies,Art
3488,"Ibico Binder Covers, Clear",Office Supplies,Binders
1458,"Tenex Frame, Durable",Furniture,Furnishings
6211,"Xerox Note Cards, Recycled",Office Supplies,Paper
3943,"Cardinal Binder, Clear",Office Supplies,Binders
4239,"Elite Scissors, High Speed",Office Supplies,Supplies
8551,"Canon Wireless Fax, Digital",Technology,Copiers
883,"Office Star Bag Chairs, Set of Two",Furniture,Chairs
676,"Office Star Steel Folding Chair, Adjustable",Furniture,Chairs
7943,"Memorex Router, USB",Technology,Accessories
5408,"Jiffy Interoffice Envelope, with clear poly window",Office Supplies,Envelopes
8571,"Cisco Speaker Phone, Full Size",Technology,Phones
4436,"Ames Peel and Seal, Set of 50",Office Supplies,Envelopes
4593,"Cameo Business Envelopes, Recycled",Office Supplies,Envelopes
7327,"Stanley Pens, Easy-Erase",Office Supplies,Art
367,"Bush Stackable Bookrack, Pine",Furniture,Bookcases
4925,"Stockwell Thumb Tacks, Assorted Sizes",Office Supplies,Fasteners
5481,"Kraft Business Envelopes, Security-Tint",Office Supplies,Envelopes
1742,"Ikea Stackable Bookrack, Traditional",Furniture,Bookcases
1729,"Ikea Floating Shelf Set, Metal",Furniture,Bookcases
83,"Sauder Stackable Bookrack, Traditional",Furniture,Bookcases
310,"Ikea Stackable Bookrack, Metal",Furniture,Bookcases
9749,"Apple Smart Phone, Cordless",Technology,Phones
7336,"Stanley Pens, Blue",Office Supplies,Art
5076,"Stockwell Clamps, Metal",Office Supplies,Fasteners
3468,"Wilson Jones Binding Machine, Clear",Office Supplies,Binders
5835,"Hon File Folder Labels, 5000 Label Set",Office Supplies,Labels
4085,"Breville Coffee Grinder, Silver",Office Supplies,Appliances
4508,"Ames Peel and Seal, with clear poly window",Office Supplies,Envelopes
9241,"Konica Phone, White",Technology,Machines
4484,"Jiffy Business Envelopes, Set of 50",Office Supplies,Envelopes
9097,"Konica Card Printer, Wireless",Technology,Machines
2256,"Accos Clamps, Assorted Sizes",Office Supplies,Fasteners
2603,"Cuisinart Refrigerator, Black",Office Supplies,Appliances
8838,"HP Fax Machine, High-Speed",Technology,Copiers
1319,"Eldon Door Stop, Durable",Furniture,Furnishings
189,"Dania Library with Doors, Mobile",Furniture,Bookcases
1256,"Advantus Employee of the Month Certificate Frame, 11 x 13-1/2",Furniture,Furnishings
5516,"Harbour Creations Shipping Labels, Alphabetical",Office Supplies,Labels
5508,"Novimex Round Labels, Alphabetical",Office Supplies,Labels
474,"Dania Corner Shelving, Traditional",Furniture,Bookcases
10134,Dexim XPower Skin Super-Thin Power Case for iPhone 5 - Black,Technology,Phones
8044,"Enermax Mouse, Bluetooth",Technology,Accessories
9839,"Nokia Speaker Phone, Full Size",Technology,Phones
5345,"Hon Removable Labels, Adjustable",Office Supplies,Labels
8061,"Memorex Router, Programmable",Technology,Accessories
354,"Safco Floating Shelf Set, Mobile",Furniture,Bookcases
9544,"Motorola Smart Phone, with Caller ID",Technology,Phones
6988,Tennsco 16-Compartment Lockers with Coat Rack,Office Supplies,Storage
1036,"Dania Classic Bookcase, Mobile",Furniture,Bookcases
9198,"Epson Phone, Red",Technology,Machines
7464,"Stiletto Trimmer, Steel",Office Supplies,Supplies
9900,Cisco SPA301,Technology,Phones
9408,"Panasonic Phone, White",Technology,Machines
4379,"Ames Interoffice Envelope, Set of 50",Office Supplies,Envelopes
8110,"Memorex Numeric Keypad, USB",Technology,Accessories
6648,"Xerox Computer Printout Paper, Multicolor",Office Supplies,Paper
3079,"BIC Pens, Easy-Erase",Office Supplies,Art
4562,"GlobeWeis Clasp Envelope, Set of 50",Office Supplies,Envelopes
7664,"Acme Trimmer, High Speed",Office Supplies,Supplies
6608,Xerox 222,Office Supplies,Paper
6543,"SanDisk Memo Slips, Recycled",Office Supplies,Paper
5868,"Avery Round Labels, Adjustable",Office Supplies,Labels
10221,"Samsung Smart Phone, Full Size",Technology,Phones
1818,"Rubbermaid Frame, Durable",Furniture,Furnishings
8814,"Hewlett Fax Machine, Laser",Technology,Copiers
1731,"Ikea Library with Doors, Metal",Furniture,Bookcases
1049,"Dania Corner Shelving, Traditional",Furniture,Bookcases
965,"Novimex Bag Chairs, Set of Two",Furniture,Chairs
4758,"OIC Push Pins, Metal",Office Supplies,Fasteners
5269,"Green Bar Computer Printout Paper, Recycled",Office Supplies,Paper
3851,"Wilson Jones Index Tab, Economy",Office Supplies,Binders
4927,"OIC Clamps, Bulk Pack",Office Supplies,Fasteners
8743,"Brother Wireless Fax, Laser",Technology,Copiers
4991,"Accos Staples, Metal",Office Supplies,Fasteners
22,"Advantus Photo Frame, Durable",Furniture,Furnishings
3554,"Acco 3-Hole Punch, Economy",Office Supplies,Binders
2817,"BIC Pencil Sharpener, Blue",Office Supplies,Art
7347,"Stiletto Ruler, High Speed",Office Supplies,Supplies
8316,Lenovo 17-Key USB Numeric Keypad,Technology,Accessories
6269,Xerox 202,Office Supplies,Paper
5397,"Ibico Hole Reinforcements, Recycled",Office Supplies,Binders
9410,"StarTech Printer, Wireless",Technology,Machines
37,"Barricks Round Table, Fully Assembled",Furniture,Tables
5229,"Fiskars Letter Opener, Steel",Office Supplies,Supplies
5936,"Novimex Round Labels, Laser Printer Compatible",Office Supplies,Labels
4924,"Stockwell Push Pins, Bulk Pack",Office Supplies,Fasteners
7010,"Tenex Box, Blue",Office Supplies,Storage
5396,"Ibico Binder Covers, Durable",Office Supplies,Binders
4172,"Cuisinart Microwave, Red",Office Supplies,Appliances
8084,"Logitech Router, Erganomic",Technology,Accessories
456,"Ikea Library with Doors, Mobile",Furniture,Bookcases
6679,"Rogers Lockers, Blue",Office Supplies,Storage
6607,"Xerox Cards & Envelopes, Recycled",Office Supplies,Paper
2918,"Sanford Markers, Easy-Erase",Office Supplies,Art
3268,"Binney & Smith Pencil Sharpener, Water Color",Office Supplies,Art
8198,"Memorex Numeric Keypad, USB",Technology,Accessories
8728,"Sharp Personal Copier, Color",Technology,Copiers
9107,"Logitech Mouse, Programmable",Technology,Accessories
4717,"Enermax Message Books, 8.5 x 11",Office Supplies,Paper
4718,"Enermax Computer Printout Paper, Premium",Office Supplies,Paper
1076,"Eldon Frame, Duo Pack",Furniture,Furnishings
6776,"Smead Color Coded Labels, Adjustable",Office Supplies,Labels
87,"Bush Library with Doors, Metal",Furniture,Bookcases
9512,"Memorex Router, Programmable",Technology,Accessories
1675,"Harbour Creations Swivel Stool, Black",Furniture,Chairs
3293,"Boston Sketch Pad, Blue",Office Supplies,Art
6928,"Rogers Shelving, Single Width",Office Supplies,Storage
9106,"Logitech Keyboard, Erganomic",Technology,Accessories
4591,"Jiffy Business Envelopes, Security-Tint",Office Supplies,Envelopes
6567,"Enermax Computer Printout Paper, 8.5 x 11",Office Supplies,Paper
8179,"Enermax Numeric Keypad, Bluetooth",Technology,Accessories
6565,Xerox 188,Office Supplies,Paper
4327,Staples,Office Supplies,Envelopes
3721,"Avery Hole Reinforcements, Clear",Office Supplies,Binders
10066,"Apple Audio Dock, VoIP",Technology,Phones
436,"Ikea Library with Doors, Metal",Furniture,Bookcases
2098,"Barricks Conference Table, Adjustable Height",Furniture,Tables
8650,"HP Fax Machine, Laser",Technology,Copiers
10168,"Motorola Signal Booster, VoIP",Technology,Phones
7086,"Eldon Lockers, Single Width",Office Supplies,Storage
1021,"Chromcraft Coffee Table, with Bottom Storage",Furniture,Tables
7238,"Eldon Trays, Industrial",Office Supplies,Storage
8775,"Hewlett Copy Machine, Color",Technology,Copiers
95,"Dania Corner Shelving, Pine",Furniture,Bookcases
4966,"OIC Clamps, 12 Pack",Office Supplies,Fasteners
10133,"Nokia Audio Dock, Cordless",Technology,Phones
4546,"Kraft Business Envelopes, Recycled",Office Supplies,Envelopes
7377,"Stockwell Rubber Bands, 12 Pack",Office Supplies,Fasteners
4439,"Ames Interoffice Envelope, Security-Tint",Office Supplies,Envelopes
1320,"Deflect-O Stacking Tray, Durable",Furniture,Furnishings
4767,"Stockwell Thumb Tacks, Bulk Pack",Office Supplies,Fasteners
3886,Wilson Jones International Size A4 Ring Binders,Office Supplies,Binders
4314,"Ames Business Envelopes, Set of 50",Office Supplies,Envelopes
3993,JM Magazine Binder,Office Supplies,Binders
9956,"Samsung Smart Phone, Full Size",Technology,Phones
5441,"KitchenAid Refrigerator, Red",Office Supplies,Appliances
7098,"Rogers Lockers, Industrial",Office Supplies,Storage
6999,"Rogers Lockers, Wire Frame",Office Supplies,Storage
6944,"Rogers Folders, Blue",Office Supplies,Storage
5480,"Kraft Business Envelopes, Recycled",Office Supplies,Envelopes
1307,"Deflect-O Clock, Durable",Furniture,Furnishings
1311,"Eldon Door Stop, Duo Pack",Furniture,Furnishings
9791,"Nokia Audio Dock, Cordless",Technology,Phones
6377,"Eaton Cards & Envelopes, Premium",Office Supplies,Paper
4568,"GlobeWeis Manila Envelope, Set of 50",Office Supplies,Envelopes
6721,"SanDisk Memo Slips, Multicolor",Office Supplies,Paper
5760,"Hon Color Coded Labels, Alphabetical",Office Supplies,Labels
4111,"Cameo Peel and Seal, Recycled",Office Supplies,Envelopes
7610,"Kleencut Scissors, Steel",Office Supplies,Supplies
5421,"Jiffy Manila Envelope, with clear poly window",Office Supplies,Envelopes
5924,Self-Adhesive Address Labels for Typewriters with Dispenser Box,Office Supplies,Labels
6593,Xerox 231,Office Supplies,Paper
1198,Eldon 200 Class Desk Accessories,Furniture,Furnishings
371,"Dania Classic Bookcase, Metal",Furniture,Bookcases
10132,"Nokia Smart Phone, Full Size",Technology,Phones
9067,"HP Fax and Copier, High-Speed",Technology,Copiers
8119,Razer Tiamat Over Ear 7.1 Surround Sound PC Gaming Headset,Technology,Accessories
4409,"Kraft Mailers, Set of 50",Office Supplies,Envelopes
475,"Safco Stackable Bookrack, Traditional",Furniture,Bookcases
2017,"Bevis Round Table, Rectangular",Furniture,Tables
2514,"Hoover Toaster, White",Office Supplies,Appliances
10167,"Samsung Office Telephone, with Caller ID",Technology,Phones
4136,"Cardinal Binding Machine, Economy",Office Supplies,Binders
874,"SAFCO Steel Folding Chair, Black",Furniture,Chairs
859,"Novimex Bag Chairs, Set of Two",Furniture,Chairs
7532,"Fiskars Scissors, Easy Grip",Office Supplies,Supplies
5994,"OIC Thumb Tacks, 12 Pack",Office Supplies,Fasteners
5528,"Smead Shipping Labels, Laser Printer Compatible",Office Supplies,Labels
4961,"Advantus Paper Clips, Bulk Pack",Office Supplies,Fasteners
2279,"Acme Letter Opener, High Speed",Office Supplies,Supplies
3788,"Avery Index Tab, Clear",Office Supplies,Binders
10085,"Samsung Smart Phone, with Caller ID",Technology,Phones
161,"Sauder Stackable Bookrack, Mobile",Furniture,Bookcases
2085,"Bevis Training Table, Fully Assembled",Furniture,Tables
195,"Bush 3-Shelf Cabinet, Traditional",Furniture,Bookcases
2065,"Lesro Conference Table, Rectangular",Furniture,Tables
9703,"Motorola Signal Booster, VoIP",Technology,Phones
7588,"Stiletto Box Cutter, Steel",Office Supplies,Supplies
2969,"BIC Canvas, Water Color",Office Supplies,Art
4206,"Eldon Lockers, Industrial",Office Supplies,Storage
7698,"Fiskars Shears, Steel",Office Supplies,Supplies
4291,"Kraft Interoffice Envelope, Security-Tint",Office Supplies,Envelopes
8729,"Sharp Personal Copier, Laser",Technology,Copiers
7643,"Elite Shears, Serrated",Office Supplies,Supplies
1093,"Eldon Stacking Tray, Erganomic",Furniture,Furnishings
7636,"Kleencut Scissors, Steel",Office Supplies,Supplies
3463,GBC Ibimaster 500 Manual ProClick Binding System,Office Supplies,Binders
218,"Ikea Floating Shelf Set, Mobile",Furniture,Bookcases
9257,"StarTech Printer, Red",Technology,Machines
1941,"Hon Round Table, Fully Assembled",Furniture,Tables
7701,"Elite Letter Opener, Easy Grip",Office Supplies,Supplies
572,"Office Star Chairmat, Set of Two",Furniture,Chairs
2807,"Boston Pens, Water Color",Office Supplies,Art
2924,"Sanford Pens, Fluorescent",Office Supplies,Art
3355,"Avery Legal Exhibit Labels, Laser Printer Compatible",Office Supplies,Labels
4087,"Breville Stove, Red",Office Supplies,Appliances
10175,Pyle PRT45 Retro Home Telephone,Technology,Phones
4243,"Elite Box Cutter, Serrated",Office Supplies,Supplies
8085,Dell Slim USB Multimedia Keyboard,Technology,Accessories
4175,"Eaton Computer Printout Paper, Multicolor",Office Supplies,Paper
1209,"Eldon Stackable Tray, Side-Load, Legal, Smoke",Furniture,Furnishings
7965,"Belkin Router, USB",Technology,Accessories
9447,"Konica Printer, Red",Technology,Machines
1571,"Advantus Door Stop, Duo Pack",Furniture,Furnishings
2111,"Chromcraft Training Table, Fully Assembled",Furniture,Tables
9563,"Nokia Signal Booster, with Caller ID",Technology,Phones
7273,"Tenex File Cart, Single Width",Office Supplies,Storage
664,"Hon Bag Chairs, Adjustable",Furniture,Chairs
7283,"Eldon File Cart, Blue",Office Supplies,Storage
5156,"Stockwell Thumb Tacks, 12 Pack",Office Supplies,Fasteners
3441,"Cardinal Index Tab, Durable",Office Supplies,Binders
6846,"Fellowes Trays, Industrial",Office Supplies,Storage
4579,"Kraft Manila Envelope, Set of 50",Office Supplies,Envelopes
2343,"Ames Business Envelopes, Set of 50",Office Supplies,Envelopes
3266,Staples,Office Supplies,Art
3799,"Wilson Jones Binder Covers, Clear",Office Supplies,Binders
8901,"Hewlett Wireless Fax, Color",Technology,Copiers
9480,"Okidata Inkjet, White",Technology,Machines
5282,"Hamilton Beach Refrigerator, Red",Office Supplies,Appliances
835,Office Star - Contemporary Task Swivel Chair,Furniture,Chairs
9230,"Panasonic Calculator, White",Technology,Machines
620,"Hon Chairmat, Red",Furniture,Chairs
6509,"Eaton Note Cards, Multicolor",Office Supplies,Paper
6550,Universal Premium White Copier/Laser Paper (20Lb. and 87 Bright),Office Supplies,Paper
8418,"SanDisk Mouse, Bluetooth",Technology,Accessories
4768,"Advantus Clamps, Metal",Office Supplies,Fasteners
2002,"Lesro Coffee Table, Adjustable Height",Furniture,Tables
9461,"Konica Inkjet, Wireless",Technology,Machines
8684,"Brother Copy Machine, Color",Technology,Copiers
512,"Bush Floating Shelf Set, Pine",Furniture,Bookcases
1800,"Office Star Executive Leather Armchair, Red",Furniture,Chairs
2484,"KitchenAid Blender, Black",Office Supplies,Appliances
320,"Sauder Corner Shelving, Metal",Furniture,Bookcases
84,"Sauder Floating Shelf Set, Metal",Furniture,Bookcases
9831,"Apple Signal Booster, Cordless",Technology,Phones
3860,"Cardinal 3-Hole Punch, Durable",Office Supplies,Binders
4669,"Kraft Business Envelopes, Set of 50",Office Supplies,Envelopes
3189,"BIC Highlighters, Water Color",Office Supplies,Art
3715,"Avery Binder Covers, Economy",Office Supplies,Binders
4881,"Advantus Paper Clips, Bulk Pack",Office Supplies,Fasteners
6768,"Smead Legal Exhibit Labels, Alphabetical",Office Supplies,Labels
5309,"Harbour Creations File Folder Labels, Laser Printer Compatible",Office Supplies,Labels
5522,"Hon Shipping Labels, Alphabetical",Office Supplies,Labels
5286,"Hamilton Beach Refrigerator, Silver",Office Supplies,Appliances
3321,"BIC Canvas, Blue",Office Supplies,Art
224,"Sauder Forest Hills Library with Doors, Woodland Oak Finish",Furniture,Bookcases
2859,"Boston Model 1800 Electric Pencil Sharpener, Gray",Office Supplies,Art
6387,"Enermax Parchment Paper, Premium",Office Supplies,Paper
5096,"Advantus Rubber Bands, Assorted Sizes",Office Supplies,Fasteners
921,"SAFCO Rocking Chair, Adjustable",Furniture,Chairs
8921,"Canon Copy Machine, Laser",Technology,Copiers
714,"Novimex Chairmat, Set of Two",Furniture,Chairs
9526,"Memorex Flash Drive, USB",Technology,Accessories
7806,"Stiletto Trimmer, Steel",Office Supplies,Supplies
5574,"Smead Legal Exhibit Labels, 5000 Label Set",Office Supplies,Labels
6390,"Ampad Phone Message Book, Recycled, 400 Message Capacity, 5 ¾” x 11”",Office Supplies,Paper
2335,"Ames Business Envelopes, Recycled",Office Supplies,Envelopes
4338,"Kraft Clasp Envelope, Set of 50",Office Supplies,Envelopes
5292,"Hamilton Beach Microwave, Black",Office Supplies,Appliances
6643,"Enermax Message Books, Premium",Office Supplies,Paper
5705,"Hon Shipping Labels, 5000 Label Set",Office Supplies,Labels
2119,"Bevis Wood Table, Rectangular",Furniture,Tables
4179,"Eaton Note Cards, Multicolor",Office Supplies,Paper
4301,"Cameo Interoffice Envelope, Set of 50",Office Supplies,Envelopes
3233,"Binney & Smith Canvas, Water Color",Office Supplies,Art
5178,"Accos Rubber Bands, Bulk Pack",Office Supplies,Fasteners
1686,"Harbour Creations Steel Folding Chair, Adjustable",Furniture,Chairs
5488,"Kraft Mailers, with clear poly window",Office Supplies,Envelopes
905,"Harbour Creations Chairmat, Adjustable",Furniture,Chairs
1375,"Rubbermaid Light Bulb, Durable",Furniture,Furnishings
1132,Eldon Antistatic Chair Mats for Low to Medium Pile Carpets,Furniture,Furnishings
4702,"Ames Business Envelopes, Set of 50",Office Supplies,Envelopes
3190,"Boston Markers, Water Color",Office Supplies,Art
909,Novimex High-Tech Fabric Mesh Task Chair,Furniture,Chairs
6362,"Eaton Memo Slips, Multicolor",Office Supplies,Paper
4690,"Jiffy Clasp Envelope, Security-Tint",Office Supplies,Envelopes
4749,"Advantus Paper Clips, Assorted Sizes",Office Supplies,Fasteners
5983,"OIC Clamps, Metal",Office Supplies,Fasteners
3166,"Sanford Highlighters, Easy-Erase",Office Supplies,Art
6186,"Important Message Pads, 50 4-1/4 x 5-1/2 Forms per Pad",Office Supplies,Paper
9708,"Samsung Smart Phone, Cordless",Technology,Phones
10096,Mitel MiVoice 5330e IP Phone,Technology,Phones
2646,"Cuisinart Refrigerator, Red",Office Supplies,Appliances
7127,"Tenex Box, Blue",Office Supplies,Storage
4407,"GlobeWeis Peel and Seal, with clear poly window",Office Supplies,Envelopes
3327,Colorific Watercolor Pencils,Office Supplies,Art
8253,"Memorex Memory Card, Programmable",Technology,Accessories
3048,"Stanley Sketch Pad, Fluorescent",Office Supplies,Art
6020,"Xerox Message Books, Premium",Office Supplies,Paper
6333,"Xerox Parchment Paper, Recycled",Office Supplies,Paper
6448,"Enermax Parchment Paper, Recycled",Office Supplies,Paper
3839,Durable Pressboard Binders,Office Supplies,Binders
8843,"Canon Fax and Copier, High-Speed",Technology,Copiers
2379,"Hamilton Beach Stove, Red",Office Supplies,Appliances
6960,Iceberg Mobile Mega Data/Printer Cart,Office Supplies,Storage
8938,"Canon Fax Machine, Laser",Technology,Copiers
895,"Harbour Creations Chairmat, Red",Furniture,Chairs
766,"Harbour Creations Steel Folding Chair, Red",Furniture,Chairs
293,Bush Mission Pointe Library,Furniture,Bookcases
898,"Office Star Rocking Chair, Adjustable",Furniture,Chairs
7521,"Stiletto Letter Opener, Steel",Office Supplies,Supplies
5565,"Avery Legal Exhibit Labels, Laser Printer Compatible",Office Supplies,Labels
4814,"OIC Push Pins, Bulk Pack",Office Supplies,Fasteners
1280,"Eldon Stacking Tray, Duo Pack",Furniture,Furnishings
6275,"SanDisk Computer Printout Paper, Premium",Office Supplies,Paper
7900,"Xerox Parchment Paper, Multicolor",Office Supplies,Paper
241,"Ikea Classic Bookcase, Traditional",Furniture,Bookcases
9298,Fellowes Powershred HS-440 4-Sheet High Security Shredder,Technology,Machines
7285,"Fellowes Box, Single Width",Office Supplies,Storage
2605,"Acco 7-Outlet Masterpiece Power Center, Wihtout Fax/Phone Line Protection",Office Supplies,Appliances
5540,"Avery 05222 Permanent Self-Adhesive File Folder Labels for Typewriters, on Rolls, White, 250/Roll",Office Supplies,Labels
9984,"Cisco Office Telephone, with Caller ID",Technology,Phones
5264,"Green Bar Cards & Envelopes, Multicolor",Office Supplies,Paper
5159,"Advantus Thumb Tacks, Metal",Office Supplies,Fasteners
9231,"Okidata Phone, Red",Technology,Machines
1646,"Howard Miller 13-3/4"" Diameter Brushed Chrome Round Wall Clock",Furniture,Furnishings
85,"Bush Floating Shelf Set, Traditional",Furniture,Bookcases
9742,"Samsung Signal Booster, VoIP",Technology,Phones
3955,Tuf-Vin Binders,Office Supplies,Binders
9888,"Nokia Signal Booster, Cordless",Technology,Phones
8942,"HP Copy Machine, Color",Technology,Copiers
2524,"Cuisinart Coffee Grinder, Black",Office Supplies,Appliances
3281,"Binney & Smith Canvas, Fluorescent",Office Supplies,Art
6250,Xerox 1896,Office Supplies,Paper
4290,"Ames Clasp Envelope, Security-Tint",Office Supplies,Envelopes
2288,"Acme Trimmer, Serrated",Office Supplies,Supplies
5995,"OIC Staples, Bulk Pack",Office Supplies,Fasteners
768,"Office Star Steel Folding Chair, Set of Two",Furniture,Chairs
7832,"Acme Letter Opener, Serrated",Office Supplies,Supplies
4743,"Stockwell Staples, 12 Pack",Office Supplies,Fasteners
5523,"Smead Shipping Labels, 5000 Label Set",Office Supplies,Labels
5662,"Hon Removable Labels, Adjustable",Office Supplies,Labels
6868,"Rogers Lockers, Wire Frame",Office Supplies,Storage
7105,"Fellowes Folders, Industrial",Office Supplies,Storage
4526,"GlobeWeis Manila Envelope, Security-Tint",Office Supplies,Envelopes
4871,"Stockwell Paper Clips, Bulk Pack",Office Supplies,Fasteners
4399,"Kraft Clasp Envelope, Set of 50",Office Supplies,Envelopes
828,"Harbour Creations Swivel Stool, Red",Furniture,Chairs
7083,"Rogers Lockers, Blue",Office Supplies,Storage
1002,"Global Manager's Adjustable Task Chair, Storm",Furniture,Chairs
4286,"White Envelopes, White Envelopes with Clear Poly Window",Office Supplies,Envelopes
6669,"Green Bar Parchment Paper, Multicolor",Office Supplies,Paper
7684,"Stiletto Scissors, Easy Grip",Office Supplies,Supplies
6079,Petty Cash Envelope,Office Supplies,Paper
5013,"Stockwell Rubber Bands, Metal",Office Supplies,Fasteners
469,"Bush Westfield Collection Bookcases, Medium Cherry Finish",Furniture,Bookcases
1968,"Barricks Coffee Table, Fully Assembled",Furniture,Tables
10094,"Apple Headset, VoIP",Technology,Phones
5170,"Advantus Paper Clips, Assorted Sizes",Office Supplies,Fasteners
3912,Economy Binders,Office Supplies,Binders
6352,"Enermax Cards & Envelopes, 8.5 x 11",Office Supplies,Paper
8222,"Enermax Mouse, USB",Technology,Accessories
3935,Wilson Jones DublLock D-Ring Binders,Office Supplies,Binders
464,O'Sullivan Cherrywood Estates Traditional Barrister Bookcase,Furniture,Bookcases
8516,"Brother Fax Machine, Digital",Technology,Copiers
6425,Tops White Computer Printout Paper,Office Supplies,Paper
4505,"Jiffy Business Envelopes, Set of 50",Office Supplies,Envelopes
8982,"Hewlett Copy Machine, Color",Technology,Copiers
6891,"Fellowes File Cart, Wire Frame",Office Supplies,Storage
7957,"Logitech Numeric Keypad, Programmable",Technology,Accessories
5620,"Hon File Folder Labels, Alphabetical",Office Supplies,Labels
10254,"Sharp Fax Machine, Digital",Technology,Copiers
2643,"KitchenAid Stove, Silver",Office Supplies,Appliances
4318,"Kraft Mailers, Set of 50",Office Supplies,Envelopes
270,"Safco 3-Shelf Cabinet, Metal",Furniture,Bookcases
5263,"Green Bar Note Cards, 8.5 x 11",Office Supplies,Paper
10069,"Cisco Office Telephone, VoIP",Technology,Phones
1159,"Eldon Clock, Duo Pack",Furniture,Furnishings
5926,"Avery Color Coded Labels, Alphabetical",Office Supplies,Labels
10089,Motorola L703CM,Technology,Phones
4711,"Cameo Manila Envelope, Set of 50",Office Supplies,Envelopes
8363,"Memorex Memory Card, USB",Technology,Accessories
7455,"Elite Ruler, Easy Grip",Office Supplies,Supplies
4430,"GlobeWeis Mailers, Recycled",Office Supplies,Envelopes
6644,Xerox 228,Office Supplies,Paper
4385,"Cameo Manila Envelope, with clear poly window",Office Supplies,Envelopes
7656,"Kleencut Ruler, Serrated",Office Supplies,Supplies
5110,"Accos Push Pins, 12 Pack",Office Supplies,Fasteners
1868,"Safco Corner Shelving, Traditional",Furniture,Bookcases
720,"Novimex Steel Folding Chair, Set of Two",Furniture,Chairs
4283,"GlobeWeis Business Envelopes, Set of 50",Office Supplies,Envelopes
5181,"Accos Rubber Bands, Metal",Office Supplies,Fasteners
8767,"Sharp Ink, Color",Technology,Copiers
7661,"Elite Shears, Serrated",Office Supplies,Supplies
2502,"KitchenAid Blender, Silver",Office Supplies,Appliances
8320,"SanDisk Mouse, Erganomic",Technology,Accessories
6694,"SanDisk Parchment Paper, Premium",Office Supplies,Paper
5471,"Kraft Mailers, Security-Tint",Office Supplies,Envelopes
3544,"Avery 3-Hole Punch, Clear",Office Supplies,Binders
4605,"Jiffy Business Envelopes, Recycled",Office Supplies,Envelopes
701,"Harbour Creations Steel Folding Chair, Red",Furniture,Chairs
430,"Dania Stackable Bookrack, Pine",Furniture,Bookcases
8561,"Cisco Speaker Phone, VoIP",Technology,Phones
51,"Dania Corner Shelving, Metal",Furniture,Bookcases
724,"SAFCO Rocking Chair, Black",Furniture,Chairs
8877,"Sharp Personal Copier, High-Speed",Technology,Copiers
6021,"Xerox Parchment Paper, 8.5 x 11",Office Supplies,Paper
1396,"Tenex Clock, Erganomic",Furniture,Furnishings
7477,"Fiskars Shears, Serrated",Office Supplies,Supplies
10244,"SanDisk Flash Drive, Erganomic",Technology,Accessories
933,"Harbour Creations Steel Folding Chair, Red",Furniture,Chairs
647,"SAFCO Steel Folding Chair, Black",Furniture,Chairs
3741,"Cardinal Binding Machine, Durable",Office Supplies,Binders
6626,Xerox 212,Office Supplies,Paper
10287,"StarTech Card Printer, Durable",Technology,Machines
4873,"OIC Paper Clips, Assorted Sizes",Office Supplies,Fasteners
7573,"Stiletto Ruler, Steel",Office Supplies,Supplies
8943,"Canon Personal Copier, Laser",Technology,Copiers
9857,"Samsung Headset, Full Size",Technology,Phones
4574,"Jiffy Mailers, Security-Tint",Office Supplies,Envelopes
2768,"Cuisinart Coffee Grinder, Red",Office Supplies,Appliances
1224,"Advantus Stacking Tray, Durable",Furniture,Furnishings
5494,"Novimex Legal Exhibit Labels, 5000 Label Set",Office Supplies,Labels
3421,"Ibico Binder, Durable",Office Supplies,Binders
8071,"SanDisk Mouse, Erganomic",Technology,Accessories
4952,"Accos Push Pins, Bulk Pack",Office Supplies,Fasteners
10147,"Motorola Smart Phone, Cordless",Technology,Phones
8593,"Brother Wireless Fax, Color",Technology,Copiers
734,"Hon Executive Leather Armchair, Black",Furniture,Chairs
8616,"Canon Wireless Fax, Color",Technology,Copiers
5299,"Hamilton Beach Microwave, Silver",Office Supplies,Appliances
187,"Dania Stackable Bookrack, Pine",Furniture,Bookcases
6918,"Rogers Trays, Industrial",Office Supplies,Storage
7624,"Fiskars Trimmer, High Speed",Office Supplies,Supplies
4783,"Accos Paper Clips, Assorted Sizes",Office Supplies,Fasteners
1573,"Tenex Light Bulb, Erganomic",Furniture,Furnishings
6667,"Green Bar Parchment Paper, Premium",Office Supplies,Paper
7777,"Elite Shears, Steel",Office Supplies,Supplies
5731,"Hon Color Coded Labels, Adjustable",Office Supplies,Labels
2925,"Sanford Markers, Easy-Erase",Office Supplies,Art
3645,Ibico Presentation Index for Binding Systems,Office Supplies,Binders
4266,"Kraft Peel and Seal, Recycled",Office Supplies,Envelopes
375,"Dania Library with Doors, Pine",Furniture,Bookcases
8959,"HP Copy Machine, Color",Technology,Copiers
412,"Safco Corner Shelving, Traditional",Furniture,Bookcases
7115,"Smead File Cart, Industrial",Office Supplies,Storage
8902,"HP Personal Copier, Laser",Technology,Copiers
8675,"Sharp Personal Copier, Color",Technology,Copiers
3626,"Wilson Jones Binding Machine, Durable",Office Supplies,Binders
5875,"Hon Legal Exhibit Labels, 5000 Label Set",Office Supplies,Labels
5714,"Smead Removable Labels, Adjustable",Office Supplies,Labels
6468,"Enermax Note Cards, Premium",Office Supplies,Paper
4921,"Stockwell Paper Clips, Assorted Sizes",Office Supplies,Fasteners
640,"SAFCO Chairmat, Black",Furniture,Chairs
4416,"Kraft Peel and Seal, with clear poly window",Office Supplies,Envelopes
7611,"Stiletto Box Cutter, Serrated",Office Supplies,Supplies
6585,"Enermax Note Cards, Premium",Office Supplies,Paper
1172,"Rubbermaid Light Bulb, Erganomic",Furniture,Furnishings
6589,"Green Bar Computer Printout Paper, Recycled",Office Supplies,Paper
4747,"Stockwell Push Pins, Metal",Office Supplies,Fasteners
9483,"Konica Receipt Printer, Wireless",Technology,Machines
8470,"Apple Speaker Phone, VoIP",Technology,Phones
1876,"Sauder 3-Shelf Cabinet, Pine",Furniture,Bookcases
4135,"Cardinal 3-Hole Punch, Clear",Office Supplies,Binders
390,O'Sullivan Manor Hill 2-Door Library in Brianna Oak,Furniture,Bookcases
9174,"Epson Printer, Red",Technology,Machines
9587,"Okidata Phone, Durable",Technology,Machines
8254,"Logitech Memory Card, USB",Technology,Accessories
1854,"Safco Corner Shelving, Metal",Furniture,Bookcases
8126,"Memorex Flash Drive, Programmable",Technology,Accessories
8275,"Logitech Numeric Keypad, Programmable",Technology,Accessories
5291,"Hamilton Beach Toaster, Red",Office Supplies,Appliances
9287,"Konica Calculator, White",Technology,Machines
5754,"Smead Legal Exhibit Labels, 5000 Label Set",Office Supplies,Labels
4975,"Stockwell Staples, Bulk Pack",Office Supplies,Fasteners
1135,"Tenex V2T-RE Standard Weight Series Chair Mat, 45"" x 53"", Lip 25"" x 12""",Furniture,Furnishings
53,"Safco Classic Bookcase, Pine",Furniture,Bookcases
212,"Sauder Floating Shelf Set, Metal",Furniture,Bookcases
4096,"Breville Stove, Silver",Office Supplies,Appliances
1200,"Eldon Frame, Erganomic",Furniture,Furnishings
7787,"Kleencut Box Cutter, Easy Grip",Office Supplies,Supplies
6657,"Xerox Note Cards, Recycled",Office Supplies,Paper
8348,"Logitech Numeric Keypad, USB",Technology,Accessories
5917,Avery 50,Office Supplies,Labels
3668,Cardinal Hold-It CD Pocket,Office Supplies,Binders
2574,"KitchenAid Blender, Silver",Office Supplies,Appliances
8539,"Canon Personal Copier, Laser",Technology,Copiers
1376,"Advantus Door Stop, Black",Furniture,Furnishings
590,Global Ergonomic Managers Chair,Furniture,Chairs
7172,"Fellowes Folders, Wire Frame",Office Supplies,Storage
3306,"Boston 1827 Commercial Additional Cutter, Drive Gear & Gear Rack for 1606",Office Supplies,Art
9578,"Nokia Office Telephone, Cordless",Technology,Phones
9294,"Konica Card Printer, Wireless",Technology,Machines
868,"SAFCO Executive Leather Armchair, Set of Two",Furniture,Chairs
399,"Safco Corner Shelving, Metal",Furniture,Bookcases
8342,"SanDisk Keyboard, USB",Technology,Accessories
6191,Xerox 1886,Office Supplies,Paper
2517,"KitchenAid Toaster, Silver",Office Supplies,Appliances
4865,"Accos Thumb Tacks, Bulk Pack",Office Supplies,Fasteners
6127,"Enermax Message Books, 8.5 x 11",Office Supplies,Paper
1359,Artistic Insta-Plaque,Furniture,Furnishings
8633,"Sharp Fax and Copier, Laser",Technology,Copiers
4176,"Eaton Computer Printout Paper, 8.5 x 11",Office Supplies,Paper
5149,"Advantus Rubber Bands, 12 Pack",Office Supplies,Fasteners
5030,"OIC Staples, Bulk Pack",Office Supplies,Fasteners
7159,"Smead Box, Wire Frame",Office Supplies,Storage
6411,"Xerox Message Books, Premium",Office Supplies,Paper
6663,"Enermax Computer Printout Paper, Multicolor",Office Supplies,Paper
5851,"Smead Round Labels, Alphabetical",Office Supplies,Labels
7763,"Stiletto Scissors, Serrated",Office Supplies,Supplies
8010,"Enermax Flash Drive, Bluetooth",Technology,Accessories
6984,"Eldon Shelving, Industrial",Office Supplies,Storage
4521,"Cameo Mailers, Security-Tint",Office Supplies,Envelopes
253,"Ikea Corner Shelving, Pine",Furniture,Bookcases
1028,"Dania Corner Shelving, Mobile",Furniture,Bookcases
6526,"Eaton Message Books, Premium",Office Supplies,Paper
2971,Newell 309,Office Supplies,Art
1804,"Rubbermaid Light Bulb, Black",Furniture,Furnishings
252,"Safco Corner Shelving, Pine",Furniture,Bookcases
6683,"Rogers File Cart, Single Width",Office Supplies,Storage
7048,"Tenex Folders, Single Width",Office Supplies,Storage
6433,"Eaton Computer Printout Paper, Premium",Office Supplies,Paper
4853,"Advantus Push Pins, 12 Pack",Office Supplies,Fasteners
2528,"Hamilton Beach Refrigerator, White",Office Supplies,Appliances
8831,"HP Wireless Fax, High-Speed",Technology,Copiers
8697,"Sharp Ink, High-Speed",Technology,Copiers
7814,"Acme Shears, Easy Grip",Office Supplies,Supplies
4435,"GlobeWeis Manila Envelope, Recycled",Office Supplies,Envelopes
7396,"Stockwell Thumb Tacks, Metal",Office Supplies,Fasteners
4064,"Boston Canvas, Easy-Erase",Office Supplies,Art
7838,"Stiletto Shears, Steel",Office Supplies,Supplies
5489,"Kraft Manila Envelope, Set of 50",Office Supplies,Envelopes
328,"Sauder Floating Shelf Set, Pine",Furniture,Bookcases
6108,"Eaton Note Cards, Multicolor",Office Supplies,Paper
4859,"OIC Staples, 12 Pack",Office Supplies,Fasteners
7177,Mobile Personal File Cube,Office Supplies,Storage
9806,"Motorola Smart Phone, Full Size",Technology,Phones
9919,Samsung Galaxy S4 Mini,Technology,Phones
1289,"Tenex 46"" x 60"" Computer Anti-Static Chairmat, Rectangular Shaped",Furniture,Furnishings
8688,"Canon Personal Copier, High-Speed",Technology,Copiers
112,O'Sullivan Plantations 2-Door Library in Landvery Oak,Furniture,Bookcases
1844,"SAFCO Chairmat, Set of Two",Furniture,Chairs
7066,"Tenex Folders, Blue",Office Supplies,Storage
3100,"Sanford Sketch Pad, Blue",Office Supplies,Art
7805,"Acme Scissors, High Speed",Office Supplies,Supplies
6385,Xerox 227,Office Supplies,Paper
5575,"Hon Legal Exhibit Labels, Laser Printer Compatible",Office Supplies,Labels
4272,"Jiffy Business Envelopes, Security-Tint",Office Supplies,Envelopes
105,"Sauder 3-Shelf Cabinet, Traditional",Furniture,Bookcases
791,"Office Star Executive Leather Armchair, Adjustable",Furniture,Chairs
1924,"Barricks Wood Table, Adjustable Height",Furniture,Tables
8719,"HP Fax and Copier, High-Speed",Technology,Copiers
2393,"Hamilton Beach Coffee Grinder, Silver",Office Supplies,Appliances
492,"Bush 3-Shelf Cabinet, Traditional",Furniture,Bookcases
3688,Wilson Jones “Snap” Scratch Pad Binder Tool for Ring Binders,Office Supplies,Binders
5469,"Kleencut Shears, Serrated",Office Supplies,Supplies
5490,"Kraft Peel and Seal, Set of 50",Office Supplies,Envelopes
7407,"Stockwell Push Pins, Bulk Pack",Office Supplies,Fasteners
2813,Newell 336,Office Supplies,Art
9470,"Epson Inkjet, Wireless",Technology,Machines
9492,"Panasonic Inkjet, White",Technology,Machines
6606,"SanDisk Note Cards, Premium",Office Supplies,Paper
4862,"OIC Rubber Bands, Bulk Pack",Office Supplies,Fasteners
1275,"Deflect-O Stacking Tray, Erganomic",Furniture,Furnishings
9774,"Apple Smart Phone, Full Size",Technology,Phones
5196,"Fellowes File Cart, Single Width",Office Supplies,Storage
1713,"Hon Executive Leather Armchair, Adjustable",Furniture,Chairs
4734,"Enermax Note Cards, 8.5 x 11",Office Supplies,Paper
8550,"Canon Fax and Copier, Color",Technology,Copiers
9072,"HP Fax and Copier, Digital",Technology,Copiers
10230,"SanDisk Keyboard, Erganomic",Technology,Accessories
7380,"Stockwell Rubber Bands, Bulk Pack",Office Supplies,Fasteners
4389,"Jiffy Manila Envelope, with clear poly window",Office Supplies,Envelopes
5310,"Harbour Creations Legal Exhibit Labels, 5000 Label Set",Office Supplies,Labels
2592,"Hamilton Beach Microwave, Red",Office Supplies,Appliances
383,Sauder Camden County Collection Library,Furniture,Bookcases
10166,"Cisco Office Telephone, Cordless",Technology,Phones
8499,"Belkin Router, Bluetooth",Technology,Accessories
8830,"Sharp Wireless Fax, Color",Technology,Copiers
6029,Xerox 191,Office Supplies,Paper
9105,"Logitech Keyboard, USB",Technology,Accessories
4516,"Jiffy Business Envelopes, Set of 50",Office Supplies,Envelopes
6044,"SanDisk Computer Printout Paper, Premium",Office Supplies,Paper
3210,"Quartet Omega Colored Chalk, 12/Pack",Office Supplies,Art
7585,Staples,Office Supplies,Supplies
1966,"Bevis Training Table, Rectangular",Furniture,Tables
9218,"Okidata Printer, Durable",Technology,Machines
1010,"Office Star Chairmat, Red",Furniture,Chairs
10222,"SanDisk Mouse, Bluetooth",Technology,Accessories
1834,"SAFCO Bag Chairs, Adjustable",Furniture,Chairs
9613,"Panasonic Calculator, Wireless",Technology,Machines
5037,"Stockwell Rubber Bands, 12 Pack",Office Supplies,Fasteners
6130,"Enermax Parchment Paper, Recycled",Office Supplies,Paper
12,"Advantus Stacking Tray, Durable",Furniture,Furnishings
8827,"Hewlett Wireless Fax, Laser",Technology,Copiers
2162,"Chromcraft Round Table, with Bottom Storage",Furniture,Tables
8299,"Logitech Router, USB",Technology,Accessories
7556,"Kleencut Box Cutter, Steel",Office Supplies,Supplies
7568,"Elite Shears, High Speed",Office Supplies,Supplies
5720,"Smead Shipping Labels, Alphabetical",Office Supplies,Labels
3681,"Avery 3-Hole Punch, Durable",Office Supplies,Binders
6350,Xerox 1890,Office Supplies,Paper
5024,"Accos Thumb Tacks, 12 Pack",Office Supplies,Fasteners
1667,"Harbour Creations Bag Chairs, Black",Furniture,Chairs
7770,Acme Tagit Stainless Steel Antibacterial Scissors,Office Supplies,Supplies
6124,Xerox 206,Office Supplies,Paper
5795,Avery 474,Office Supplies,Labels
2346,"KitchenAid Refrigerator, White",Office Supplies,Appliances
291,"Sauder 3-Shelf Cabinet, Pine",Furniture,Bookcases
8298,"Enermax Router, Erganomic",Technology,Accessories
7067,"Rogers Lockers, Single Width",Office Supplies,Storage
301,"Bush Stackable Bookrack, Mobile",Furniture,Bookcases
9594,"Okidata Card Printer, Wireless",Technology,Machines
3427,"Cardinal Binder Covers, Durable",Office Supplies,Binders
5302,"Hamilton Beach Coffee Grinder, White",Office Supplies,Appliances
6128,"SanDisk Parchment Paper, Multicolor",Office Supplies,Paper
1474,"Rubbermaid Light Bulb, Durable",Furniture,Furnishings
9719,"Belkin SportFit Armband For iPhone 5s/5c, Fuchsia",Technology,Phones
5678,"Avery Round Labels, 5000 Label Set",Office Supplies,Labels
2599,"Cuisinart Microwave, Black",Office Supplies,Appliances
8099,"Belkin Flash Drive, Erganomic",Technology,Accessories
1366,Nu-Dell EZ-Mount Plastic Wall Frames,Furniture,Furnishings
70,"Ikea Library with Doors, Pine",Furniture,Bookcases
1206,"Deflect-O Door Stop, Erganomic",Furniture,Furnishings
4618,"GlobeWeis Manila Envelope, with clear poly window",Office Supplies,Envelopes
125,"Bush Stackable Bookrack, Pine",Furniture,Bookcases
10283,"StarTech Printer, Red",Technology,Machines
9500,"Panasonic Printer, White",Technology,Machines
9395,"Epson Printer, Red",Technology,Machines
9736,"Apple Signal Booster, Cordless",Technology,Phones
2222,"Tenex Frame, Durable",Furniture,Furnishings
7503,"Fiskars Scissors, Easy Grip",Office Supplies,Supplies
1290,"Eldon Door Stop, Durable",Furniture,Furnishings
10113,"Nokia Headset, Cordless",Technology,Phones
6563,"SanDisk Note Cards, Multicolor",Office Supplies,Paper
5468,"Kleencut Box Cutter, Serrated",Office Supplies,Supplies
4493,"Cameo Peel and Seal, Recycled",Office Supplies,Envelopes
2253,"Accos Rubber Bands, Bulk Pack",Office Supplies,Fasteners
4816,"Accos Staples, 12 Pack",Office Supplies,Fasteners
7514,Fiskars Softgrip Scissors,Office Supplies,Supplies
3883,"Cardinal Index Tab, Economy",Office Supplies,Binders
296,"Safco Classic Bookcase, Pine",Furniture,Bookcases
10130,"Cisco Office Telephone, Full Size",Technology,Phones
244,"Bush Corner Shelving, Traditional",Furniture,Bookcases
5578,"Harbour Creations Removable Labels, Laser Printer Compatible",Office Supplies,Labels
9529,"Memorex Router, Bluetooth",Technology,Accessories
9102,"Logitech Mouse, Bluetooth",Technology,Accessories
4234,"Elite Letter Opener, Steel",Office Supplies,Supplies
2450,"Hoover Stove, Black",Office Supplies,Appliances
147,"Ikea Corner Shelving, Pine",Furniture,Bookcases
8173,"SanDisk Numeric Keypad, Erganomic",Technology,Accessories
8404,"SanDisk Numeric Keypad, Bluetooth",Technology,Accessories
4257,"Ames Business Envelopes, Recycled",Office Supplies,Envelopes
2499,"Hamilton Beach Coffee Grinder, Silver",Office Supplies,Appliances
5188,"Accos Paper Clips, Bulk Pack",Office Supplies,Fasteners
2033,"Lesro Conference Table, Adjustable Height",Furniture,Tables
4413,"Ames Clasp Envelope, Set of 50",Office Supplies,Envelopes
5003,"Stockwell Thumb Tacks, Bulk Pack",Office Supplies,Fasteners
9164,Lexmark S315 Color Inkjet Printer,Technology,Machines
2353,"Cuisinart Toaster, Silver",Office Supplies,Appliances
8896,"Brother Ink, Digital",Technology,Copiers
502,"Bush Stackable Bookrack, Pine",Furniture,Bookcases
1248,"Rubbermaid Stacking Tray, Erganomic",Furniture,Furnishings
4834,"Stockwell Paper Clips, Assorted Sizes",Office Supplies,Fasteners
2280,"Acme Ruler, Steel",Office Supplies,Supplies
2208,"Tenex Light Bulb, Erganomic",Furniture,Furnishings
7370,"Stockwell Push Pins, Assorted Sizes",Office Supplies,Fasteners
6736,"SanDisk Memo Slips, Recycled",Office Supplies,Paper
5786,"Avery File Folder Labels, Alphabetical",Office Supplies,Labels
61,"Dania Corner Shelving, Metal",Furniture,Bookcases
9146,"Okidata Printer, White",Technology,Machines
1829,"Safco Classic Bookcase, Mobile",Furniture,Bookcases
570,"Hon Bag Chairs, Red",Furniture,Chairs
4367,"Cameo Interoffice Envelope, with clear poly window",Office Supplies,Envelopes
3582,Deluxe Heavy-Duty Vinyl Round Ring Binder,Office Supplies,Binders
1662,"Deflect-O Light Bulb, Durable",Furniture,Furnishings
5432,"KitchenAid Coffee Grinder, Red",Office Supplies,Appliances
3637,Storex Dura Pro Binders,Office Supplies,Binders
9077,"HP Wireless Fax, Color",Technology,Copiers
8257,"SanDisk Keyboard, Erganomic",Technology,Accessories
10107,"Cisco Headset, Cordless",Technology,Phones
9469,"StarTech Phone, Red",Technology,Machines
1031,"Dania Stackable Bookrack, Pine",Furniture,Bookcases
1837,"Safco Floating Shelf Set, Mobile",Furniture,Bookcases
6931,Sterilite Officeware Hinged File Box,Office Supplies,Storage
5667,"Novimex Color Coded Labels, Alphabetical",Office Supplies,Labels
1756,"Lesro Conference Table, Fully Assembled",Furniture,Tables
8766,"Hewlett Fax and Copier, High-Speed",Technology,Copiers
1597,"Advantus Photo Frame, Erganomic",Furniture,Furnishings
1862,"SAFCO Rocking Chair, Adjustable",Furniture,Chairs
9621,"Panasonic Calculator, White",Technology,Machines
1887,"Sauder 3-Shelf Cabinet, Mobile",Furniture,Bookcases
4411,"Ames Manila Envelope, Set of 50",Office Supplies,Envelopes
4491,"Kraft Clasp Envelope, Security-Tint",Office Supplies,Envelopes
5832,"Novimex Color Coded Labels, Laser Printer Compatible",Office Supplies,Labels
4995,"Accos Staples, Bulk Pack",Office Supplies,Fasteners
5779,"Harbour Creations Shipping Labels, Alphabetical",Office Supplies,Labels
1949,"Hon Conference Table, Adjustable Height",Furniture,Tables
281,"Sauder 3-Shelf Cabinet, Traditional",Furniture,Bookcases
4733,"Enermax Computer Printout Paper, 8.5 x 11",Office Supplies,Paper
3222,"Boston Sketch Pad, Fluorescent",Office Supplies,Art
8468,"Apple Headset, VoIP",Technology,Phones
10246,"Sharp Copy Machine, Color",Technology,Copiers
1213,Tensor Brushed Steel Torchiere Floor Lamp,Furniture,Furnishings
7879,"Wilson Jones Index Tab, Recycled",Office Supplies,Binders
7534,"Kleencut Box Cutter, Serrated",Office Supplies,Supplies
6724,"SanDisk Memo Slips, Premium",Office Supplies,Paper
1725,"Ikea Stackable Bookrack, Pine",Furniture,Bookcases
9235,"Konica Phone, Durable",Technology,Machines
1773,"Novimex Chairmat, Adjustable",Furniture,Chairs
1633,"Howard Miller 16"" Diameter Gallery Wall Clock",Furniture,Furnishings
10225,"SanDisk Memory Card, USB",Technology,Accessories
5798,"Smead File Folder Labels, Laser Printer Compatible",Office Supplies,Labels
10248,"Sharp Copy Machine, Color",Technology,Copiers
5938,"Avery File Folder Labels, Adjustable",Office Supplies,Labels
1542,"Rubbermaid Stacking Tray, Durable",Furniture,Furnishings
6760,"Smead Shipping Labels, Laser Printer Compatible",Office Supplies,Labels
93,"Sauder Classic Bookcase, Mobile",Furniture,Bookcases
8726,"Sharp Personal Copier, High-Speed",Technology,Copiers
9223,"Okidata Receipt Printer, White",Technology,Machines
9387,"Epson Calculator, Red",Technology,Machines
4692,"Cameo Mailers, Security-Tint",Office Supplies,Envelopes
9280,"Epson Receipt Printer, Red",Technology,Machines
9262,"StarTech Receipt Printer, Durable",Technology,Machines
8175,KeyTronic E03601U1 - Keyboard - Beige,Technology,Accessories
4014,"BIC Highlighters, Fluorescent",Office Supplies,Art
2136,Anderson Hickey Conga Table Tops & Accessories,Furniture,Tables
3988,GBC Wire Binding Strips,Office Supplies,Binders
8884,"Sharp Wireless Fax, High-Speed",Technology,Copiers
239,"Safco Stackable Bookrack, Pine",Furniture,Bookcases
2000,"Bevis Conference Table, with Bottom Storage",Furniture,Tables
2710,"Hoover Toaster, Red",Office Supplies,Appliances
2440,"KitchenAid Stove, Black",Office Supplies,Appliances
1020,"Chromcraft Conference Table, Rectangular",Furniture,Tables
127,"Bush Library with Doors, Traditional",Furniture,Bookcases
2366,"Cuisinart Refrigerator, Black",Office Supplies,Appliances
7209,"Belkin 19"" Center-Weighted Shelf, Gray",Office Supplies,Storage
6482,"Eaton Computer Printout Paper, Premium",Office Supplies,Paper
8161,"Belkin Flash Drive, Erganomic",Technology,Accessories
7904,"Xerox Message Books, Multicolor",Office Supplies,Paper
2898,Manco Dry-Lighter Erasable Highlighter,Office Supplies,Art
6169,"SanDisk Cards & Envelopes, Premium",Office Supplies,Paper
3310,Boston 19500 Mighty Mite Electric Pencil Sharpener,Office Supplies,Art
1816,"Rubbermaid Door Stop, Durable",Furniture,Furnishings
3179,"BIC Canvas, Fluorescent",Office Supplies,Art
4701,"Cameo Clasp Envelope, with clear poly window",Office Supplies,Envelopes
1107,Deflect-O Glasstique Clear Desk Accessories,Furniture,Furnishings
5531,Avery 503,Office Supplies,Labels
5410,"Jiffy Manila Envelope, Recycled",Office Supplies,Envelopes
8136,Logitech LS21 Speaker System - PC Multimedia - 2.1-CH - Wired,Technology,Accessories
6088,Xerox 208,Office Supplies,Paper
7796,"Elite Scissors, Serrated",Office Supplies,Supplies
751,"Novimex Rocking Chair, Adjustable",Furniture,Chairs
8651,Hewlett Packard 310 Color Digital Copier,Technology,Copiers
7956,"Enermax Mouse, Bluetooth",Technology,Accessories
9590,"Okidata Phone, Wireless",Technology,Machines
582,"Novimex Bag Chairs, Black",Furniture,Chairs
1264,"Advantus Light Bulb, Durable",Furniture,Furnishings
8997,"Enermax Memory Card, Programmable",Technology,Accessories
6615,"SanDisk Memo Slips, Multicolor",Office Supplies,Paper
9936,"Motorola Audio Dock, Cordless",Technology,Phones
7463,"Acme Ruler, High Speed",Office Supplies,Supplies
3389,Heavy-Duty E-Z-D Binders,Office Supplies,Binders
1913,"Lesro Round Table, Adjustable Height",Furniture,Tables
7256,"Smead File Cart, Single Width",Office Supplies,Storage
8313,"Enermax Numeric Keypad, Bluetooth",Technology,Accessories
2073,"Bevis Coffee Table, Rectangular",Furniture,Tables
7836,"Fiskars Box Cutter, Easy Grip",Office Supplies,Supplies
4287,"GlobeWeis Peel and Seal, Set of 50",Office Supplies,Envelopes
4960,"Accos Staples, 12 Pack",Office Supplies,Fasteners
9535,"Motorola Audio Dock, VoIP",Technology,Phones
8351,"SanDisk Memory Card, USB",Technology,Accessories
8538,"Canon Wireless Fax, Laser",Technology,Copiers
7935,"Memorex Keyboard, Programmable",Technology,Accessories
7880,"Wilson Jones 3-Hole Punch, Economy",Office Supplies,Binders
9985,Anker Astro Mini 3000mAh Ultra-Compact Portable Charger,Technology,Phones
5702,"Novimex Legal Exhibit Labels, Alphabetical",Office Supplies,Labels
2398,"Hamilton Beach Refrigerator, Red",Office Supplies,Appliances
9389,"StarTech Receipt Printer, Durable",Technology,Machines
3948,"Ibico Binder, Clear",Office Supplies,Binders
1501,Howard Miller Distant Time Traveler Alarm Clock,Furniture,Furnishings
4118,"Cameo Peel and Seal, with clear poly window",Office Supplies,Envelopes
3261,"Sanford Highlighters, Blue",Office Supplies,Art
5313,"Harbour Creations Removable Labels, Adjustable",Office Supplies,Labels
9549,"Motorola Smart Phone, Cordless",Technology,Phones
1895,"Sauder Corner Shelving, Mobile",Furniture,Bookcases
6147,"Green Bar Cards & Envelopes, Premium",Office Supplies,Paper
4679,"Kraft Interoffice Envelope, Recycled",Office Supplies,Envelopes
7906,"Xerox Memo Slips, 8.5 x 11",Office Supplies,Paper
6896,"Fellowes Box, Blue",Office Supplies,Storage
6200,Rediform S.O.S. Phone Message Books,Office Supplies,Paper
4071,"Boston Highlighters, Water Color",Office Supplies,Art
7824,"Elite 5"" Scissors",Office Supplies,Supplies
7677,"Acme Shears, Serrated",Office Supplies,Supplies
7991,Kensington K72356US Mouse-in-a-Box USB Desktop Mouse,Technology,Accessories
6470,"Xerox Parchment Paper, 8.5 x 11",Office Supplies,Paper
2306,"Advantus Clamps, 12 Pack",Office Supplies,Fasteners
3043,Newell 323,Office Supplies,Art
2747,"Cuisinart Stove, White",Office Supplies,Appliances
372,"Dania Library with Doors, Mobile",Furniture,Bookcases
4237,"Elite Shears, High Speed",Office Supplies,Supplies
3134,"Sanford Markers, Water Color",Office Supplies,Art
4897,"Accos Rubber Bands, 12 Pack",Office Supplies,Fasteners
738,"Hon Executive Leather Armchair, Adjustable",Furniture,Chairs
1251,"Deflect-O Clock, Black",Furniture,Furnishings
1419,"Advantus Photo Frame, Durable",Furniture,Furnishings
3693,Recycled Premium Regency Composition Covers,Office Supplies,Binders
1063,"Deflect-O Door Stop, Durable",Furniture,Furnishings
7426,"Stiletto Ruler, Steel",Office Supplies,Supplies
5636,"Smead Color Coded Labels, 5000 Label Set",Office Supplies,Labels
5053,"Stockwell Paper Clips, Assorted Sizes",Office Supplies,Fasteners
8541,"Canon Fax Machine, High-Speed",Technology,Copiers
6443,"Xerox Computer Printout Paper, Multicolor",Office Supplies,Paper
1658,"Tenex Door Stop, Durable",Furniture,Furnishings
7415,"Stiletto Scissors, High Speed",Office Supplies,Supplies
6837,"Fellowes Folders, Single Width",Office Supplies,Storage
9732,"Nokia Headset, Full Size",Technology,Phones
6241,"SanDisk Message Books, Premium",Office Supplies,Paper
8411,"Enermax Flash Drive, Programmable",Technology,Accessories
6863,"Rogers Box, Industrial",Office Supplies,Storage
4891,"OIC Push Pins, Metal",Office Supplies,Fasteners
5394,"Ibico Hole Reinforcements, Durable",Office Supplies,Binders
3256,"Binney & Smith Sketch Pad, Easy-Erase",Office Supplies,Art
4192,"Eaton Parchment Paper, Premium",Office Supplies,Paper
5409,"Jiffy Clasp Envelope, with clear poly window",Office Supplies,Envelopes
5846,Avery 510,Office Supplies,Labels
9401,"Panasonic Inkjet, White",Technology,Machines
8861,"Brother Wireless Fax, Digital",Technology,Copiers
10092,AT&T 1080 Phone,Technology,Phones
2083,"Hon Coffee Table, with Bottom Storage",Furniture,Tables
9212,"Panasonic Calculator, Wireless",Technology,Machines
698,"Hon Executive Leather Armchair, Adjustable",Furniture,Chairs
6463,"Enermax Computer Printout Paper, 8.5 x 11",Office Supplies,Paper
8186,"Logitech Keyboard, USB",Technology,Accessories
4464,"GlobeWeis Interoffice Envelope, with clear poly window",Office Supplies,Envelopes
710,"Office Star Swivel Stool, Red",Furniture,Chairs
4434,"Kraft Business Envelopes, Recycled",Office Supplies,Envelopes
4500,"Blue String-Tie & Button Interoffice Envelopes, 10 x 13",Office Supplies,Envelopes
7508,"Acme Box Cutter, Steel",Office Supplies,Supplies
4501,#6 3/4 Gummed Flap White Envelopes,Office Supplies,Envelopes
9508,"Konica Receipt Printer, Red",Technology,Machines
8592,"Hewlett Ink, Laser",Technology,Copiers
1676,"Harbour Creations Chairmat, Black",Furniture,Chairs
663,Hon Comfortask Task/Swivel Chairs,Furniture,Chairs
1743,"Ikea Stackable Bookrack, Mobile",Furniture,Bookcases
9023,"Epson Printer, White",Technology,Machines
5879,"Avery Round Labels, 5000 Label Set",Office Supplies,Labels
7895,"Xerox Note Cards, Multicolor",Office Supplies,Paper
5148,"Stockwell Staples, 12 Pack",Office Supplies,Fasteners
8584,"Sharp Wireless Fax, Color",Technology,Copiers
9165,"Epson Card Printer, Wireless",Technology,Machines
746,"Harbour Creations Bag Chairs, Red",Furniture,Chairs
1316,"Deflect-O Clock, Black",Furniture,Furnishings
10109,"Nokia Audio Dock, Full Size",Technology,Phones
8131,Microsoft Arc Touch Mouse,Technology,Accessories
7441,"Acme Scissors, Steel",Office Supplies,Supplies
3489,GBC VeloBinder Electric Binding Machine,Office Supplies,Binders
5349,"Hon Color Coded Labels, Adjustable",Office Supplies,Labels
4004,Round Ring Binders,Office Supplies,Binders
10141,"Samsung Audio Dock, VoIP",Technology,Phones
4261,"Ames Business Envelopes, Security-Tint",Office Supplies,Envelopes
5647,"Avery Removable Labels, 5000 Label Set",Office Supplies,Labels
6430,Xerox 1996,Office Supplies,Paper
9533,"Motorola Headset, with Caller ID",Technology,Phones
8586,"Canon Fax and Copier, Digital",Technology,Copiers
2540,Holmes HEPA Air Purifier,Office Supplies,Appliances
6236,"SanDisk Memo Slips, Premium",Office Supplies,Paper
8410,"Logitech Mouse, USB",Technology,Accessories
7476,"Elite Letter Opener, Steel",Office Supplies,Supplies
5676,"Hon Shipping Labels, Alphabetical",Office Supplies,Labels
7837,Acme Galleria Hot Forged Steel Scissors with Colored Handles,Office Supplies,Supplies
10022,Motorola HK250 Universal Bluetooth Headset,Technology,Phones
9434,"Panasonic Card Printer, White",Technology,Machines
5892,"Smead Color Coded Labels, Adjustable",Office Supplies,Labels
5591,"Harbour Creations Removable Labels, 5000 Label Set",Office Supplies,Labels
9203,"Epson Card Printer, Wireless",Technology,Machines
9940,"Motorola Smart Phone, Cordless",Technology,Phones
673,"SAFCO Chairmat, Set of Two",Furniture,Chairs
8455,"Logitech Keyboard, Programmable",Technology,Accessories
4428,"GlobeWeis Interoffice Envelope, with clear poly window",Office Supplies,Envelopes
4917,"OIC Push Pins, Bulk Pack",Office Supplies,Fasteners
1504,"Tenex Door Stop, Duo Pack",Furniture,Furnishings
4757,"Stockwell Rubber Bands, 12 Pack",Office Supplies,Fasteners
1664,"Harbour Creations Swivel Stool, Adjustable",Furniture,Chairs
1287,"Advantus Door Stop, Black",Furniture,Furnishings
8244,"Enermax Mouse, Erganomic",Technology,Accessories
8554,"Canon Fax and Copier, Digital",Technology,Copiers
7648,"Elite Trimmer, High Speed",Office Supplies,Supplies
4915,"Advantus Staples, 12 Pack",Office Supplies,Fasteners
7899,"Xerox Parchment Paper, Recycled",Office Supplies,Paper
9851,"Nokia Smart Phone, with Caller ID",Technology,Phones
9224,"Konica Card Printer, White",Technology,Machines
8384,"SanDisk Mouse, Bluetooth",Technology,Accessories
3307,"Sanford Canvas, Water Color",Office Supplies,Art
82,"Bush Floating Shelf Set, Pine",Furniture,Bookcases
6346,"SanDisk Note Cards, Multicolor",Office Supplies,Paper
7923,Microsoft Natural Ergonomic Keyboard 4000,Technology,Accessories
2551,"Cuisinart Coffee Grinder, Red",Office Supplies,Appliances
633,"Hon Executive Leather Armchair, Red",Furniture,Chairs
9446,"Panasonic Card Printer, Wireless",Technology,Machines
2086,"Chromcraft Round Table, Adjustable Height",Furniture,Tables
9037,"Hewlett Personal Copier, High-Speed",Technology,Copiers
6181,Xerox 1946,Office Supplies,Paper
7350,"Stiletto Letter Opener, Easy Grip",Office Supplies,Supplies
7871,"Wilson Jones Binding Machine, Clear",Office Supplies,Binders
9630,"Samsung Smart Phone, with Caller ID",Technology,Phones
381,"Sauder Floating Shelf Set, Mobile",Furniture,Bookcases
8869,"Brother Ink, High-Speed",Technology,Copiers
364,"Bush Cubix Collection Bookcases, Fully Assembled",Furniture,Bookcases
119,"Dania Corner Shelving, Mobile",Furniture,Bookcases
4281,"Kraft Clasp Envelope, Recycled",Office Supplies,Envelopes
4654,"GlobeWeis Business Envelopes, Security-Tint",Office Supplies,Envelopes
5963,"Novimex Round Labels, Adjustable",Office Supplies,Labels
2196,"Lesro Coffee Table, with Bottom Storage",Furniture,Tables
3000,"BIC Markers, Easy-Erase",Office Supplies,Art
2568,"Hoover Microwave, Silver",Office Supplies,Appliances
6106,"Green Bar Message Books, Premium",Office Supplies,Paper
5424,"KitchenAid Refrigerator, Silver",Office Supplies,Appliances
7502,"Acme Letter Opener, High Speed",Office Supplies,Supplies
7490,"Acme Trimmer, Easy Grip",Office Supplies,Supplies
2886,"Stanley Highlighters, Fluorescent",Office Supplies,Art
7938,"SanDisk Router, Bluetooth",Technology,Accessories
4162,"Cuisinart Refrigerator, White",Office Supplies,Appliances
4149,"Cardinal Binding Machine, Durable",Office Supplies,Binders
6349,"Xerox Message Books, Multicolor",Office Supplies,Paper
10058,KLD Oscar II Style Snap-on Ultra Thin Side Flip Synthetic Leather Cover Case for HTC One HTC M7,Technology,Phones
2951,"Sanford Canvas, Fluorescent",Office Supplies,Art
7424,"Fiskars Ruler, High Speed",Office Supplies,Supplies
3016,"Binney & Smith Pens, Blue",Office Supplies,Art
4880,"Stockwell Staples, Bulk Pack",Office Supplies,Fasteners
4818,"Stockwell Push Pins, Assorted Sizes",Office Supplies,Fasteners
8608,"Hewlett Fax Machine, Color",Technology,Copiers
901,"Hon Chairmat, Red",Furniture,Chairs
6008,"Eaton Cards & Envelopes, 8.5 x 11",Office Supplies,Paper
2407,"KitchenAid Toaster, Silver",Office Supplies,Appliances
8208,"SanDisk Router, Bluetooth",Technology,Accessories
5502,"Novimex Round Labels, Laser Printer Compatible",Office Supplies,Labels
9122,"Logitech Router, Bluetooth",Technology,Accessories
1864,"Safco Classic Bookcase, Traditional",Furniture,Bookcases
3175,"Sanford Canvas, Easy-Erase",Office Supplies,Art
4912,"Accos Thumb Tacks, Bulk Pack",Office Supplies,Fasteners
1222,"Eldon Photo Frame, Durable",Furniture,Furnishings
5507,"Hon Round Labels, Laser Printer Compatible",Office Supplies,Labels
3131,"Stanley Pens, Water Color",Office Supplies,Art
521,"Harbour Creations Executive Leather Armchair, Black",Furniture,Chairs
409,"Safco Classic Bookcase, Traditional",Furniture,Bookcases
6190,"Enermax Message Books, Multicolor",Office Supplies,Paper
5777,"Avery File Folder Labels, Alphabetical",Office Supplies,Labels
2055,"Lesro Computer Table, Fully Assembled",Furniture,Tables
2420,"KitchenAid Refrigerator, White",Office Supplies,Appliances
2395,"Cuisinart Coffee Grinder, Red",Office Supplies,Appliances
1156,"Tenex Clock, Durable",Furniture,Furnishings
2862,"BIC Pencil Sharpener, Fluorescent",Office Supplies,Art
199,"Ikea 3-Shelf Cabinet, Mobile",Furniture,Bookcases
4490,"GlobeWeis Mailers, with clear poly window",Office Supplies,Envelopes
3291,"Sanford Canvas, Water Color",Office Supplies,Art
10234,"SanDisk Numeric Keypad, USB",Technology,Accessories
5641,"Smead File Folder Labels, Laser Printer Compatible",Office Supplies,Labels
3625,"Cardinal Binder, Clear",Office Supplies,Binders
9496,"Konica Calculator, White",Technology,Machines
4988,"Accos Thumb Tacks, Assorted Sizes",Office Supplies,Fasteners
3738,Avery Reinforcements for Hole-Punch Pages,Office Supplies,Binders
8476,"Apple Audio Dock, Full Size",Technology,Phones
8685,"HP Personal Copier, Laser",Technology,Copiers
9348,"Okidata Receipt Printer, Red",Technology,Machines
9350,"StarTech Phone, Durable",Technology,Machines
2475,"Hamilton Beach Stove, Silver",Office Supplies,Appliances
10217,"Samsung Smart Phone, Cordless",Technology,Phones
309,"Dania Library with Doors, Traditional",Furniture,Bookcases
9493,"Okidata Card Printer, Wireless",Technology,Machines
1404,"Tenex Door Stop, Black",Furniture,Furnishings
5683,"Hon Removable Labels, Adjustable",Office Supplies,Labels
5685,"Novimex Shipping Labels, 5000 Label Set",Office Supplies,Labels
4786,"Stockwell Paper Clips, Bulk Pack",Office Supplies,Fasteners
7527,"Stiletto Scissors, Serrated",Office Supplies,Supplies
2843,"Sanford Pens, Blue",Office Supplies,Art
2350,Tripp Lite Isotel 6 Outlet Surge Protector with Fax/Modem Protection,Office Supplies,Appliances
3940,"Acco Hole Reinforcements, Clear",Office Supplies,Binders
7979,"Verbatim Slim CD and DVD Storage Cases, 50/Pack",Technology,Accessories
2374,"Sanyo Counter Height Refrigerator with Crisper, 3.6 Cubic Foot, Stainless Steel/Black",Office Supplies,Appliances
2759,"Hoover Stove, Silver",Office Supplies,Appliances
2659,"Cuisinart Coffee Grinder, Silver",Office Supplies,Appliances
5895,"Smead Legal Exhibit Labels, Laser Printer Compatible",Office Supplies,Labels
5601,"Novimex Removable Labels, 5000 Label Set",Office Supplies,Labels
286,"Ikea Classic Bookcase, Metal",Furniture,Bookcases
10142,"Nokia Speaker Phone, with Caller ID",Technology,Phones
2031,"Hon Round Table, with Bottom Storage",Furniture,Tables
1491,Nu-Dell Oak Frame,Furniture,Furnishings
5910,"Harbour Creations Shipping Labels, Alphabetical",Office Supplies,Labels
6761,"Smead Removable Labels, Laser Printer Compatible",Office Supplies,Labels
1943,"Bevis Wood Table, Adjustable Height",Furniture,Tables
8948,"Canon Wireless Fax, Digital",Technology,Copiers
809,"Office Star Steel Folding Chair, Black",Furniture,Chairs
3868,"Acco Binder, Economy",Office Supplies,Binders
2826,"BIC Highlighters, Fluorescent",Office Supplies,Art
5573,"Smead Shipping Labels, Laser Printer Compatible",Office Supplies,Labels
5274,"Green Bar Parchment Paper, Recycled",Office Supplies,Paper
10271,"StarTech Phone, Red",Technology,Machines
9826,"Apple Speaker Phone, VoIP",Technology,Phones
5567,"Avery Color Coded Labels, Alphabetical",Office Supplies,Labels
7037,"Smead Box, Industrial",Office Supplies,Storage
5122,"Stockwell Paper Clips, Assorted Sizes",Office Supplies,Fasteners
7250,"Eldon Box, Industrial",Office Supplies,Storage
8108,"SanDisk Flash Drive, USB",Technology,Accessories
8345,"Enermax Numeric Keypad, USB",Technology,Accessories
853,"Novimex Rocking Chair, Set of Two",Furniture,Chairs
3099,"Binney & Smith Pencil Sharpener, Easy-Erase",Office Supplies,Art
5715,"Smead Removable Labels, Adjustable",Office Supplies,Labels
2501,"KitchenAid Toaster, Black",Office Supplies,Appliances
7829,"Stiletto Shears, Serrated",Office Supplies,Supplies
4884,"Stockwell Clamps, 12 Pack",Office Supplies,Fasteners
10191,"SKILCRAFT Telephone Shoulder Rest, 2"" x 6.5"" x 2.5"", Black",Technology,Phones
6664,Xerox 196,Office Supplies,Paper
5861,"Novimex Legal Exhibit Labels, Adjustable",Office Supplies,Labels
2392,"Hoover Stove, Silver",Office Supplies,Appliances
9697,"Nokia Speaker Phone, VoIP",Technology,Phones
9237,"Panasonic Phone, Red",Technology,Machines
1182,"Deflect-O Door Stop, Durable",Furniture,Furnishings
2630,"Hoover Toaster, Red",Office Supplies,Appliances
7511,"Stiletto Trimmer, Easy Grip",Office Supplies,Supplies
3126,"Sanford Highlighters, Blue",Office Supplies,Art
4870,"Stockwell Rubber Bands, 12 Pack",Office Supplies,Fasteners
4845,"Accos Paper Clips, Metal",Office Supplies,Fasteners
6993,"Eldon Box, Blue",Office Supplies,Storage
5241,"GlobeWeis Mailers, Recycled",Office Supplies,Envelopes
5496,"Avery Round Labels, Laser Printer Compatible",Office Supplies,Labels
6599,"Green Bar Note Cards, Premium",Office Supplies,Paper
2466,"Hoover Toaster, Black",Office Supplies,Appliances
9416,"Epson Card Printer, White",Technology,Machines
10081,ClearOne Communications CHAT 70 OC Speaker Phone,Technology,Phones
3007,"Binney & Smith Sketch Pad, Easy-Erase",Office Supplies,Art
5513,"Hon Legal Exhibit Labels, Alphabetical",Office Supplies,Labels
4351,"Jiffy Business Envelopes, Recycled",Office Supplies,Envelopes
2252,"Accos Thumb Tacks, Bulk Pack",Office Supplies,Fasteners
10093,"Apple Speaker Phone, Full Size",Technology,Phones
9194,"StarTech Card Printer, Durable",Technology,Machines
9809,Panasonic KX-TG6844B Expandable Digital Cordless Telephone,Technology,Phones
4681,"Cameo Business Envelopes, Set of 50",Office Supplies,Envelopes
4678,"GlobeWeis Mailers, with clear poly window",Office Supplies,Envelopes
6583,"Enermax Message Books, Recycled",Office Supplies,Paper
9555,"Motorola Office Telephone, VoIP",Technology,Phones
7865,"Tenex Lockers, Single Width",Office Supplies,Storage
5870,Avery 507,Office Supplies,Labels
4607,"Kraft Manila Envelope, Security-Tint",Office Supplies,Envelopes
8039,"Logitech Numeric Keypad, Erganomic",Technology,Accessories
4609,"Kraft Interoffice Envelope, Set of 50",Office Supplies,Envelopes
4902,"OIC Thumb Tacks, Metal",Office Supplies,Fasteners
3628,"Wilson Jones Index Tab, Durable",Office Supplies,Binders
1434,Magna Visual Magnetic Picture Hangers,Furniture,Furnishings
8556,"Canon Copy Machine, Laser",Technology,Copiers
10165,"Motorola Office Telephone, VoIP",Technology,Phones
8041,"Logitech Memory Card, Erganomic",Technology,Accessories
2994,"Sanford Canvas, Water Color",Office Supplies,Art
7140,"Fellowes Box, Industrial",Office Supplies,Storage
7635,"Acme Ruler, Steel",Office Supplies,Supplies
3778,"Ibico Binder Covers, Economy",Office Supplies,Binders
9475,Star Micronics TSP100 TSP143LAN Receipt Printer,Technology,Machines
10077,"Apple Office Telephone, Full Size",Technology,Phones
9932,"Nokia Speaker Phone, with Caller ID",Technology,Phones
1310,"Rubbermaid Stacking Tray, Erganomic",Furniture,Furnishings
3514,"Acco Hole Reinforcements, Recycled",Office Supplies,Binders
1448,"Eldon Regeneration Recycled Desk Accessories, Black",Furniture,Furnishings
460,"Bush Classic Bookcase, Mobile",Furniture,Bookcases
6590,"Eaton Computer Printout Paper, Premium",Office Supplies,Paper
4507,"Jiffy Peel and Seal, Security-Tint",Office Supplies,Envelopes
2833,Design Ebony Sketching Pencil,Office Supplies,Art
2570,"Hamilton Beach Refrigerator, Silver",Office Supplies,Appliances
4726,"Enermax Cards & Envelopes, Premium",Office Supplies,Paper
8969,"Sharp Copy Machine, High-Speed",Technology,Copiers
8402,"SanDisk Numeric Keypad, Bluetooth",Technology,Accessories
3334,"Boston Canvas, Water Color",Office Supplies,Art
7539,"Kleencut Trimmer, Easy Grip",Office Supplies,Supplies
5356,"Hoover Toaster, Black",Office Supplies,Appliances
3417,"Ibico 3-Hole Punch, Durable",Office Supplies,Binders
1640,"Eldon Door Stop, Erganomic",Furniture,Furnishings
4969,"Stockwell Rubber Bands, Metal",Office Supplies,Fasteners
5867,"Hon Removable Labels, Laser Printer Compatible",Office Supplies,Labels
4847,"Brites Rubber Bands, 1 1/2 oz. Box",Office Supplies,Fasteners
717,Hon Olson Stacker Chairs,Furniture,Chairs
1948,"Bevis Coffee Table, Adjustable Height",Furniture,Tables
485,"Sauder Library with Doors, Traditional",Furniture,Bookcases
8081,Logitech K350 2.4Ghz Wireless Keyboard,Technology,Accessories
2639,"Eureka Hand Vacuum, Bagless",Office Supplies,Appliances
8700,"HP Copy Machine, High-Speed",Technology,Copiers
9866,Aastra 6757i CT Wireless VoIP phone,Technology,Phones
1653,Contemporary Wood/Metal Frame,Furniture,Furnishings
4441,"Cameo Business Envelopes, Set of 50",Office Supplies,Envelopes
3380,"Avery Shipping Labels, 5000 Label Set",Office Supplies,Labels
7773,"Fiskars Letter Opener, Easy Grip",Office Supplies,Supplies
6060,"Xerox Computer Printout Paper, Multicolor",Office Supplies,Paper
3927,"Wilson Jones Index Tab, Recycled",Office Supplies,Binders
4335,"#10 Gummed Flap White Envelopes, 100/Box",Office Supplies,Envelopes
8732,"Brother Ink, High-Speed",Technology,Copiers
8677,"Sharp Copy Machine, Laser",Technology,Copiers
767,"Office Star Steel Folding Chair, Adjustable",Furniture,Chairs
89,"Bush Library with Doors, Traditional",Furniture,Bookcases
8515,"Brother Personal Copier, High-Speed",Technology,Copiers
4294,"Jiffy Mailers, Security-Tint",Office Supplies,Envelopes
2122,"Bevis Wood Table, with Bottom Storage",Furniture,Tables
9503,"Okidata Card Printer, Durable",Technology,Machines
2081,"Hon Training Table, Rectangular",Furniture,Tables
6862,Hanging Personal Folder File,Office Supplies,Storage
9008,"Enermax Memory Card, Bluetooth",Technology,Accessories
3716,"Avery 3-Hole Punch, Economy",Office Supplies,Binders
2178,"Hon Training Table, Rectangular",Furniture,Tables
6806,"Fellowes Folders, Wire Frame",Office Supplies,Storage
9489,"StarTech Phone, White",Technology,Machines
578,"Novimex Chairmat, Black",Furniture,Chairs
4079,"Boston Markers, Fluorescent",Office Supplies,Art
575,"Hon Steel Folding Chair, Adjustable",Furniture,Chairs
4575,"GlobeWeis Business Envelopes, Set of 50",Office Supplies,Envelopes
5278,"Green Bar Memo Slips, Multicolor",Office Supplies,Paper
9385,"Panasonic Calculator, Red",Technology,Machines
2489,"Cuisinart Microwave, Silver",Office Supplies,Appliances
9176,"Okidata Phone, Wireless",Technology,Machines
9092,"Konica Inkjet, Wireless",Technology,Machines
8799,"Hewlett Personal Copier, Digital",Technology,Copiers
2624,"Breville Refrigerator, White",Office Supplies,Appliances
9195,Canon PC170 Desktop Personal Copier,Technology,Machines
1798,"Office Star Chairmat, Set of Two",Furniture,Chairs
2284,"Acme Box Cutter, Easy Grip",Office Supplies,Supplies
6808,Fellowes Recycled Storage Drawers,Office Supplies,Storage
1535,"Rubbermaid Clock, Erganomic",Furniture,Furnishings
1405,"Tenex Clock, Erganomic",Furniture,Furnishings
1803,"Rubbermaid Clock, Black",Furniture,Furnishings
5186,Rubber Band Ball,Office Supplies,Fasteners
6176,Loose Memo Sheets,Office Supplies,Paper
9129,Zebra ZM400 Thermal Label Printer,Technology,Machines
8789,"HP Copy Machine, Color",Technology,Copiers
111,"Ikea Corner Shelving, Mobile",Furniture,Bookcases
9046,"Hewlett Copy Machine, High-Speed",Technology,Copiers
292,"Ikea Stackable Bookrack, Traditional",Furniture,Bookcases
7801,"Elite Shears, Serrated",Office Supplies,Supplies
9357,"Okidata Receipt Printer, Wireless",Technology,Machines
1701,"Hon Bag Chairs, Red",Furniture,Chairs
6069,"Green Bar Cards & Envelopes, 8.5 x 11",Office Supplies,Paper
1428,"Deflect-O Light Bulb, Erganomic",Furniture,Furnishings
7472,"Fiskars Ruler, Steel",Office Supplies,Supplies
5245,"GlobeWeis Clasp Envelope, with clear poly window",Office Supplies,Envelopes
4978,Alliance Rubber Bands,Office Supplies,Fasteners
8642,"Canon Personal Copier, Color",Technology,Copiers
8211,Logitech VX Revolution Cordless Laser Mouse for Notebooks (Black),Technology,Accessories
9222,"StarTech Phone, Wireless",Technology,Machines
2750,"Hoover Blender, Black",Office Supplies,Appliances
786,"Harbour Creations Bag Chairs, Set of Two",Furniture,Chairs
999,"Hon Steel Folding Chair, Set of Two",Furniture,Chairs
3913,"Cardinal Binder, Durable",Office Supplies,Binders
1681,"Harbour Creations Bag Chairs, Set of Two",Furniture,Chairs
8143,AmazonBasics 3-Button USB Wired Mouse,Technology,Accessories
3687,Binder Posts,Office Supplies,Binders
5921,"Smead Round Labels, 5000 Label Set",Office Supplies,Labels
4898,"Accos Staples, Assorted Sizes",Office Supplies,Fasteners
3728,"Wilson Jones Binding Machine, Clear",Office Supplies,Binders
8768,"HP Ink, Laser",Technology,Copiers
6370,"Eaton Note Cards, Premium",Office Supplies,Paper
9575,"Nokia Office Telephone, VoIP",Technology,Phones
1794,"Office Star Steel Folding Chair, Set of Two",Furniture,Chairs
4769,"Stockwell Push Pins, Assorted Sizes",Office Supplies,Fasteners
7145,"Advantus 10-Drawer Portable Organizer, Chrome Metal Frame, Smoke Drawers",Office Supplies,Storage
2469,"Cuisinart Stove, Red",Office Supplies,Appliances
8017,"Logitech Memory Card, Bluetooth",Technology,Accessories
2206,"Tenex Stacking Tray, Black",Furniture,Furnishings
9780,"Nokia Headset, VoIP",Technology,Phones
2589,"Cuisinart Blender, Red",Office Supplies,Appliances
6479,"Eaton Computer Printout Paper, 8.5 x 11",Office Supplies,Paper
5338,"Hon Legal Exhibit Labels, Alphabetical",Office Supplies,Labels
6033,"SanDisk Cards & Envelopes, 8.5 x 11",Office Supplies,Paper
1499,"Deflect-O Stacking Tray, Erganomic",Furniture,Furnishings
5243,"GlobeWeis Clasp Envelope, Set of 50",Office Supplies,Envelopes
1951,"Bevis Training Table, Rectangular",Furniture,Tables
716,"Harbour Creations Executive Leather Armchair, Red",Furniture,Chairs
2584,"Cuisinart Blender, Red",Office Supplies,Appliances
7875,"Wilson Jones 3-Hole Punch, Recycled",Office Supplies,Binders
108,"Bush Corner Shelving, Pine",Furniture,Bookcases
6429,"Xerox Message Books, 8.5 x 11",Office Supplies,Paper
6252,Xerox 1910,Office Supplies,Paper
4084,"Breville Toaster, Black",Office Supplies,Appliances
3318,"Binney & Smith Sketch Pad, Easy-Erase",Office Supplies,Art
7174,Portfile Personal File Boxes,Office Supplies,Storage
6815,"Fellowes Folders, Wire Frame",Office Supplies,Storage
1388,"Advantus Clock, Durable",Furniture,Furnishings
6110,"Black Print Carbonless Snap-Off Rapid Letter, 8 1/2"" x 7""",Office Supplies,Paper
5109,"Advantus Thumb Tacks, 12 Pack",Office Supplies,Fasteners
3240,"Stanley Sketch Pad, Water Color",Office Supplies,Art
1330,"Deflect-O Photo Frame, Durable",Furniture,Furnishings
4235,"Elite Scissors, Easy Grip",Office Supplies,Supplies
5691,"Avery Shipping Labels, 5000 Label Set",Office Supplies,Labels
5979,"Novimex Removable Labels, 5000 Label Set",Office Supplies,Labels
2637,Honeywell Enviracaire Portable HEPA Air Cleaner for 16' x 20' Room,Office Supplies,Appliances
8655,"Hewlett Personal Copier, High-Speed",Technology,Copiers
5897,"Hon Color Coded Labels, Adjustable",Office Supplies,Labels
2896,"Binney & Smith Pens, Fluorescent",Office Supplies,Art
3078,"Binney & Smith Pencil Sharpener, Fluorescent",Office Supplies,Art
3376,"Avery Shipping Labels, Alphabetical",Office Supplies,Labels
7386,"Stockwell Clamps, Bulk Pack",Office Supplies,Fasteners
6816,"Smead Box, Blue",Office Supplies,Storage
4168,"Cuisinart Refrigerator, Silver",Office Supplies,Appliances
8581,"HP Personal Copier, High-Speed",Technology,Copiers
2422,"Breville Blender, Silver",Office Supplies,Appliances
10,"Advantus Door Stop, Black",Furniture,Furnishings
6850,Home/Office Personal File Carts,Office Supplies,Storage
9025,"Epson Receipt Printer, Durable",Technology,Machines
3878,Cardinal Holdit Data Disk Pockets,Office Supplies,Binders
4100,"Breville Blender, White",Office Supplies,Appliances
9556,"Nokia Headset, with Caller ID",Technology,Phones
5675,"Harbour Creations Shipping Labels, Adjustable",Office Supplies,Labels
2286,"Acme Shears, High Speed",Office Supplies,Supplies
5463,"Kleencut Ruler, Steel",Office Supplies,Supplies
9191,"Konica Inkjet, Wireless",Technology,Machines
2582,"Eureka The Boss Plus 12-Amp Hard Box Upright Vacuum, Red",Office Supplies,Appliances
8373,Logitech diNovo Edge Keyboard,Technology,Accessories
8862,"Hewlett Copy Machine, Color",Technology,Copiers
2176,"Chromcraft Coffee Table, Fully Assembled",Furniture,Tables
7962,"Belkin Numeric Keypad, Bluetooth",Technology,Accessories
9747,Jabra BIZ 2300 Duo QD Duo Corded Headset,Technology,Phones
9171,"StarTech Receipt Printer, Durable",Technology,Machines
5314,"Harbour Creations Legal Exhibit Labels, Adjustable",Office Supplies,Labels
4981,"OIC Rubber Bands, Metal",Office Supplies,Fasteners
6285,"Enermax Message Books, Premium",Office Supplies,Paper
9108,"Logitech Mouse, USB",Technology,Accessories
164,"Sauder Corner Shelving, Metal",Furniture,Bookcases
805,"Office Star Swivel Stool, Black",Furniture,Chairs
6946,Carina Media Storage Towers in Natural & Black,Office Supplies,Storage
3455,"Cardinal Binder, Recycled",Office Supplies,Binders
6909,"Tenex Box, Single Width",Office Supplies,Storage
4791,"Stockwell Staples, Assorted Sizes",Office Supplies,Fasteners
794,"Harbour Creations Chairmat, Set of Two",Furniture,Chairs
8611,"Canon Fax Machine, Digital",Technology,Copiers
7359,"Stiletto Box Cutter, High Speed",Office Supplies,Supplies
7982,"Logitech Keyboard, Programmable",Technology,Accessories
3957,"Avery 3-Hole Punch, Durable",Office Supplies,Binders
8811,"Sharp Fax and Copier, High-Speed",Technology,Copiers
8931,"HP Ink, Digital",Technology,Copiers
9325,NeatDesk Desktop Scanner & Digital Filing System,Technology,Machines
7714,"Acme Shears, Serrated",Office Supplies,Supplies
10169,Gear Head AU3700S Headset,Technology,Phones
1432,Ultra Commercial Grade Dual Valve Door Closer,Furniture,Furnishings
5316,"Harbour Creations Legal Exhibit Labels, Laser Printer Compatible",Office Supplies,Labels
5839,"Smead Legal Exhibit Labels, Adjustable",Office Supplies,Labels
250,Sauder Barrister Bookcases,Furniture,Bookcases
2547,"KitchenAid Toaster, Red",Office Supplies,Appliances
8018,Imation Bio 2GB USB Flash Drive Imation Corp,Technology,Accessories
9138,"StarTech Inkjet, Wireless",Technology,Machines
9657,"Nokia Speaker Phone, Cordless",Technology,Phones
2617,Fellowes Command Center 5-outlet power strip,Office Supplies,Appliances
9336,Ricoh - Ink Collector Unit for GX3000 Series Printers,Technology,Machines
1774,"Novimex Rocking Chair, Set of Two",Furniture,Chairs
8132,"Logitech Memory Card, Bluetooth",Technology,Accessories
4851,"Stockwell Paper Clips, Bulk Pack",Office Supplies,Fasteners
3989,"Avery Binding Machine, Clear",Office Supplies,Binders
3121,"Stanley Pencil Sharpener, Fluorescent",Office Supplies,Art
4933,"Advantus Paper Clips, Assorted Sizes",Office Supplies,Fasteners
4255,"Jiffy Clasp Envelope, with clear poly window",Office Supplies,Envelopes
1639,"Eldon Stacking Tray, Black",Furniture,Furnishings
3234,"Crayola Anti Dust Chalk, 12/Pack",Office Supplies,Art
721,"Hon Swivel Stool, Adjustable",Furniture,Chairs
71,"Safco Floating Shelf Set, Pine",Furniture,Bookcases
4599,"Jiffy Manila Envelope, Recycled",Office Supplies,Envelopes
8371,SanDisk Cruzer 8 GB USB Flash Drive,Technology,Accessories
378,"Safco Library with Doors, Mobile",Furniture,Bookcases
153,"Safco Library with Doors, Mobile",Furniture,Bookcases
2015,"Hon Wood Table, Rectangular",Furniture,Tables
361,"Ikea Corner Shelving, Mobile",Furniture,Bookcases
4635,"GlobeWeis Mailers, Security-Tint",Office Supplies,Envelopes
1889,"Sauder Corner Shelving, Traditional",Furniture,Bookcases
5554,"Hon Removable Labels, Adjustable",Office Supplies,Labels
7434,"Acme Shears, Serrated",Office Supplies,Supplies
1487,"Rubbermaid Stacking Tray, Erganomic",Furniture,Furnishings
3036,"Sanford Colorific Eraseable Coloring Pencils, 12 Count",Office Supplies,Art
5953,"Harbour Creations Shipping Labels, Adjustable",Office Supplies,Labels
3541,"Avery Index Tab, Economy",Office Supplies,Binders
8950,"Brother Copy Machine, High-Speed",Technology,Copiers
8932,"HP Wireless Fax, High-Speed",Technology,Copiers
2769,"KitchenAid Microwave, Black",Office Supplies,Appliances
6800,Fellowes Bankers Box Staxonsteel Drawer File/Stacking System,Office Supplies,Storage
8472,"Apple Headset, Full Size",Technology,Phones
6522,Xerox 1943,Office Supplies,Paper
4386,"Jiffy Business Envelopes, Recycled",Office Supplies,Envelopes
2939,Newell 349,Office Supplies,Art
7284,"Fellowes Lockers, Blue",Office Supplies,Storage
359,"Bush 3-Shelf Cabinet, Mobile",Furniture,Bookcases
5252,"GlobeWeis Interoffice Envelope, Security-Tint",Office Supplies,Envelopes
9509,"Memorex Keyboard, Programmable",Technology,Accessories
9941,LG Exalt,Technology,Phones
9883,Apple EarPods with Remote and Mic,Technology,Phones
1144,"Deflect-O Frame, Durable",Furniture,Furnishings
7360,"Stiletto Trimmer, High Speed",Office Supplies,Supplies
1250,"Eldon Door Stop, Duo Pack",Furniture,Furnishings
6195,"Xerox Memo Slips, 8.5 x 11",Office Supplies,Paper
9038,"Hewlett Ink, Laser",Technology,Copiers
9584,"Okidata Inkjet, White",Technology,Machines
4971,"Accos Thumb Tacks, Metal",Office Supplies,Fasteners
9113,"Logitech Numeric Keypad, Bluetooth",Technology,Accessories
2763,"Holmes Visible Mist Ultrasonic Humidifier with 2.3-Gallon Output per Day, Replacement Filter",Office Supplies,Appliances
2591,"Hoover Refrigerator, White",Office Supplies,Appliances
6927,"Mini 13-1/2 Capacity Data Binder Rack, Pearl",Office Supplies,Storage
8262,"Memorex Numeric Keypad, Bluetooth",Technology,Accessories
7549,"Stiletto Letter Opener, Easy Grip",Office Supplies,Supplies
1503,"Advantus Clock, Durable",Furniture,Furnishings
618,"Harbour Creations Bag Chairs, Red",Furniture,Chairs
397,"Dania Classic Bookcase, Metal",Furniture,Bookcases
1173,Luxo Professional Fluorescent Magnifier Lamp with Clamp-Mount Base,Furniture,Furnishings
1745,"Lesro Coffee Table, Adjustable Height",Furniture,Tables
4478,"Tyvek  Top-Opening Peel & Seel  Envelopes, Gray",Office Supplies,Envelopes
288,"Sauder Floating Shelf Set, Traditional",Furniture,Bookcases
9746,Avaya 4621SW VoIP phone,Technology,Phones
3046,"Stanley Sketch Pad, Water Color",Office Supplies,Art
1126,"Deflect-O Door Stop, Duo Pack",Furniture,Furnishings
10195,"Nokia Headset, Full Size",Technology,Phones
9944,Motorla HX550 Universal Bluetooth Headset,Technology,Phones
3219,"Sanford Markers, Fluorescent",Office Supplies,Art
4370,"Jiffy Clasp Envelope, with clear poly window",Office Supplies,Envelopes
5403,"Jiffy Clasp Envelope, Set of 50",Office Supplies,Envelopes
8667,"Sharp Wireless Fax, High-Speed",Technology,Copiers
8752,"Brother Personal Copier, Digital",Technology,Copiers
600,"Harbour Creations Rocking Chair, Black",Furniture,Chairs
6259,Xerox 207,Office Supplies,Paper
2482,"Breville Stove, Black",Office Supplies,Appliances
8978,"Canon Personal Copier, Color",Technology,Copiers
9404,"Okidata Card Printer, Wireless",Technology,Machines
3852,GBC Therma-A-Bind 250T Electric Binding System,Office Supplies,Binders
9239,Lexmark MarkNet N8150 Wireless Print Server,Technology,Machines
6489,Xerox 1935,Office Supplies,Paper
7689,"Acme Box Cutter, Easy Grip",Office Supplies,Supplies
8270,"Enermax Router, USB",Technology,Accessories
7703,"Elite Box Cutter, Easy Grip",Office Supplies,Supplies
5010,"Stockwell Clamps, Assorted Sizes",Office Supplies,Fasteners
3785,"Avery Binding Machine, Economy",Office Supplies,Binders
2731,"Hamilton Beach Refrigerator, White",Office Supplies,Appliances
2676,"Hamilton Beach Stove, Red",Office Supplies,Appliances
2689,"Hoover Microwave, White",Office Supplies,Appliances
2730,"Hamilton Beach Stove, Red",Office Supplies,Appliances
385,"Dania 3-Shelf Cabinet, Pine",Furniture,Bookcases
2532,"Hoover Microwave, White",Office Supplies,Appliances
7790,"Elite Ruler, Steel",Office Supplies,Supplies
1470,"Rubbermaid Clock, Black",Furniture,Furnishings
8977,"Brother Copy Machine, Color",Technology,Copiers
7009,"Tenex Trays, Wire Frame",Office Supplies,Storage
5064,"Stockwell Clamps, Metal",Office Supplies,Fasteners
9646,Jensen SMPS-640 - speaker phone,Technology,Phones
9983,"Samsung Speaker Phone, with Caller ID",Technology,Phones
6958,"Fellowes Folders, Blue",Office Supplies,Storage
5941,"Novimex Shipping Labels, Alphabetical",Office Supplies,Labels
4238,"Elite Ruler, Easy Grip",Office Supplies,Supplies
7729,"Kleencut Ruler, Easy Grip",Office Supplies,Supplies
8194,"Logitech Mouse, Bluetooth",Technology,Accessories
7226,"Tenex Trays, Wire Frame",Office Supplies,Storage
5915,"Novimex Shipping Labels, Adjustable",Office Supplies,Labels
8975,"HP Fax and Copier, Laser",Technology,Copiers
10209,"Samsung Speaker Phone, VoIP",Technology,Phones
520,"Harbour Creations Swivel Stool, Black",Furniture,Chairs
2926,"Sanford Highlighters, Blue",Office Supplies,Art
9482,"Okidata Calculator, Durable",Technology,Machines
7485,"Elite Box Cutter, Steel",Office Supplies,Supplies
5151,"Stockwell Staples, 12 Pack",Office Supplies,Fasteners
6535,Xerox 218,Office Supplies,Paper
1027,"Dania Floating Shelf Set, Traditional",Furniture,Bookcases
8507,"Belkin Flash Drive, Erganomic",Technology,Accessories
4159,"Cuisinart Blender, Silver",Office Supplies,Appliances
7364,"Stiletto Trimmer, Easy Grip",Office Supplies,Supplies
10259,"Sharp Fax and Copier, High-Speed",Technology,Copiers
2461,"KitchenAid Stove, Red",Office Supplies,Appliances
8886,"Hewlett Personal Copier, Laser",Technology,Copiers
677,"Office Star Rocking Chair, Adjustable",Furniture,Chairs
6552,"Green Bar Computer Printout Paper, Recycled",Office Supplies,Paper
6376,"Adams Phone Message Book, 200 Message Capacity, 8 1/16” x 11”",Office Supplies,Paper
7728,"Fiskars Scissors, High Speed",Office Supplies,Supplies
6080,Xerox 201,Office Supplies,Paper
3159,Staples,Office Supplies,Art
8436,Maxell 4.7GB DVD+RW 3/Pack,Technology,Accessories
7505,"Acme Trimmer, High Speed",Office Supplies,Supplies
8122,"Logitech Memory Card, USB",Technology,Accessories
9273,"Epson Printer, White",Technology,Machines
858,"Novimex Swivel Stool, Set of Two",Furniture,Chairs
6437,Avery Personal Creations Heavyweight Cards,Office Supplies,Paper
4815,"Advantus Paper Clips, Assorted Sizes",Office Supplies,Fasteners
349,"Bush Westfield Collection Bookcases, Dark Cherry Finish",Furniture,Bookcases
4923,"Accos Rubber Bands, Metal",Office Supplies,Fasteners
5773,"Harbour Creations Legal Exhibit Labels, 5000 Label Set",Office Supplies,Labels
5886,"Smead Color Coded Labels, Laser Printer Compatible",Office Supplies,Labels
2985,Newell 326,Office Supplies,Art
7006,"Fellowes File Cart, Single Width",Office Supplies,Storage
6292,Xerox 1930,Office Supplies,Paper
6177,"Xerox Note Cards, Multicolor",Office Supplies,Paper
7390,"Stockwell Thumb Tacks, Bulk Pack",Office Supplies,Fasteners
5354,"Hoover Microwave, White",Office Supplies,Appliances
8671,"Brother Fax and Copier, Laser",Technology,Copiers
2635,Fellowes 8 Outlet Superior Workstation Surge Protector w/o Phone/Fax/Modem Protection,Office Supplies,Appliances
6943,"Fellowes Trays, Blue",Office Supplies,Storage
1610,"Deflect-O Frame, Black",Furniture,Furnishings
2049,"Bush Andora Conference Table, Maple/Graphite Gray Finish",Furniture,Tables
2887,"Binney & Smith Canvas, Fluorescent",Office Supplies,Art
5158,"Stockwell Paper Clips, Metal",Office Supplies,Fasteners
3542,Ibico Recycled Grain-Textured Covers,Office Supplies,Binders
7438,"Kleencut Shears, Easy Grip",Office Supplies,Supplies
1444,"Master Caster Door Stop, Gray",Furniture,Furnishings
9153,Cubify CubeX 3D Printer Double Head Print,Technology,Machines
2739,"Cuisinart Refrigerator, Silver",Office Supplies,Appliances
3066,"Boston Sketch Pad, Fluorescent",Office Supplies,Art
2583,3M Office Air Cleaner,Office Supplies,Appliances
4328,"Cameo Business Envelopes, Recycled",Office Supplies,Envelopes
2201,"Chromcraft Wood Table, with Bottom Storage",Furniture,Tables
9017,"Epson Phone, White",Technology,Machines
9366,"Panasonic Receipt Printer, White",Technology,Machines
2203,"Chromcraft Conference Table, Rectangular",Furniture,Tables
230,"Sauder 3-Shelf Cabinet, Pine",Furniture,Bookcases
1270,"Eldon Stacking Tray, Erganomic",Furniture,Furnishings
7967,"Belkin Flash Drive, Bluetooth",Technology,Accessories
5551,"Smead Color Coded Labels, 5000 Label Set",Office Supplies,Labels
5538,"Smead Shipping Labels, 5000 Label Set",Office Supplies,Labels
7864,"Tenex Box, Industrial",Office Supplies,Storage
972,"Hon Rocking Chair, Set of Two",Furniture,Chairs
6383,"Enermax Message Books, Premium",Office Supplies,Paper
2442,"Hoover Coffee Grinder, Red",Office Supplies,Appliances
7501,"Fiskars Letter Opener, Easy Grip",Office Supplies,Supplies
3220,"BIC Pencil Sharpener, Water Color",Office Supplies,Art
3630,"Acco Binder Covers, Recycled",Office Supplies,Binders
8887,"HP Fax Machine, Digital",Technology,Copiers
2413,"Breville Stove, White",Office Supplies,Appliances
129,"Dania Corner Shelving, Mobile",Furniture,Bookcases
10040,"Samsung Audio Dock, with Caller ID",Technology,Phones
3436,"Cardinal 3-Hole Punch, Durable",Office Supplies,Binders
834,"Hon Rocking Chair, Red",Furniture,Chairs
9927,"Cisco Smart Phone, Full Size",Technology,Phones
2476,"KitchenAid Stove, White",Office Supplies,Appliances
2723,"Breville Stove, Silver",Office Supplies,Appliances
10266,"Sharp Wireless Fax, Digital",Technology,Copiers
9068,"HP Wireless Fax, Digital",Technology,Copiers
10206,"Samsung Audio Dock, Full Size",Technology,Phones
10173,"Cisco Headset, VoIP",Technology,Phones
4583,"GlobeWeis Mailers, Set of 50",Office Supplies,Envelopes
3736,"Wilson Jones Binder Covers, Durable",Office Supplies,Binders
2319,"Advantus Thumb Tacks, 12 Pack",Office Supplies,Fasteners
515,"Hon Steel Folding Chair, Black",Furniture,Chairs
3337,"Sanford Sketch Pad, Easy-Erase",Office Supplies,Art
9875,Anker 36W 4-Port USB Wall Charger Travel Power Adapter for iPhone 5s 5c 5,Technology,Phones
2044,"Chromcraft Coffee Table, Rectangular",Furniture,Tables
213,"Ikea 3-Shelf Cabinet, Mobile",Furniture,Bookcases
4713,"Enermax Computer Printout Paper, Recycled",Office Supplies,Paper
4590,"Recycled Interoffice Envelopes with Re-Use-A-Seal Closure, 10 x 13",Office Supplies,Envelopes
4953,"Stockwell Push Pins, 12 Pack",Office Supplies,Fasteners
1035,"Dania Classic Bookcase, Traditional",Furniture,Bookcases
240,"Bush Corner Shelving, Mobile",Furniture,Bookcases
5375,"Hoover Refrigerator, White",Office Supplies,Appliances
4509,"GlobeWeis Manila Envelope, with clear poly window",Office Supplies,Envelopes
9490,"Panasonic Calculator, White",Technology,Machines
4263,"Jiffy Interoffice Envelope, Security-Tint",Office Supplies,Envelopes
1023,"Chromcraft Round Table, Adjustable Height",Furniture,Tables
996,"SAFCO Swivel Stool, Red",Furniture,Chairs
1884,"Sauder 3-Shelf Cabinet, Traditional",Furniture,Bookcases
6095,"Green Bar Cards & Envelopes, Multicolor",Office Supplies,Paper
10235,"SanDisk Memory Card, Programmable",Technology,Accessories
3041,Stanley Bostitch Contemporary Electric Pencil Sharpeners,Office Supplies,Art
2760,"Cuisinart Stove, Red",Office Supplies,Appliances
8276,"SanDisk Memory Card, Erganomic",Technology,Accessories
424,Rush Hierlooms Collection Rich Wood Bookcases,Furniture,Bookcases
60,"Bush 3-Shelf Cabinet, Metal",Furniture,Bookcases
8520,"Brother Wireless Fax, High-Speed",Technology,Copiers
1634,"Deflect-O Light Bulb, Duo Pack",Furniture,Furnishings
3575,"Acco Binder Covers, Recycled",Office Supplies,Binders
1540,"Tenex Photo Frame, Black",Furniture,Furnishings
6596,"SanDisk Memo Slips, Multicolor",Office Supplies,Paper
2856,"Stanley Pens, Blue",Office Supplies,Art
7417,"Acme Trimmer, Easy Grip",Office Supplies,Supplies
2072,"Barricks Computer Table, Fully Assembled",Furniture,Tables
2096,"Barricks Coffee Table, with Bottom Storage",Furniture,Tables
9041,"Hewlett Fax Machine, High-Speed",Technology,Copiers
9089,"Konica Printer, Wireless",Technology,Machines
1893,"Sauder Floating Shelf Set, Mobile",Furniture,Bookcases
8848,"HP Fax and Copier, High-Speed",Technology,Copiers
3910,"Avery 3-Hole Punch, Clear",Office Supplies,Binders
712,"Office Star - Contemporary Task Swivel chair with 2-way adjustable arms, Plum",Furniture,Chairs
3939,"Ibico Index Tab, Economy",Office Supplies,Binders
5012,"Stockwell Paper Clips, Metal",Office Supplies,Fasteners
3991,"Acco Binder Covers, Economy",Office Supplies,Binders
3015,"Binney & Smith Canvas, Easy-Erase",Office Supplies,Art
639,"SAFCO Executive Leather Armchair, Red",Furniture,Chairs
10120,Cisco SPA 502G IP Phone,Technology,Phones
4275,"GlobeWeis Peel and Seal, Recycled",Office Supplies,Envelopes
8797,"Sharp Ink, Digital",Technology,Copiers
295,O'Sullivan 5-Shelf Heavy-Duty Bookcases,Furniture,Bookcases
5722,Avery 497,Office Supplies,Labels
4494,"#10-4 1/8"" x 9 1/2"" Premium Diagonal Seam Envelopes",Office Supplies,Envelopes
1348,"Executive Impressions 14"" Contract Wall Clock with Quartz Movement",Furniture,Furnishings
5997,"OIC Rubber Bands, Assorted Sizes",Office Supplies,Fasteners
6098,Xerox 1950,Office Supplies,Paper
7392,"Stockwell Push Pins, 12 Pack",Office Supplies,Fasteners
7404,"Stockwell Paper Clips, Bulk Pack",Office Supplies,Fasteners
2680,"Hoover Stove, Silver",Office Supplies,Appliances
8264,"Belkin Router, USB",Technology,Accessories
8605,"Hewlett Fax and Copier, High-Speed",Technology,Copiers
9920,"Motorola Office Telephone, Full Size",Technology,Phones
404,"Dania Library with Doors, Pine",Furniture,Bookcases
8661,"Brother Ink, Digital",Technology,Copiers
9464,"Panasonic Card Printer, Durable",Technology,Machines
4645,"Ames Mailers, Security-Tint",Office Supplies,Envelopes
6296,"Green Bar Parchment Paper, 8.5 x 11",Office Supplies,Paper
2349,"Breville Toaster, Black",Office Supplies,Appliances
8117,"Memorex Keyboard, Bluetooth",Technology,Accessories
3273,"Boston Pens, Blue",Office Supplies,Art
3815,"Ibico Hole Reinforcements, Economy",Office Supplies,Binders
6544,"SanDisk Message Books, 8.5 x 11",Office Supplies,Paper
6630,"Xerox Message Books, Recycled",Office Supplies,Paper
6155,"Enermax Cards & Envelopes, Multicolor",Office Supplies,Paper
2390,"KitchenAid Refrigerator, Red",Office Supplies,Appliances
251,"Bush Floating Shelf Set, Mobile",Furniture,Bookcases
2867,"Boston Highlighters, Water Color",Office Supplies,Art
4974,"Advantus Staples, Metal",Office Supplies,Fasteners
6548,"Green Bar Parchment Paper, 8.5 x 11",Office Supplies,Paper
7576,"Elite Ruler, High Speed",Office Supplies,Supplies
8078,"Logitech Memory Card, Erganomic",Technology,Accessories
365,"Sauder Floating Shelf Set, Traditional",Furniture,Bookcases
6568,"SanDisk Message Books, Recycled",Office Supplies,Paper
17,"Advantus Stacking Tray, Erganomic",Furniture,Furnishings
1845,"SAFCO Bag Chairs, Set of Two",Furniture,Chairs
5831,"Avery Round Labels, Adjustable",Office Supplies,Labels
9546,"Motorola Signal Booster, Full Size",Technology,Phones
9930,"Samsung Headset, with Caller ID",Technology,Phones
8471,"Apple Headset, Cordless",Technology,Phones
1341,"Deflect-O Frame, Erganomic",Furniture,Furnishings
8457,"Enermax Mouse, Erganomic",Technology,Accessories
3858,"Acco Index Tab, Clear",Office Supplies,Binders
5766,"Hon Removable Labels, 5000 Label Set",Office Supplies,Labels
5504,"Novimex Shipping Labels, Laser Printer Compatible",Office Supplies,Labels
1117,"Tenex Frame, Duo Pack",Furniture,Furnishings
932,"SAFCO Swivel Stool, Adjustable",Furniture,Chairs
8302,"Belkin Numeric Keypad, USB",Technology,Accessories
2406,"Breville Microwave, Silver",Office Supplies,Appliances
4849,"OIC Staples, Bulk Pack",Office Supplies,Fasteners
3594,"Ibico Hole Reinforcements, Clear",Office Supplies,Binders
2053,"Hon Round Table, Rectangular",Furniture,Tables
8102,Logitech MX Performance Wireless Mouse,Technology,Accessories
7432,"Elite Scissors, Easy Grip",Office Supplies,Supplies
3254,Newell 337,Office Supplies,Art
9426,"StarTech Calculator, Red",Technology,Machines
6937,"Eldon Lockers, Single Width",Office Supplies,Storage
2842,"Stanley Markers, Blue",Office Supplies,Art
3226,"Stanley Sketch Pad, Easy-Erase",Office Supplies,Art
7721,"Acme Ruler, High Speed",Office Supplies,Supplies
6220,"Eaton Memo Slips, Multicolor",Office Supplies,Paper
9268,"Epson Printer, Durable",Technology,Machines
6115,"Xerox Note Cards, Premium",Office Supplies,Paper
4432,"GlobeWeis Manila Envelope, Security-Tint",Office Supplies,Envelopes
10086,Avaya 5410 Digital phone,Technology,Phones
2045,"Chromcraft Coffee Table, Adjustable Height",Furniture,Tables
2323,"Ames Manila Envelope, Security-Tint",Office Supplies,Envelopes
4663,"GlobeWeis Mailers, Recycled",Office Supplies,Envelopes
7767,"Fiskars Ruler, Easy Grip",Office Supplies,Supplies
4651,"Ames Interoffice Envelope, with clear poly window",Office Supplies,Envelopes
5844,"Hon Round Labels, 5000 Label Set",Office Supplies,Labels
893,"Harbour Creations Rocking Chair, Red",Furniture,Chairs
8610,"Hewlett Fax Machine, Laser",Technology,Copiers
9119,"Logitech Router, Programmable",Technology,Accessories
8517,"Brother Personal Copier, Laser",Technology,Copiers
2661,"Hoover Blender, White",Office Supplies,Appliances
9266,"Epson Calculator, Wireless",Technology,Machines
5416,"Jiffy Peel and Seal, Recycled",Office Supplies,Envelopes
8871,"Canon Personal Copier, Laser",Technology,Copiers
9641,Cyber Acoustics AC-202b Speech Recognition Stereo Headset,Technology,Phones
1964,"Chromcraft Wood Table, Rectangular",Furniture,Tables
8906,"HP Fax and Copier, Digital",Technology,Copiers
2870,"Stanley Sketch Pad, Blue",Office Supplies,Art
1484,Electrix Fluorescent Magnifier Lamps & Weighted Base,Furniture,Furnishings
2705,"KitchenAid Blender, Black",Office Supplies,Appliances
952,"Novimex Rocking Chair, Black",Furniture,Chairs
8442,"Memorex Flash Drive, USB",Technology,Accessories
4375,"Jiffy Interoffice Envelope, Recycled",Office Supplies,Envelopes
728,"Hon Bag Chairs, Set of Two",Furniture,Chairs
9058,"HP Personal Copier, Color",Technology,Copiers
5230,"Fiskars Scissors, Serrated",Office Supplies,Supplies
8246,Imation 8GB Mini TravelDrive USB 2.0 Flash Drive,Technology,Accessories
8023,"Memorex Flash Drive, Erganomic",Technology,Accessories
5220,"Fiskars Shears, Steel",Office Supplies,Supplies
4909,"Stockwell Paper Clips, Metal",Office Supplies,Fasteners
7622,"Acme Shears, Steel",Office Supplies,Supplies
6294,"SanDisk Cards & Envelopes, 8.5 x 11",Office Supplies,Paper
3384,"Avery Round Labels, 5000 Label Set",Office Supplies,Labels
1922,"Chromcraft Coffee Table, with Bottom Storage",Furniture,Tables
8740,"Brother Fax and Copier, High-Speed",Technology,Copiers
9104,"Logitech Keyboard, Bluetooth",Technology,Accessories
8350,"SanDisk Flash Drive, USB",Technology,Accessories
4163,"Cuisinart Refrigerator, Black",Office Supplies,Appliances
1867,"SAFCO Swivel Stool, Set of Two",Furniture,Chairs
9567,"Nokia Office Telephone, with Caller ID",Technology,Phones
1916,"Barricks Computer Table, Fully Assembled",Furniture,Tables
8526,"Brother Ink, High-Speed",Technology,Copiers
1960,"Barricks Computer Table, Fully Assembled",Furniture,Tables
10131,"Apple Audio Dock, VoIP",Technology,Phones
149,"Safco Floating Shelf Set, Mobile",Furniture,Bookcases
9830,"Motorola Signal Booster, VoIP",Technology,Phones
1011,"Office Star Bag Chairs, Adjustable",Furniture,Chairs
7357,"Stiletto Ruler, Easy Grip",Office Supplies,Supplies
4566,"Kraft Manila Envelope, with clear poly window",Office Supplies,Envelopes
34,"Barricks Wood Table, Rectangular",Furniture,Tables
2137,"Lesro Round Table, with Bottom Storage",Furniture,Tables
8149,"Memorex Mouse, Programmable",Technology,Accessories
4524,"Kraft Manila Envelope, with clear poly window",Office Supplies,Envelopes
3196,4009 Highlighters,Office Supplies,Art
5305,"Harbour Creations Color Coded Labels, Alphabetical",Office Supplies,Labels
1728,"Ikea Classic Bookcase, Metal",Furniture,Bookcases
775,"SAFCO Steel Folding Chair, Red",Furniture,Chairs
2285,"Acme Letter Opener, Serrated",Office Supplies,Supplies
1362,"Eldon Photo Frame, Durable",Furniture,Furnishings
2318,"Advantus Push Pins, Assorted Sizes",Office Supplies,Fasteners
6006,"Telephone Message Books with Fax/Mobile Section, 4 1/4"" x 6""",Office Supplies,Paper
2827,"Dixon Ticonderoga Maple Cedar Pencil, #2",Office Supplies,Art
7339,"Stanley Markers, Blue",Office Supplies,Art
5890,"Hon Color Coded Labels, 5000 Label Set",Office Supplies,Labels
4455,"Ames Clasp Envelope, Security-Tint",Office Supplies,Envelopes
10118,"Motorola Smart Phone, Full Size",Technology,Phones
7980,"Logitech Memory Card, Bluetooth",Technology,Accessories
201,"Dania Floating Shelf Set, Mobile",Furniture,Bookcases
1249,"Deflect-O Frame, Erganomic",Furniture,Furnishings
2893,"BIC Sketch Pad, Water Color",Office Supplies,Art
8206,"SanDisk Flash Drive, Erganomic",Technology,Accessories
629,Global Deluxe High-Back Office Chair in Storm,Furniture,Chairs
2157,Bretford “Just In Time” Height-Adjustable Multi-Task Work Tables,Furniture,Tables
180,"Bush Stackable Bookrack, Pine",Furniture,Bookcases
6397,"SanDisk Cards & Envelopes, Premium",Office Supplies,Paper
5855,"Smead Shipping Labels, Alphabetical",Office Supplies,Labels
5624,"Novimex Round Labels, Alphabetical",Office Supplies,Labels
9081,"Konica Phone, Wireless",Technology,Machines
2024,"Hon Conference Table, Rectangular",Furniture,Tables
8578,"Cisco Signal Booster, Full Size",Technology,Phones
6382,Staples,Office Supplies,Paper
2071,"Chromcraft Computer Table, Fully Assembled",Furniture,Tables
3292,"Boston Markers, Water Color",Office Supplies,Art
6804,"Smead Lockers, Industrial",Office Supplies,Storage
1777,"Novimex Executive Leather Armchair, Red",Furniture,Chairs
1507,"Deflect-o RollaMat Studded, Beveled Mat for Medium Pile Carpeting",Furniture,Furnishings
5805,"Novimex Shipping Labels, 5000 Label Set",Office Supplies,Labels
2269,"Accos Rubber Bands, 12 Pack",Office Supplies,Fasteners
315,"Dania 3-Shelf Cabinet, Mobile",Furniture,Bookcases
2038,"Barricks Training Table, Rectangular",Furniture,Tables
2649,"Cuisinart Refrigerator, Silver",Office Supplies,Appliances
9773,Anker Astro 15000mAh USB Portable Charger,Technology,Phones
1294,"Advantus Clock, Duo Pack",Furniture,Furnishings
2061,"Hon Training Table, with Bottom Storage",Furniture,Tables
1786,"Office Star Bag Chairs, Set of Two",Furniture,Chairs
4401,"GlobeWeis Business Envelopes, with clear poly window",Office Supplies,Envelopes
1859,"SAFCO Rocking Chair, Red",Furniture,Chairs
2277,"Acme Ruler, High Speed",Office Supplies,Supplies
8947,"Brother Fax Machine, High-Speed",Technology,Copiers
38,"Bevis Wood Table, Rectangular",Furniture,Tables
8444,"SanDisk Keyboard, Bluetooth",Technology,Accessories
9797,"Motorola Headset, with Caller ID",Technology,Phones
551,"Novimex Chairmat, Black",Furniture,Chairs
316,"Safco Library with Doors, Mobile",Furniture,Bookcases
1329,"Eldon Clock, Durable",Furniture,Furnishings
5873,"Hon Color Coded Labels, Laser Printer Compatible",Office Supplies,Labels
4989,"Stockwell Push Pins, 12 Pack",Office Supplies,Fasteners
10257,"Sharp Personal Copier, Laser",Technology,Copiers
1630,"Deflect-O Door Stop, Black",Furniture,Furnishings
3980,"Cardinal Binder, Durable",Office Supplies,Binders
8002,"Belkin Router, Programmable",Technology,Accessories
5635,"Smead Shipping Labels, Adjustable",Office Supplies,Labels
946,"SAFCO Steel Folding Chair, Adjustable",Furniture,Chairs
1225,"Deflect-O Door Stop, Durable",Furniture,Furnishings
5911,"Novimex Color Coded Labels, Adjustable",Office Supplies,Labels
9288,"StarTech Receipt Printer, White",Technology,Machines
5673,"Avery Legal Exhibit Labels, Adjustable",Office Supplies,Labels
8128,"Enermax Router, Bluetooth",Technology,Accessories
7827,"Stiletto Shears, Steel",Office Supplies,Supplies
5920,"Avery Color Coded Labels, Adjustable",Office Supplies,Labels
8385,"Belkin Memory Card, USB",Technology,Accessories
7978,"Belkin Keyboard, Programmable",Technology,Accessories
7968,"Enermax Keyboard, USB",Technology,Accessories
4640,"Jiffy Manila Envelope, with clear poly window",Office Supplies,Envelopes
7525,"Fiskars Box Cutter, High Speed",Office Supplies,Supplies
5111,"Stockwell Push Pins, 12 Pack",Office Supplies,Fasteners
2888,"Binney & Smith Pens, Easy-Erase",Office Supplies,Art
627,"Harbour Creations Bag Chairs, Adjustable",Furniture,Chairs
3629,"Ibico Binding Machine, Durable",Office Supplies,Binders
8574,"Cisco Speaker Phone, Cordless",Technology,Phones
2732,Honeywell Enviracaire Portable Air Cleaner for up to 8 x 10 Room,Office Supplies,Appliances
5700,"Hon Removable Labels, Adjustable",Office Supplies,Labels
1022,"Chromcraft Wood Table, Adjustable Height",Furniture,Tables
8960,"Brother Fax Machine, Color",Technology,Copiers
8692,"Brother Personal Copier, High-Speed",Technology,Copiers
2578,"Breville Stove, Silver",Office Supplies,Appliances
9305,"Okidata Card Printer, Wireless",Technology,Machines
8730,"Hewlett Fax and Copier, Laser",Technology,Copiers
1143,"Deflect-O Door Stop, Durable",Furniture,Furnishings
6647,"SanDisk Message Books, Recycled",Office Supplies,Paper
9157,"Epson Inkjet, Wireless",Technology,Machines
5964,"Novimex File Folder Labels, Adjustable",Office Supplies,Labels
6497,"Xerox Computer Printout Paper, Recycled",Office Supplies,Paper
8858,"Hewlett Fax and Copier, Digital",Technology,Copiers
10216,"Samsung Signal Booster, with Caller ID",Technology,Phones
8481,"Apple Speaker Phone, Full Size",Technology,Phones
2315,"Advantus Staples, Assorted Sizes",Office Supplies,Fasteners
2752,"Cuisinart Refrigerator, Black",Office Supplies,Appliances
2845,"Boston Pencil Sharpener, Fluorescent",Office Supplies,Art
2294,"Acme Shears, Serrated",Office Supplies,Supplies
1094,"Eldon Stacking Tray, Black",Furniture,Furnishings
5198,"Fellowes Trays, Single Width",Office Supplies,Storage
2557,"Cuisinart Stove, Black",Office Supplies,Appliances
1219,"Rubbermaid Door Stop, Durable",Furniture,Furnishings
2265,"Accos Paper Clips, Bulk Pack",Office Supplies,Fasteners
1967,"Chromcraft Computer Table, Rectangular",Furniture,Tables
964,"Novimex Steel Folding Chair, Set of Two",Furniture,Chairs
661,"Novimex Executive Leather Armchair, Adjustable",Furniture,Chairs
10280,"StarTech Card Printer, Wireless",Technology,Machines
7761,"Elite Ruler, Serrated",Office Supplies,Supplies
631,"Novimex Steel Folding Chair, Set of Two",Furniture,Chairs
2428,"KitchenAid Coffee Grinder, White",Office Supplies,Appliances
3267,"Boston Markers, Fluorescent",Office Supplies,Art
1562,DAX Two-Tone Silver Metal Document Frame,Furniture,Furnishings
4721,"Enermax Message Books, Premium",Office Supplies,Paper
1115,"Deflect-O Frame, Duo Pack",Furniture,Furnishings
5293,"Hamilton Beach Stove, White",Office Supplies,Appliances
2184,"Bevis Wood Table, Adjustable Height",Furniture,Tables
1134,"Eldon Photo Frame, Duo Pack",Furniture,Furnishings
3873,"Ibico 3-Hole Punch, Recycled",Office Supplies,Binders
8589,"HP Wireless Fax, High-Speed",Technology,Copiers
10019,RCA ViSYS 25423RE1 Corded phone,Technology,Phones
7179,"Smead Folders, Wire Frame",Office Supplies,Storage
1183,"Tenex Door Stop, Erganomic",Furniture,Furnishings
1792,"Office Star Steel Folding Chair, Black",Furniture,Chairs
2202,"Office Impressions End Table, 20-1/2""H x 24""W x 20""D",Furniture,Tables
5427,"KitchenAid Coffee Grinder, White",Office Supplies,Appliances
732,"Novimex Chairmat, Red",Furniture,Chairs
6271,"Rediform Wirebound ""Phone Memo"" Message Book, 11 x 5-3/4",Office Supplies,Paper
4122,"Cameo Peel and Seal, Security-Tint",Office Supplies,Envelopes
736,"Hon Steel Folding Chair, Black",Furniture,Chairs
3229,Berol Giant Pencil Sharpener,Office Supplies,Art
5167,"Accos Staples, 12 Pack",Office Supplies,Fasteners
5750,"Smead Removable Labels, Laser Printer Compatible",Office Supplies,Labels
1921,"Barricks Wood Table, Adjustable Height",Furniture,Tables
6249,"Eaton Message Books, Multicolor",Office Supplies,Paper
10245,"SanDisk Flash Drive, Programmable",Technology,Accessories
2618,"Cuisinart Coffee Grinder, White",Office Supplies,Appliances
9886,Belkin Grip Candy Sheer Case / Cover for iPhone 5 and 5S,Technology,Phones
9192,Okidata MB760 Printer,Technology,Machines
7558,"Stiletto Box Cutter, Steel",Office Supplies,Supplies
9610,"Panasonic Receipt Printer, White",Technology,Machines
9274,"Epson Printer, Durable",Technology,Machines
9309,"Okidata Receipt Printer, Wireless",Technology,Machines
7944,"Enermax Flash Drive, Bluetooth",Technology,Accessories
486,"Safco 3-Shelf Cabinet, Traditional",Furniture,Bookcases
7351,"Stiletto Letter Opener, Steel",Office Supplies,Supplies
9187,"Okidata Phone, White",Technology,Machines
4226,"Elite Ruler, High Speed",Office Supplies,Supplies
6707,"SanDisk Note Cards, Multicolor",Office Supplies,Paper
8312,"SanDisk Router, Programmable",Technology,Accessories
2596,"Hamilton Beach Coffee Grinder, Black",Office Supplies,Appliances
3603,"Ibico Binding Machine, Recycled",Office Supplies,Binders
1760,"Novimex Executive Leather Armchair, Adjustable",Furniture,Chairs
6545,Hammermill Color Copier Paper (28Lb. and 96 Bright),Office Supplies,Paper
7342,"Stiletto Letter Opener, High Speed",Office Supplies,Supplies
4095,"Breville Microwave, Red",Office Supplies,Appliances
2377,Belkin 7 Outlet SurgeMaster Surge Protector with Phone Protection,Office Supplies,Appliances
3931,Ibico EB-19 Dual Function Manual Binding System,Office Supplies,Binders
1631,"Westinghouse Mesh Shade Clip-On Gooseneck Lamp, Black",Furniture,Furnishings
7287,"Eldon Lockers, Industrial",Office Supplies,Storage
9308,"Konica Phone, Durable",Technology,Machines
2780,"Hamilton Beach Blender, White",Office Supplies,Appliances
2273,"Accos Push Pins, 12 Pack",Office Supplies,Fasteners
8449,V7 USB Numeric Keypad,Technology,Accessories
3864,"Wilson Jones Binder Covers, Economy",Office Supplies,Binders
9939,"Nokia Smart Phone, with Caller ID",Technology,Phones
2386,"Hamilton Beach Coffee Grinder, Black",Office Supplies,Appliances
9014,"Epson Calculator, White",Technology,Machines
243,"Atlantic Metals Mobile 2-Shelf Bookcases, Custom Colors",Furniture,Bookcases
2399,"Cuisinart Toaster, Black",Office Supplies,Appliances
4689,"Cameo Manila Envelope, Security-Tint",Office Supplies,Envelopes
8936,"HP Ink, Laser",Technology,Copiers
6646,"Enermax Computer Printout Paper, Multicolor",Office Supplies,Paper
7986,"Belkin Flash Drive, USB",Technology,Accessories
2411,"Hamilton Beach Blender, Black",Office Supplies,Appliances
3336,Newell 33,Office Supplies,Art
3353,"Avery File Folder Labels, Laser Printer Compatible",Office Supplies,Labels
3950,Avery Durable Slant Ring Binders,Office Supplies,Binders
3700,"Acco Index Tab, Clear",Office Supplies,Binders
7421,"Stiletto Box Cutter, Easy Grip",Office Supplies,Supplies
1418,"Tenex Photo Frame, Erganomic",Furniture,Furnishings
9778,"Cisco Office Telephone, VoIP",Technology,Phones
6320,"SanDisk Computer Printout Paper, Recycled",Office Supplies,Paper
2076,"Hon Wood Table, Rectangular",Furniture,Tables
9942,"Apple Audio Dock, Full Size",Technology,Phones
4047,"Binney & Smith Canvas, Easy-Erase",Office Supplies,Art
9687,"Apple Audio Dock, with Caller ID",Technology,Phones
2988,"Sanford Canvas, Water Color",Office Supplies,Art
7219,"Fellowes Folders, Blue",Office Supplies,Storage
403,"Ikea Stackable Bookrack, Pine",Furniture,Bookcases
6286,"Ink Jet Note and Greeting Cards, 8-1/2"" x 5-1/2"" Card Size",Office Supplies,Paper
4300,"GlobeWeis Business Envelopes, Security-Tint",Office Supplies,Envelopes
1826,"Rubbermaid Stacking Tray, Durable",Furniture,Furnishings
8613,"Brother Ink, Color",Technology,Copiers
370,"Sauder Corner Shelving, Mobile",Furniture,Bookcases
1926,"Chromcraft Round Table, Fully Assembled",Furniture,Tables
5061,"Stockwell Rubber Bands, Bulk Pack",Office Supplies,Fasteners
5032,"Accos Paper Clips, Metal",Office Supplies,Fasteners
4297,"Jiffy Peel and Seal, with clear poly window",Office Supplies,Envelopes
333,"Dania Corner Shelving, Traditional",Furniture,Bookcases
1524,"Eldon Expressions Wood and Plastic Desk Accessories, Oak",Furniture,Furnishings
5903,"Hon Legal Exhibit Labels, Laser Printer Compatible",Office Supplies,Labels
8779,"Canon Copy Machine, Color",Technology,Copiers
5272,"Green Bar Cards & Envelopes, Premium",Office Supplies,Paper
9640,Clearsounds A400,Technology,Phones
4101,"Breville Blender, Black",Office Supplies,Appliances
4888,"OIC Push Pins, Metal",Office Supplies,Fasteners
5630,Avery 473,Office Supplies,Labels
7492,Staples,Office Supplies,Supplies
3338,Newell 342,Office Supplies,Art
425,"Dania Classic Bookcase, Pine",Furniture,Bookcases
1607,"Tenex Door Stop, Erganomic",Furniture,Furnishings
1796,"Office Star Bag Chairs, Red",Furniture,Chairs
3557,"Wilson Jones 3-Hole Punch, Durable",Office Supplies,Binders
8617,"HP Copy Machine, Laser",Technology,Copiers
8698,"Canon Ink, Digital",Technology,Copiers
6529,"Xerox Parchment Paper, Premium",Office Supplies,Paper
5989,"OIC Push Pins, Bulk Pack",Office Supplies,Fasteners
5357,"Hoover Refrigerator, Silver",Office Supplies,Appliances
1177,"Tenex Frame, Black",Furniture,Furnishings
5369,"Hoover Toaster, Red",Office Supplies,Appliances
6700,"SanDisk Memo Slips, 8.5 x 11",Office Supplies,Paper
1257,"Rubbermaid Light Bulb, Duo Pack",Furniture,Furnishings
1430,"Advantus Frame, Black",Furniture,Furnishings
7474,"Kleencut Shears, Steel",Office Supplies,Supplies
2050,"Barricks Wood Table, Rectangular",Furniture,Tables
2533,"Breville Refrigerator, Black",Office Supplies,Appliances
1975,"Barricks Training Table, Rectangular",Furniture,Tables
9733,"Nokia Smart Phone, Cordless",Technology,Phones
6574,Xerox 1939,Office Supplies,Paper
6972,Eldon Jumbo ProFile Portable File Boxes Graphite/Black,Office Supplies,Storage
5784,"Novimex Legal Exhibit Labels, Adjustable",Office Supplies,Labels
9082,"Konica Printer, Durable",Technology,Machines
1984,"Lesro Training Table, Adjustable Height",Furniture,Tables
7621,"Fiskars Letter Opener, Easy Grip",Office Supplies,Supplies
1402,"C-Line Magnetic Cubicle Keepers, Clear Polypropylene",Furniture,Furnishings
4492,Ampad #10 Peel & Seel Holiday Envelopes,Office Supplies,Envelopes
4429,#10 Self-Seal White Envelopes,Office Supplies,Envelopes
209,Bush Somerset Collection Bookcase,Furniture,Bookcases
9784,"Nokia Speaker Phone, Cordless",Technology,Phones
5284,"Hamilton Beach Toaster, Black",Office Supplies,Appliances
537,"SAFCO Chairmat, Red",Furniture,Chairs
2448,"Hoover Blender, Silver",Office Supplies,Appliances
4303,"Jiffy Clasp Envelope, Set of 50",Office Supplies,Envelopes
3500,Storex Flexible Poly Binders with Double Pockets,Office Supplies,Binders
8200,"Enermax Mouse, Bluetooth",Technology,Accessories
294,"Bush Stackable Bookrack, Pine",Furniture,Bookcases
4649,"Jiffy Manila Envelope, Recycled",Office Supplies,Envelopes
3158,"Stanley Markers, Easy-Erase",Office Supplies,Art
4999,"Accos Clamps, Bulk Pack",Office Supplies,Fasteners
8665,"HP Personal Copier, Digital",Technology,Copiers
4951,"Accos Push Pins, Assorted Sizes",Office Supplies,Fasteners
1030,"Dania Floating Shelf Set, Pine",Furniture,Bookcases
7012,"Smead Trays, Wire Frame",Office Supplies,Storage
10267,"Sharp Ink, Laser",Technology,Copiers
6123,"TOPS ""Important Message"" Pads, Canary, 4-1/4 x 5-1/2, 50 Sheets per Pad",Office Supplies,Paper
3897,"Acco 3-Hole Punch, Durable",Office Supplies,Binders
8372,"SanDisk Numeric Keypad, Bluetooth",Technology,Accessories
3875,"Acco Binding Machine, Clear",Office Supplies,Binders
7673,"Kleencut Scissors, Easy Grip",Office Supplies,Supplies
4841,"Stockwell Paper Clips, Assorted Sizes",Office Supplies,Fasteners
3966,GBC ProClick 150 Presentation Binding System,Office Supplies,Binders
6588,Xerox 1911,Office Supplies,Paper
2945,"Dixon Ticonderoga Erasable Colored Pencil Set, 12-Color",Office Supplies,Art
9197,"3D Systems Cube Printer, 2nd Generation, Magenta",Technology,Machines
1838,"Safco 3-Shelf Cabinet, Metal",Furniture,Bookcases
7358,"Stiletto Shears, Serrated",Office Supplies,Supplies
6342,"Green Bar Message Books, Multicolor",Office Supplies,Paper
348,"Bush Westfield Collection Bookcases, Fully Assembled",Furniture,Bookcases
1472,"Tenex Frame, Duo Pack",Furniture,Furnishings
1527,"Ultra Door Kickplate, 8""H x 34""W",Furniture,Furnishings
9180,"Okidata Phone, Durable",Technology,Machines
5112,"Accos Paper Clips, Assorted Sizes",Office Supplies,Fasteners
1120,"GE General Purpose, Extra Long Life, Showcase & Floodlight Incandescent Bulbs",Furniture,Furnishings
5088,"OIC Push Pins, 12 Pack",Office Supplies,Fasteners
9361,"StarTech Inkjet, Durable",Technology,Machines
6507,"Eaton Parchment Paper, 8.5 x 11",Office Supplies,Paper
2329,"Ames Mailers, Set of 50",Office Supplies,Envelopes
10263,"Sharp Fax and Copier, Laser",Technology,Copiers
7706,Premier Electric Letter Opener,Office Supplies,Supplies
7062,"Tenex Box, Wire Frame",Office Supplies,Storage
6303,"Xerox Memo Slips, 8.5 x 11",Office Supplies,Paper
5131,"Stockwell Thumb Tacks, Metal",Office Supplies,Fasteners
7055,"Rogers Shelving, Single Width",Office Supplies,Storage
6343,Embossed Ink Jet Note Cards,Office Supplies,Paper
6372,Southworth 25% Cotton Linen-Finish Paper & Envelopes,Office Supplies,Paper
6248,"Enermax Note Cards, Premium",Office Supplies,Paper
4105,"Breville Toaster, Silver",Office Supplies,Appliances
10205,"Samsung Smart Phone, VoIP",Technology,Phones
10003,"Cisco Speaker Phone, VoIP",Technology,Phones
4244,"Elite Box Cutter, Steel",Office Supplies,Supplies
1704,"Hon Wood Table, Rectangular",Furniture,Tables
7368,"Stockwell Push Pins, Metal",Office Supplies,Fasteners
5900,Avery 493,Office Supplies,Labels
9474,"Konica Printer, White",Technology,Machines
8874,"Brother Wireless Fax, Digital",Technology,Copiers
8890,"Sharp Ink, Digital",Technology,Copiers
6395,"Enermax Cards & Envelopes, Multicolor",Office Supplies,Paper
7840,"Fiskars Ruler, Easy Grip",Office Supplies,Supplies
7792,"Stiletto Scissors, Serrated",Office Supplies,Supplies
7683,"Acme Ruler, Serrated",Office Supplies,Supplies
5117,"Advantus Staples, Metal",Office Supplies,Fasteners
9486,"Panasonic Inkjet, Red",Technology,Machines
4252,"GlobeWeis Interoffice Envelope, Security-Tint",Office Supplies,Envelopes
6075,"Eaton Computer Printout Paper, Premium",Office Supplies,Paper
5444,"KitchenAid Stove, White",Office Supplies,Appliances
9720,"Motorola Speaker Phone, VoIP",Technology,Phones
6968,Super Decoflex Portable Personal File,Office Supplies,Storage
3253,"Stanley Canvas, Fluorescent",Office Supplies,Art
6332,"Eaton Parchment Paper, Multicolor",Office Supplies,Paper
2740,"Breville Blender, Silver",Office Supplies,Appliances
7659,"Fiskars Ruler, Easy Grip",Office Supplies,Supplies
4970,"Accos Staples, Metal",Office Supplies,Fasteners
5592,Avery 502,Office Supplies,Labels
6440,"Xerox Message Books, Recycled",Office Supplies,Paper
1447,"Rubbermaid Stacking Tray, Durable",Furniture,Furnishings
1736,"Ikea Floating Shelf Set, Traditional",Furniture,Bookcases
9398,Cisco 8961 IP Phone Charcoal,Technology,Machines
5495,Avery 496,Office Supplies,Labels
2102,Global Adaptabilities Conference Tables,Furniture,Tables
2134,"Hon Training Table, Fully Assembled",Furniture,Tables
7776,"Kleencut Shears, Serrated",Office Supplies,Supplies
2498,"Hamilton Beach Toaster, Silver",Office Supplies,Appliances
6149,"Snap-A-Way Black Print Carbonless Speed Message, No Reply Area, Duplicate",Office Supplies,Paper
7580,"Acme Ruler, Easy Grip",Office Supplies,Supplies
4315,"Ames Interoffice Envelope, Set of 50",Office Supplies,Envelopes
6961,"Smead Folders, Industrial",Office Supplies,Storage
9320,"Epson Receipt Printer, Wireless",Technology,Machines
4866,"Accos Thumb Tacks, Metal",Office Supplies,Fasteners
3770,"Acco Index Tab, Economy",Office Supplies,Binders
214,"Safco Library with Doors, Traditional",Furniture,Bookcases
803,"SAFCO Rocking Chair, Set of Two",Furniture,Chairs
3867,"Ibico Binder Covers, Economy",Office Supplies,Binders
2078,"Lesro Training Table, Adjustable Height",Furniture,Tables
5455,"Kleencut Trimmer, Steel",Office Supplies,Supplies
3640,"Wilson Jones 3-Hole Punch, Clear",Office Supplies,Binders
10197,"Apple Office Telephone, Full Size",Technology,Phones
5479,"Kraft Clasp Envelope, Security-Tint",Office Supplies,Envelopes
444,"Ikea Corner Shelving, Metal",Furniture,Bookcases
10247,"Sharp Fax Machine, Laser",Technology,Copiers
7730,"Acme Shears, High Speed",Office Supplies,Supplies
8019,Sony Micro Vault Click 8 GB USB 2.0 Flash Drive,Technology,Accessories
5025,"Stockwell Clamps, Assorted Sizes",Office Supplies,Fasteners
2385,Euro Pro Shark Stick Mini Vacuum,Office Supplies,Appliances
6175,"TOPS Money Receipt Book, Consecutively Numbered in Red,",Office Supplies,Paper
2847,Sanford Pocket Accent Highlighters,Office Supplies,Art
6534,"Green Bar Computer Printout Paper, Multicolor",Office Supplies,Paper
4362,Grip Seal Envelopes,Office Supplies,Envelopes
6941,"Eldon Box, Blue",Office Supplies,Storage
8025,"SanDisk Router, Erganomic",Technology,Accessories
8406,Memorex Mini Travel Drive 32 GB USB 2.0 Flash Drive,Technology,Accessories
5068,"Stockwell Thumb Tacks, Assorted Sizes",Office Supplies,Fasteners
4336,"Manila Recycled Extra-Heavyweight Clasp Envelopes, 6"" x 9""",Office Supplies,Envelopes
1621,"Rubbermaid Frame, Black",Furniture,Furnishings
4703,"GlobeWeis Manila Envelope, Recycled",Office Supplies,Envelopes
8996,"Enermax Numeric Keypad, Bluetooth",Technology,Accessories
2426,"KitchenAid Coffee Grinder, Silver",Office Supplies,Appliances
3209,"Sanford Pencil Sharpener, Fluorescent",Office Supplies,Art
2341,"Ames Clasp Envelope, Security-Tint",Office Supplies,Envelopes
10125,"Cisco Headset, with Caller ID",Technology,Phones
2059,"Lesro Training Table, Rectangular",Furniture,Tables
8639,"Canon Ink, High-Speed",Technology,Copiers
7743,"Kleencut Shears, Easy Grip",Office Supplies,Supplies
3895,"Wilson Jones 3-Hole Punch, Economy",Office Supplies,Binders
1904,"Lesro Coffee Table, Rectangular",Furniture,Tables
6107,"TOPS Voice Message Log Book, Flash Format",Office Supplies,Paper
1547,"Deflect-O Stacking Tray, Erganomic",Furniture,Furnishings
7977,"Enermax Keyboard, Bluetooth",Technology,Accessories
3419,"Acco Recycled 2"" Capacity Laser Printer Hanging Data Binders",Office Supplies,Binders
785,"SAFCO Chairmat, Black",Furniture,Chairs
10170,"Apple Headset, Full Size",Technology,Phones
4903,"OIC Staples, Bulk Pack",Office Supplies,Fasteners
2459,"Hoover Refrigerator, Silver",Office Supplies,Appliances
9132,Panasonic KX MB2061 Multifunction Printer,Technology,Machines
8595,"Hewlett Personal Copier, Laser",Technology,Copiers
6090,Staples,Office Supplies,Paper
2815,"Sanford Highlighters, Blue",Office Supplies,Art
9832,Nortel Business Series Terminal T7208 Digital phone,Technology,Phones
2794,"Stanley Canvas, Water Color",Office Supplies,Art
8970,Canon imageCLASS 2200 Advanced Copier,Technology,Copiers
8951,"Sharp Fax Machine, Digital",Technology,Copiers
145,"Dania 3-Shelf Cabinet, Mobile",Furniture,Bookcases
6043,"SanDisk Cards & Envelopes, Premium",Office Supplies,Paper
2430,"Breville Toaster, Black",Office Supplies,Appliances
2946,"Boston Pencil Sharpener, Fluorescent",Office Supplies,Art
9650,"Motorola Office Telephone, with Caller ID",Technology,Phones
8718,"Canon Ink, High-Speed",Technology,Copiers
2368,"Cuisinart Blender, White",Office Supplies,Appliances
1489,"Eldon Clock, Erganomic",Furniture,Furnishings
9897,"Motorola Office Telephone, with Caller ID",Technology,Phones
3296,"BIC Pens, Easy-Erase",Office Supplies,Art
6208,"Xerox Parchment Paper, Recycled",Office Supplies,Paper
4890,"Stockwell Thumb Tacks, Metal",Office Supplies,Fasteners
3050,"Binney & Smith Markers, Blue",Office Supplies,Art
5568,"Novimex Removable Labels, Adjustable",Office Supplies,Labels
2808,"Binney & Smith Markers, Blue",Office Supplies,Art
4889,"Stockwell Thumb Tacks, Bulk Pack",Office Supplies,Fasteners
3304,"Stanley Pencil Sharpener, Easy-Erase",Office Supplies,Art
3465,"Acco Binding Machine, Durable",Office Supplies,Binders
3027,BIC Liqua Brite Liner,Office Supplies,Art
1202,Eldon Expressions Mahogany Wood Desk Collection,Furniture,Furnishings
2738,"KitchenAid Refrigerator, Silver",Office Supplies,Appliances
9601,"Panasonic Inkjet, Red",Technology,Machines
7983,Logitech G13 Programmable Gameboard with LCD Display,Technology,Accessories
10011,"Motorola Office Telephone, with Caller ID",Technology,Phones
7774,"Stiletto Shears, High Speed",Office Supplies,Supplies
7460,"Fiskars Scissors, Steel",Office Supplies,Supplies
2325,"Ames Interoffice Envelope, with clear poly window",Office Supplies,Envelopes
4973,"OIC Clamps, Bulk Pack",Office Supplies,Fasteners
6633,"Telephone Message Books with Fax/Mobile Section, 5 1/2"" x 3 3/16""",Office Supplies,Paper
2805,"Boston Pens, Fluorescent",Office Supplies,Art
4373,"Ames Clasp Envelope, with clear poly window",Office Supplies,Envelopes
9170,"StarTech Card Printer, Wireless",Technology,Machines
8857,"Hewlett Wireless Fax, Digital",Technology,Copiers
2755,"Hamilton Beach Toaster, White",Office Supplies,Appliances
1747,"Lesro Training Table, with Bottom Storage",Furniture,Tables
1345,"Rubbermaid Stacking Tray, Black",Furniture,Furnishings
7665,"Fiskars Trimmer, High Speed",Office Supplies,Supplies
3772,"Cardinal 3-Hole Punch, Clear",Office Supplies,Binders
9636,"Apple Signal Booster, Cordless",Technology,Phones
1304,"Rubbermaid Stacking Tray, Black",Furniture,Furnishings
7458,"Elite Box Cutter, Serrated",Office Supplies,Supplies
7662,"Kleencut Ruler, Serrated",Office Supplies,Supplies
5642,"Harbour Creations File Folder Labels, Alphabetical",Office Supplies,Labels
10042,"Motorola Smart Phone, Full Size",Technology,Phones
5520,"Novimex Color Coded Labels, Adjustable",Office Supplies,Labels
2190,"Chromcraft Conference Table, Rectangular",Furniture,Tables
558,"Novimex Executive Leather Armchair, Red",Furniture,Chairs
396,"Bush Corner Shelving, Pine",Furniture,Bookcases
5972,"Novimex Color Coded Labels, Alphabetical",Office Supplies,Labels
5952,"Novimex Color Coded Labels, Laser Printer Compatible",Office Supplies,Labels
289,"Safco Corner Shelving, Traditional",Furniture,Bookcases
1274,"Executive Impressions 16-1/2"" Circular Wall Clock",Furniture,Furnishings
3105,"Sanford Canvas, Blue",Office Supplies,Art
4317,"Ames Peel and Seal, Recycled",Office Supplies,Envelopes
5729,"Novimex File Folder Labels, 5000 Label Set",Office Supplies,Labels
2726,"Breville Refrigerator, Black",Office Supplies,Appliances
2674,"Hamilton Beach Microwave, Silver",Office Supplies,Appliances
2633,"Breville Stove, White",Office Supplies,Appliances
1849,"SAFCO Rocking Chair, Black",Furniture,Chairs
1809,"Rubbermaid Clock, Durable",Furniture,Furnishings
7552,"Kleencut Letter Opener, High Speed",Office Supplies,Supplies
3733,"Ibico Hole Reinforcements, Clear",Office Supplies,Binders
1072,"Deflect-O Clock, Duo Pack",Furniture,Furnishings
8680,"HP Wireless Fax, Digital",Technology,Copiers
8409,"Enermax Memory Card, Programmable",Technology,Accessories
6571,"Xerox Note Cards, Multicolor",Office Supplies,Paper
8156,"Enermax Memory Card, Erganomic",Technology,Accessories
4778,"Accos Paper Clips, Assorted Sizes",Office Supplies,Fasteners
1106,"Advantus Light Bulb, Erganomic",Furniture,Furnishings
4552,"Cameo Peel and Seal, Recycled",Office Supplies,Envelopes
10208,"Samsung Headset, Cordless",Technology,Phones
7376,"Stockwell Push Pins, Metal",Office Supplies,Fasteners
9379,Panasonic KX MC6040 Color Laser Multifunction Printer,Technology,Machines
66,"Dania Stackable Bookrack, Pine",Furniture,Bookcases
1414,"Deflect-O Clock, Erganomic",Furniture,Furnishings
5351,"Hon Shipping Labels, Alphabetical",Office Supplies,Labels
609,"Hon Executive Leather Armchair, Red",Furniture,Chairs
2895,"Binney & Smith Markers, Water Color",Office Supplies,Art
9761,"Apple Smart Phone, Full Size",Technology,Phones
9139,"Okidata Inkjet, White",Technology,Machines
1789,"Office Star Executive Leather Armchair, Black",Furniture,Chairs
907,"Harbour Creations Swivel Stool, Set of Two",Furniture,Chairs
8150,"Belkin Keyboard, Erganomic",Technology,Accessories
4549,"Jiffy Peel and Seal, Recycled",Office Supplies,Envelopes
6035,Xerox Blank Computer Paper,Office Supplies,Paper
10223,"SanDisk Mouse, Erganomic",Technology,Accessories
7685,"Elite Scissors, Easy Grip",Office Supplies,Supplies
6780,"Smead Removable Labels, Adjustable",Office Supplies,Labels
6215,Xerox 230,Office Supplies,Paper
2181,"Bevis Training Table, Adjustable Height",Furniture,Tables
9221,"Epson Printer, Durable",Technology,Machines
1663,"Eldon Stacking Tray, Erganomic",Furniture,Furnishings
15,"Advantus Door Stop, Duo Pack",Furniture,Furnishings
871,"Novimex Executive Leather Armchair, Adjustable",Furniture,Chairs
9278,Cisco CP-7937G Unified IP Conference Station Phone,Technology,Machines
2004,"Bush Cubix Conference Tables, Fully Assembled",Furniture,Tables
10239,"SanDisk Memory Card, Bluetooth",Technology,Accessories
1038,"Dania Stackable Bookrack, Traditional",Furniture,Bookcases
5425,"KitchenAid Blender, Black",Office Supplies,Appliances
6167,"Xerox Message Books, Recycled",Office Supplies,Paper
10056,"Motorola Smart Phone, with Caller ID",Technology,Phones
1979,"Lesro Conference Table, Fully Assembled",Furniture,Tables
10193,"Nokia Signal Booster, with Caller ID",Technology,Phones
4447,"Ames Mailers, Security-Tint",Office Supplies,Envelopes
3833,"Avery Binding Machine, Economy",Office Supplies,Binders
10274,"StarTech Phone, Wireless",Technology,Machines
5824,"Smead Legal Exhibit Labels, Alphabetical",Office Supplies,Labels
3403,"Ibico Hole Reinforcements, Durable",Office Supplies,Binders
7412,"Stockwell Push Pins, Assorted Sizes",Office Supplies,Fasteners
9367,"Konica Card Printer, Wireless",Technology,Machines
9356,"Panasonic Inkjet, Wireless",Technology,Machines
4482,"Ames Interoffice Envelope, Recycled",Office Supplies,Envelopes
5610,"Harbour Creations Color Coded Labels, 5000 Label Set",Office Supplies,Labels
9338,"Canon Color ImageCLASS MF8580Cdw Wireless Laser All-In-One Printer, Copier, Scanner",Technology,Machines
2431,"Hamilton Beach Refrigerator, Black",Office Supplies,Appliances
2424,"Hoover Microwave, White",Office Supplies,Appliances
2204,"Bevis Wood Table, Fully Assembled",Furniture,Tables
2711,"Breville Microwave, Silver",Office Supplies,Appliances
10213,"Samsung Headset, VoIP",Technology,Phones
4319,"Ames Interoffice Envelope, Security-Tint",Office Supplies,Envelopes
6040,"IBM Multi-Purpose Copy Paper, 8 1/2 x 11"", Case",Office Supplies,Paper
7738,"Fiskars Scissors, High Speed",Office Supplies,Supplies
1373,"Tenex Photo Frame, Duo Pack",Furniture,Furnishings
1439,"Eldon Door Stop, Duo Pack",Furniture,Furnishings
7726,"Fiskars Trimmer, Steel",Office Supplies,Supplies
4634,"Ames Interoffice Envelope, Recycled",Office Supplies,Envelopes
6039,Xerox 1975,Office Supplies,Paper
5239,"GlobeWeis Interoffice Envelope, with clear poly window",Office Supplies,Envelopes
6003,"OIC Thumb Tacks, Bulk Pack",Office Supplies,Fasteners
9243,"Konica Receipt Printer, Wireless",Technology,Machines
7994,"Enermax Router, Programmable",Technology,Accessories
9326,"StarTech Printer, Red",Technology,Machines
1764,"Novimex Rocking Chair, Adjustable",Furniture,Chairs
46,"Bevis Computer Table, Fully Assembled",Furniture,Tables
8093,"Belkin Mouse, Erganomic",Technology,Accessories
8416,"Logitech Memory Card, Bluetooth",Technology,Accessories
801,"Office Star Chairmat, Adjustable",Furniture,Chairs
5680,"Harbour Creations Color Coded Labels, Adjustable",Office Supplies,Labels
13,"Advantus Light Bulb, Erganomic",Furniture,Furnishings
9530,"Memorex Memory Card, Programmable",Technology,Accessories
1856,"SAFCO Chairmat, Red",Furniture,Chairs
3969,"Avery Binding Machine, Durable",Office Supplies,Binders
4906,"Accos Paper Clips, Metal",Office Supplies,Fasteners
8530,"Brother Wireless Fax, Color",Technology,Copiers
8095,"Enermax Flash Drive, USB",Technology,Accessories
1717,"Hon Coffee Table, Adjustable Height",Furniture,Tables
8046,"Belkin Numeric Keypad, Erganomic",Technology,Accessories
10249,"Sharp Personal Copier, Digital",Technology,Copiers
9392,Penpower WorldCard Pro Card Scanner,Technology,Machines
9667,"Motorola Speaker Phone, with Caller ID",Technology,Phones
9929,"Apple Smart Phone, Cordless",Technology,Phones
2198,"Bevis Training Table, Rectangular",Furniture,Tables
8796,"Brother Fax and Copier, Color",Technology,Copiers
6655,"SanDisk Message Books, Recycled",Office Supplies,Paper
3101,"BIC Highlighters, Blue",Office Supplies,Art
5623,"Avery Removable Labels, Alphabetical",Office Supplies,Labels
5919,"Harbour Creations File Folder Labels, Laser Printer Compatible",Office Supplies,Labels
1995,"Chromcraft Conference Table, with Bottom Storage",Furniture,Tables
8933,"Sharp Fax and Copier, Digital",Technology,Copiers
10033,"Nokia Audio Dock, Full Size",Technology,Phones
8927,"HP Personal Copier, Color",Technology,Copiers
10237,"SanDisk Numeric Keypad, Erganomic",Technology,Accessories
4627,"GlobeWeis Business Envelopes, Recycled",Office Supplies,Envelopes
10079,"Nokia Audio Dock, Full Size",Technology,Phones
2092,"Lesro Round Table, Rectangular",Furniture,Tables
2447,Sanyo 2.5 Cubic Foot Mid-Size Office Refrigerators,Office Supplies,Appliances
9455,"Panasonic Phone, Red",Technology,Machines
7869,"Tenex Trays, Wire Frame",Office Supplies,Storage
830,"Harbour Creations Bag Chairs, Black",Furniture,Chairs
6246,"Wirebound Message Books, 2 7/8"" x 5"", 3 Forms per Page",Office Supplies,Paper
1397,"Deflect-O Light Bulb, Durable",Furniture,Furnishings
1678,"Harbour Creations Executive Leather Armchair, Adjustable",Furniture,Chairs
8828,"Hewlett Ink, Color",Technology,Copiers
5753,"Novimex File Folder Labels, Adjustable",Office Supplies,Labels
5800,"Smead Round Labels, Adjustable",Office Supplies,Labels
9998,"Samsung Signal Booster, with Caller ID",Technology,Phones
1978,"Chromcraft Coffee Table, Fully Assembled",Furniture,Tables
2535,"Cuisinart Microwave, Black",Office Supplies,Appliances
332,"Sauder Floating Shelf Set, Mobile",Furniture,Bookcases
8166,"Belkin Numeric Keypad, USB",Technology,Accessories
65,"Sauder Floating Shelf Set, Mobile",Furniture,Bookcases
276,"Safco Stackable Bookrack, Traditional",Furniture,Bookcases
1254,"Rubbermaid Clock, Duo Pack",Furniture,Furnishings
6475,"Enermax Computer Printout Paper, Multicolor",Office Supplies,Paper
9373,"Panasonic Receipt Printer, Durable",Technology,Machines
5934,"Hon Color Coded Labels, Alphabetical",Office Supplies,Labels
4620,"GlobeWeis Clasp Envelope, Recycled",Office Supplies,Envelopes
7155,"Smead Box, Single Width",Office Supplies,Storage
5106,Translucent Push Pins by OIC,Office Supplies,Fasteners
5723,"Smead Legal Exhibit Labels, Alphabetical",Office Supplies,Labels
1539,"Advantus Frame, Erganomic",Furniture,Furnishings
2573,"KitchenAid Toaster, Black",Office Supplies,Appliances
7755,"Elite Trimmer, Easy Grip",Office Supplies,Supplies
2161,"Hon Wood Table, Fully Assembled",Furniture,Tables
2402,"Cuisinart Stove, Black",Office Supplies,Appliances
2135,"Bevis Computer Table, Fully Assembled",Furniture,Tables
2607,"Cuisinart Microwave, Black",Office Supplies,Appliances
477,"Dania 3-Shelf Cabinet, Pine",Furniture,Bookcases
1361,"Deflect-O Frame, Duo Pack",Furniture,Furnishings
1217,"Eldon Door Stop, Erganomic",Furniture,Furnishings
1544,Eldon Executive Woodline II Cherry Finish Desk Accessories,Furniture,Furnishings
4826,"OIC Thumb Tacks, 12 Pack",Office Supplies,Fasteners
4368,"GlobeWeis Interoffice Envelope, Security-Tint",Office Supplies,Envelopes
4518,"Jiffy Clasp Envelope, Recycled",Office Supplies,Envelopes
290,"Safco Floating Shelf Set, Traditional",Furniture,Bookcases
9619,"Panasonic Printer, Wireless",Technology,Machines
703,"Hon Chairmat, Adjustable",Furniture,Chairs
4761,"OIC Clamps, Assorted Sizes",Office Supplies,Fasteners
8260,Memorex Mini Travel Drive 4 GB USB 2.0 Flash Drive,Technology,Accessories
1550,"DAX Executive Solid Wood Document Frame, Desktop or Hang, Mahogany, 5 x 7",Furniture,Furnishings
5404,"Jiffy Manila Envelope, Set of 50",Office Supplies,Envelopes
6244,"Xerox Cards & Envelopes, 8.5 x 11",Office Supplies,Paper
1915,"Barricks Training Table, Rectangular",Furniture,Tables
5051,"OIC Thumb Tacks, Assorted Sizes",Office Supplies,Fasteners
2097,"Bevis Round Table, Adjustable Height",Furniture,Tables
2118,"Lesro Computer Table, with Bottom Storage",Furniture,Tables
9333,"Panasonic Inkjet, Red",Technology,Machines
954,"SAFCO Bag Chairs, Black",Furniture,Chairs
1719,"Hon Chairmat, Black",Furniture,Chairs
228,"Ikea Corner Shelving, Metal",Furniture,Bookcases
7715,"Kleencut Scissors, High Speed",Office Supplies,Supplies
2929,"Stanley Pens, Blue",Office Supplies,Art
621,"Hon Chairmat, Set of Two",Furniture,Chairs
8825,"Sharp Fax and Copier, Color",Technology,Copiers
9999,"Samsung Signal Booster, Full Size",Technology,Phones
1078,"Eldon Stacking Tray, Duo Pack",Furniture,Furnishings
8367,"SanDisk Mouse, USB",Technology,Accessories
3257,Avery Hi-Liter Pen Style Six-Color Fluorescent Set,Office Supplies,Art
2439,Avanti 1.7 Cu. Ft. Refrigerator,Office Supplies,Appliances
6601,"Xerox Memo Slips, Multicolor",Office Supplies,Paper
1688,"Hon Swivel Stool, Red",Furniture,Chairs
7353,"Stiletto Shears, Steel",Office Supplies,Supplies
7905,"Xerox Memo Slips, Premium",Office Supplies,Paper
102,"Dania Corner Shelving, Metal",Furniture,Bookcases
2516,"Cuisinart Blender, Black",Office Supplies,Appliances
9948,Jabra SPEAK 410 Multidevice Speakerphone,Technology,Phones
9327,"Okidata Receipt Printer, White",Technology,Machines
7146,"Rogers Lockers, Wire Frame",Office Supplies,Storage
7454,"Fiskars Trimmer, Steel",Office Supplies,Supplies
9099,"Konica Card Printer, White",Technology,Machines
3247,"Binney & Smith Pens, Blue",Office Supplies,Art
503,"Bush Floating Shelf Set, Mobile",Furniture,Bookcases
1665,"Harbour Creations Swivel Stool, Red",Furniture,Chairs
9188,"Brother MFC-9340CDW LED All-In-One Printer, Copier Scanner",Technology,Machines
9921,"Motorola Signal Booster, with Caller ID",Technology,Phones
9735,"Nokia Office Telephone, VoIP",Technology,Phones
1712,"Hon Wood Table, Fully Assembled",Furniture,Tables
8826,"Canon Ink, Color",Technology,Copiers
9220,"Konica Card Printer, Red",Technology,Machines
752,"Hon Bag Chairs, Red",Furniture,Chairs
4312,"GlobeWeis Clasp Envelope, with clear poly window",Office Supplies,Envelopes
10264,"Sharp Fax and Copier, Color",Technology,Copiers
10017,"Nokia Speaker Phone, VoIP",Technology,Phones
1008,"Office Star Executive Leather Armchair, Red",Furniture,Chairs
10004,Blue Parrot B250XT Professional Grade Wireless Bluetooth Headset with,Technology,Phones
7481,"Fiskars Letter Opener, Steel",Office Supplies,Supplies
8339,"Memorex Mouse, Programmable",Technology,Accessories
4926,"Accos Paper Clips, Bulk Pack",Office Supplies,Fasteners
2509,"Cuisinart Stove, Black",Office Supplies,Appliances
9300,"StarTech Printer, White",Technology,Machines
7493,Fiskars Home & Office Scissors,Office Supplies,Supplies
8115,"Logitech Mouse, Programmable",Technology,Accessories
6203,HP Office Paper (20Lb. and 87 Bright),Office Supplies,Paper
9465,"StarTech Printer, Wireless",Technology,Machines
8417,First Data TMFD35 PIN Pad,Technology,Accessories
1577,"Eldon 300 Class Desk Accessories, Black",Furniture,Furnishings
2282,"Acme Box Cutter, Serrated",Office Supplies,Supplies
9002,"Enermax Keyboard, Bluetooth",Technology,Accessories
8328,"Memorex Memory Card, Erganomic",Technology,Accessories
9834,iHome FM Clock Radio with Lightning Dock,Technology,Phones
7388,"Stockwell Rubber Bands, 12 Pack",Office Supplies,Fasteners
2042,"Barricks Training Table, Fully Assembled",Furniture,Tables
8867,"Sharp Personal Copier, Digital",Technology,Copiers
8096,"SanDisk Keyboard, USB",Technology,Accessories
2906,Boston 16765 Mini Stand Up Battery Pencil Sharpener,Office Supplies,Art
2216,"Tenex Clock, Duo Pack",Furniture,Furnishings
4867,"Stockwell Rubber Bands, Assorted Sizes",Office Supplies,Fasteners
148,"Sauder Classic Bookcase, Pine",Furniture,Bookcases
1521,"Deflect-O Light Bulb, Black",Furniture,Furnishings
2188,"Barricks Training Table, Adjustable Height",Furniture,Tables
9388,"StarTech Phone, Wireless",Technology,Machines
2194,"Hon Conference Table, Rectangular",Furniture,Tables
8961,"Sharp Personal Copier, Digital",Technology,Copiers
533,"Hon Swivel Stool, Red",Furniture,Chairs
2405,"KitchenAid Coffee Grinder, Silver",Office Supplies,Appliances
3791,"Ibico Binding Machine, Economy",Office Supplies,Binders
10240,"SanDisk Keyboard, USB",Technology,Accessories
4086,"Breville Coffee Grinder, Red",Office Supplies,Appliances
1530,"Tenex Chairmat w/ Average Lip, 45"" x 53""",Furniture,Furnishings
8124,"SanDisk Flash Drive, Bluetooth",Technology,Accessories
5247,"GlobeWeis Interoffice Envelope, Set of 50",Office Supplies,Envelopes
10281,"StarTech Receipt Printer, Durable",Technology,Machines
1062,"Deflect-O Door Stop, Erganomic",Furniture,Furnishings
4102,"Breville Coffee Grinder, White",Office Supplies,Appliances
5842,Avery 498,Office Supplies,Labels
1970,"Lesro Coffee Table, with Bottom Storage",Furniture,Tables
6063,"Xerox Cards & Envelopes, 8.5 x 11",Office Supplies,Paper
6393,"Eaton Message Books, Multicolor",Office Supplies,Paper
9009,"Epson Receipt Printer, Red",Technology,Machines
8492,"Belkin Router, Programmable",Technology,Accessories
6085,"Enermax Note Cards, Multicolor",Office Supplies,Paper
1997,"Barricks Non-Folding Utility Table with Steel Legs, Laminate Tops",Furniture,Tables
870,"SAFCO Chairmat, Set of Two",Furniture,Chairs
4292,"Ames Business Envelopes, Recycled",Office Supplies,Envelopes
1737,"Ikea Floating Shelf Set, Pine",Furniture,Bookcases
4637,"Jiffy Manila Envelope, Security-Tint",Office Supplies,Envelopes
8440,Sony Micro Vault Click 4 GB USB 2.0 Flash Drive,Technology,Accessories
611,"Novimex Swivel Stool, Set of Two",Furniture,Chairs
2662,"KitchenAid Coffee Grinder, Black",Office Supplies,Appliances
4655,"Cameo Manila Envelope, Recycled",Office Supplies,Envelopes
3482,"Wilson Jones Binding Machine, Durable",Office Supplies,Binders
7614,"Acme Ruler, Serrated",Office Supplies,Supplies
5690,Avery 478,Office Supplies,Labels
8238,"Belkin Mouse, Programmable",Technology,Accessories
2622,"Hamilton Beach Refrigerator, Silver",Office Supplies,Appliances
8971,"Sharp Wireless Fax, Digital",Technology,Copiers
2997,"Stanley Highlighters, Water Color",Office Supplies,Art
4371,"Ames Clasp Envelope, with clear poly window",Office Supplies,Envelopes
9414,"Panasonic Card Printer, Wireless",Technology,Machines
5985,"OIC Thumb Tacks, Metal",Office Supplies,Fasteners
5350,"Hon File Folder Labels, Laser Printer Compatible",Office Supplies,Labels
5295,"Hamilton Beach Coffee Grinder, Red",Office Supplies,Appliances
7478,"Kleencut Box Cutter, Serrated",Office Supplies,Supplies
6154,"Eaton Computer Printout Paper, Premium",Office Supplies,Paper
8100,"Memorex Keyboard, USB",Technology,Accessories
2706,"Hoover Blender, Silver",Office Supplies,Appliances
6013,"Green Bar Note Cards, Multicolor",Office Supplies,Paper
795,"SAFCO Chairmat, Red",Furniture,Chairs
8495,"Belkin Flash Drive, Bluetooth",Technology,Accessories
928,"Office Star Chairmat, Black",Furniture,Chairs
4467,"GlobeWeis Interoffice Envelope, Set of 50",Office Supplies,Envelopes
9964,"Nokia Smart Phone, Full Size",Technology,Phones
2034,"Bevis Wood Table, Fully Assembled",Furniture,Tables
4893,"Stockwell Clamps, Assorted Sizes",Office Supplies,Fasteners
2114,"Bevis Wood Table, Fully Assembled",Furniture,Tables
9580,"Okidata Phone, White",Technology,Machines
6388,"Eaton Parchment Paper, Recycled",Office Supplies,Paper
5845,"Smead File Folder Labels, Adjustable",Office Supplies,Labels
5306,"Harbour Creations Round Labels, Laser Printer Compatible",Office Supplies,Labels
4715,"Enermax Note Cards, Multicolor",Office Supplies,Paper
3087,"Stanley Markers, Easy-Erase",Office Supplies,Art
2378,"KitchenAid Refrigerator, White",Office Supplies,Appliances
2483,"KitchenAid Refrigerator, White",Office Supplies,Appliances
9276,"Panasonic Receipt Printer, Durable",Technology,Machines
4539,"Cameo Clasp Envelope, Set of 50",Office Supplies,Envelopes
8233,"Belkin Memory Card, Erganomic",Technology,Accessories
4908,"Accos Rubber Bands, Metal",Office Supplies,Fasteners
873,"Harbour Creations Chairmat, Adjustable",Furniture,Chairs
5884,"Harbour Creations Legal Exhibit Labels, Laser Printer Compatible",Office Supplies,Labels
6086,Array Memo Cubes,Office Supplies,Paper
5184,"OIC Clamps, Metal",Office Supplies,Fasteners
4736,"Enermax Parchment Paper, 8.5 x 11",Office Supplies,Paper
5894,"Harbour Creations Legal Exhibit Labels, Alphabetical",Office Supplies,Labels
6654,"Rediform S.O.S. 1-Up Phone Message Bk, 4-1/4x3-1/16 Bk, 1 Form/Pg, 40 Messages/Bk, 3/Pk",Office Supplies,Paper
136,"Bush Floating Shelf Set, Metal",Furniture,Bookcases
5287,"Hamilton Beach Microwave, White",Office Supplies,Appliances
10053,"Samsung Signal Booster, VoIP",Technology,Phones
6758,"Smead File Folder Labels, 5000 Label Set",Office Supplies,Labels
10256,"Sharp Ink, High-Speed",Technology,Copiers
1382,"Tenex Clock, Duo Pack",Furniture,Furnishings
5787,"Harbour Creations File Folder Labels, Adjustable",Office Supplies,Labels
113,"Sauder Stackable Bookrack, Pine",Furniture,Bookcases
9413,"Panasonic Printer, Red",Technology,Machines
9021,"Epson Printer, Red",Technology,Machines
8926,"Sharp Wireless Fax, Digital",Technology,Copiers
6392,"Eaton Computer Printout Paper, Recycled",Office Supplies,Paper
5547,"Smead Color Coded Labels, Laser Printer Compatible",Office Supplies,Labels
2381,"Hoover Toaster, Silver",Office Supplies,Appliances
4120,"Cameo Mailers, Set of 50",Office Supplies,Envelopes
1238,"Advantus Clock, Durable",Furniture,Furnishings
7495,"Fiskars Box Cutter, Serrated",Office Supplies,Supplies
939,"Office Star Bag Chairs, Red",Furniture,Chairs
5650,"Harbour Creations Removable Labels, Adjustable",Office Supplies,Labels
5443,"KitchenAid Toaster, Silver",Office Supplies,Appliances
8555,"Canon Wireless Fax, Color",Technology,Copiers
5074,"Advantus Push Pins, 12 Pack",Office Supplies,Fasteners
589,"Office Star Executive Leather Armchair, Adjustable",Furniture,Chairs
8518,"Brother Wireless Fax, Digital",Technology,Copiers
8114,"Memorex Mouse, Programmable",Technology,Accessories
7843,"Acme Letter Opener, High Speed",Office Supplies,Supplies
5254,"GlobeWeis Business Envelopes, Security-Tint",Office Supplies,Envelopes
4811,"Advantus Thumb Tacks, 12 Pack",Office Supplies,Fasteners
387,"Ikea Stackable Bookrack, Mobile",Furniture,Bookcases
1749,"Lesro Wood Table, Rectangular",Furniture,Tables
6306,"Enermax Note Cards, Multicolor",Office Supplies,Paper
1586,"Eldon Light Bulb, Erganomic",Furniture,Furnishings
8066,"Enermax Memory Card, Programmable",Technology,Accessories
4724,"Enermax Cards & Envelopes, 8.5 x 11",Office Supplies,Paper
3028,"Boston Pens, Water Color",Office Supplies,Art
5833,Avery 515,Office Supplies,Labels
4544,"Ames Clasp Envelope, Recycled",Office Supplies,Envelopes
8872,"Hewlett Fax and Copier, Color",Technology,Copiers
4594,"Cameo Peel and Seal, with clear poly window",Office Supplies,Envelopes
2670,"KitchenAid Microwave, Red",Office Supplies,Appliances
2187,"Barricks Computer Table, Adjustable Height",Furniture,Tables
2170,"Lesro Training Table, Fully Assembled",Furniture,Tables
7442,"Stiletto Letter Opener, Easy Grip",Office Supplies,Supplies
4231,"Elite Ruler, Steel",Office Supplies,Supplies
10006,Samsung Replacement EH64AVFWE Premium Headset,Technology,Phones
5001,Advantus SlideClip Paper Clips,Office Supplies,Fasteners
6603,"Xerox Memo Slips, Premium",Office Supplies,Paper
6546,"Enermax Memo Slips, Recycled",Office Supplies,Paper
9147,"Panasonic Printer, Wireless",Technology,Machines
442,"Ikea Floating Shelf Set, Pine",Furniture,Bookcases
3151,"Binney & Smith Highlighters, Blue",Office Supplies,Art
5727,Avery 484,Office Supplies,Labels
4412,"Cameo Mailers, Set of 50",Office Supplies,Envelopes
7758,"Kleencut Shears, High Speed",Office Supplies,Supplies
8196,"Logitech Mouse, Erganomic",Technology,Accessories
4665,"Ames Business Envelopes, Security-Tint",Office Supplies,Envelopes
5412,"Jiffy Interoffice Envelope, Set of 50",Office Supplies,Envelopes
1429,"Advantus Frame, Duo Pack",Furniture,Furnishings
3370,"Avery Color Coded Labels, Laser Printer Compatible",Office Supplies,Labels
6367,"Green Bar Parchment Paper, Multicolor",Office Supplies,Paper
1780,"Office Star Rocking Chair, Set of Two",Furniture,Chairs
4090,"Breville Toaster, White",Office Supplies,Appliances
220,"Bush Library with Doors, Mobile",Furniture,Bookcases
1836,"Safco Stackable Bookrack, Mobile",Furniture,Bookcases
5459,"Kleencut Scissors, Steel",Office Supplies,Supplies
5593,"Hon Round Labels, Alphabetical",Office Supplies,Labels
6533,"Enermax Note Cards, Multicolor",Office Supplies,Paper
4882,"Accos Clamps, Bulk Pack",Office Supplies,Fasteners
3789,"Wilson Jones Binder Covers, Economy",Office Supplies,Binders
9362,Okidata C610n Printer,Technology,Machines
8559,"Cisco Smart Phone, Full Size",Technology,Phones
2360,Belkin F9M820V08 8 Outlet Surge,Office Supplies,Appliances
1040,"Dania 3-Shelf Cabinet, Pine",Furniture,Bookcases
8968,"HP Wireless Fax, Digital",Technology,Copiers
4197,"Eaton Cards & Envelopes, Multicolor",Office Supplies,Paper
5307,"Harbour Creations Round Labels, Adjustable",Office Supplies,Labels
1808,"Rubbermaid Photo Frame, Erganomic",Furniture,Furnishings
5365,"Hoover Refrigerator, Red",Office Supplies,Appliances
384,"Safco Value Mate Steel Bookcase, Baked Enamel Finish on Steel, Black",Furniture,Bookcases
7363,"Stiletto Trimmer, Steel",Office Supplies,Supplies
8443,"SanDisk Mouse, Erganomic",Technology,Accessories
5288,"Hamilton Beach Coffee Grinder, Black",Office Supplies,Appliances
1883,"Sauder Stackable Bookrack, Traditional",Furniture,Bookcases
2347,"Cuisinart Stove, Silver",Office Supplies,Appliances
6137,"Eaton Note Cards, 8.5 x 11",Office Supplies,Paper
2917,"Stanley Sketch Pad, Water Color",Office Supplies,Art
6872,"Fellowes Box, Single Width",Office Supplies,Storage
1128,"6"" Cubicle Wall Clock, Black",Furniture,Furnishings
9214,"Epson Calculator, White",Technology,Machines
7629,Acme Preferred Stainless Steel Scissors,Office Supplies,Supplies
6774,"Smead Legal Exhibit Labels, Adjustable",Office Supplies,Labels
8868,"HP Fax and Copier, Laser",Technology,Copiers
1752,"Lesro Coffee Table, Rectangular",Furniture,Tables
6597,14-7/8 x 11 Blue Bar Computer Printout Paper,Office Supplies,Paper
2372,"Cuisinart Toaster, Silver",Office Supplies,Appliances
2261,"Accos Staples, Bulk Pack",Office Supplies,Fasteners
9894,AT&T CL83451 4-Handset Telephone,Technology,Phones
2126,"Bevis Computer Table, Adjustable Height",Furniture,Tables
3120,"Stanley Sketch Pad, Easy-Erase",Office Supplies,Art
4269,"Kraft Peel and Seal, with clear poly window",Office Supplies,Envelopes
8812,"Brother Wireless Fax, High-Speed",Technology,Copiers
7292,"Smead Lockers, Blue",Office Supplies,Storage
9265,"Epson Receipt Printer, White",Technology,Machines
10157,"Apple Speaker Phone, Cordless",Technology,Phones
7531,"Acme Box Cutter, Easy Grip",Office Supplies,Supplies
2283,"Acme Shears, Steel",Office Supplies,Supplies
5744,"Novimex Round Labels, Adjustable",Office Supplies,Labels
4752,"Accos Paper Clips, Assorted Sizes",Office Supplies,Fasteners
8839,"Canon Wireless Fax, Laser",Technology,Copiers
4465,"Cameo Interoffice Envelope, with clear poly window",Office Supplies,Envelopes
9547,"Motorola Headset, Cordless",Technology,Phones
9924,"Apple Signal Booster, with Caller ID",Technology,Phones
6827,Acco Perma 2700 Stacking Storage Drawers,Office Supplies,Storage
8008,"Belkin Mouse, USB",Technology,Accessories
5908,"Smead Shipping Labels, Adjustable",Office Supplies,Labels
857,"SAFCO Swivel Stool, Red",Furniture,Chairs
1674,"Harbour Creations Rocking Chair, Red",Furniture,Chairs
7352,"Stiletto Letter Opener, Easy Grip",Office Supplies,Supplies
4887,"Advantus Staples, Bulk Pack",Office Supplies,Fasteners
4215,"Eldon Lockers, Blue",Office Supplies,Storage
5417,"Jiffy Mailers, with clear poly window",Office Supplies,Envelopes
7803,"Acme Shears, Steel",Office Supplies,Supplies
4282,"Cameo Clasp Envelope, with clear poly window",Office Supplies,Envelopes
5682,"Hon Round Labels, Adjustable",Office Supplies,Labels
4638,"GlobeWeis Business Envelopes, Recycled",Office Supplies,Envelopes
9966,"Apple Smart Phone, Full Size",Technology,Phones
902,"Office Star Swivel Stool, Set of Two",Furniture,Chairs
8390,"Belkin Mouse, USB",Technology,Accessories
2037,"Lesro Conference Table, with Bottom Storage",Furniture,Tables
9908,"Samsung Headset, Full Size",Technology,Phones
8769,"Canon Copy Machine, High-Speed",Technology,Copiers
7262,"Tenex Lockers, Industrial",Office Supplies,Storage
6409,"Enermax Message Books, Multicolor",Office Supplies,Paper
6157,"SanDisk Parchment Paper, Multicolor",Office Supplies,Paper
6487,Xerox 1968,Office Supplies,Paper
1882,"Sauder Library with Doors, Traditional",Furniture,Bookcases
2744,"Hoover Microwave, Red",Office Supplies,Appliances
1810,"Rubbermaid Frame, Black",Furniture,Furnishings
5401,"Jiffy Mailers, Set of 50",Office Supplies,Envelopes
8459,"Memorex Mouse, Bluetooth",Technology,Accessories
6170,"Enermax Message Books, Recycled",Office Supplies,Paper
9467,Lexmark X 9575 Professional All-in-One Color Printer,Technology,Machines
9206,"StarTech Phone, Red",Technology,Machines
1252,"Rubbermaid Photo Frame, Erganomic",Furniture,Furnishings
8467,"Apple Headset, with Caller ID",Technology,Phones
3703,"Cardinal Hole Reinforcements, Recycled",Office Supplies,Binders
4267,"Jiffy Clasp Envelope, Security-Tint",Office Supplies,Envelopes
10286,"StarTech Card Printer, Red",Technology,Machines
4729,"Enermax Memo Slips, 8.5 x 11",Office Supplies,Paper
1685,"Harbour Creations Executive Leather Armchair, Black",Furniture,Chairs
7295,"Tenex File Cart, Industrial",Office Supplies,Storage
528,"Harbour Creations Steel Folding Chair, Set of Two",Furniture,Chairs
3010,"Binney & Smith Pens, Water Color",Office Supplies,Art
8892,"Hewlett Wireless Fax, High-Speed",Technology,Copiers
9721,"Motorola Speaker Phone, with Caller ID",Technology,Phones
8721,"Sharp Copy Machine, Color",Technology,Copiers
10189,"Nokia Speaker Phone, Cordless",Technology,Phones
2658,"Breville Blender, Black",Office Supplies,Appliances
8330,"Logitech Mouse, Programmable",Technology,Accessories
2729,"Hamilton Beach Coffee Grinder, White",Office Supplies,Appliances
7513,Kleencut Forged Office Shears by Acme United Corporation,Office Supplies,Supplies
8794,"Hewlett Personal Copier, Laser",Technology,Copiers
2778,"Hamilton Beach Microwave, Black",Office Supplies,Appliances
1431,"Advantus Stacking Tray, Black",Furniture,Furnishings
115,"Safco 3-Shelf Cabinet, Pine",Furniture,Bookcases
4247,"GlobeWeis Manila Envelope, with clear poly window",Office Supplies,Envelopes
1833,"Safco 3-Shelf Cabinet, Pine",Furniture,Bookcases
3751,"Wilson Jones 3-Hole Punch, Economy",Office Supplies,Binders
10084,PayAnywhere Card Reader,Technology,Phones
7535,"Kleencut Letter Opener, Steel",Office Supplies,Supplies
5141,"Accos Staples, Assorted Sizes",Office Supplies,Fasteners
1055,"Deflect-O Clock, Black",Furniture,Furnishings
5437,"KitchenAid Microwave, White",Office Supplies,Appliances
9057,"HP Ink, Digital",Technology,Copiers
4527,"GlobeWeis Interoffice Envelope, Recycled",Office Supplies,Envelopes
2069,"Bevis Training Table, Fully Assembled",Furniture,Tables
8523,"Brother Copy Machine, Laser",Technology,Copiers
9321,"StarTech Receipt Printer, Red",Technology,Machines
1660,"Eldon 400 Class Desk Accessories, Black Carbon",Furniture,Furnishings
4586,"Ames Mailers, with clear poly window",Office Supplies,Envelopes
1923,"Bevis Round Table, Fully Assembled",Furniture,Tables
9698,"Apple Speaker Phone, with Caller ID",Technology,Phones
260,"Ikea 3-Shelf Cabinet, Pine",Furniture,Bookcases
5031,"Stockwell Push Pins, Bulk Pack",Office Supplies,Fasteners
5134,"OIC Staples, Metal",Office Supplies,Fasteners
1073,"Deflect-O Frame, Black",Furniture,Furnishings
5418,"Jiffy Business Envelopes, Set of 50",Office Supplies,Envelopes
9368,"Epson Phone, White",Technology,Machines
9277,"Konica Card Printer, Red",Technology,Machines
2495,Hoover Commercial Lightweight Upright Vacuum with E-Z Empty Dirt Cup,Office Supplies,Appliances
7949,"Enermax Router, Erganomic",Technology,Accessories
9403,"Epson Calculator, White",Technology,Machines
7303,"Eldon Box, Blue",Office Supplies,Storage
7741,"Elite Box Cutter, Easy Grip",Office Supplies,Supplies
5028,"Accos Push Pins, Metal",Office Supplies,Fasteners
6638,Xerox 1905,Office Supplies,Paper
3447,"Wilson Jones Hole Reinforcements, Durable",Office Supplies,Binders
1888,"Sauder Library with Doors, Mobile",Furniture,Bookcases
9790,"Nokia Smart Phone, with Caller ID",Technology,Phones
5226,"Fiskars Trimmer, Serrated",Office Supplies,Supplies
5584,"Novimex Removable Labels, 5000 Label Set",Office Supplies,Labels
9210,"Konica Printer, Wireless",Technology,Machines
2821,Newell 328,Office Supplies,Art
2491,"Hamilton Beach Toaster, White",Office Supplies,Appliances
9205,"Okidata Calculator, Wireless",Technology,Machines
6065,"SanDisk Computer Printout Paper, Multicolor",Office Supplies,Paper
2416,"Cuisinart Refrigerator, Red",Office Supplies,Appliances
4470,"Jiffy Peel and Seal, Set of 50",Office Supplies,Envelopes
9910,"Cisco Speaker Phone, Cordless",Technology,Phones
6094,"SanDisk Cards & Envelopes, 8.5 x 11",Office Supplies,Paper
8354,"Enermax Numeric Keypad, Bluetooth",Technology,Accessories
5619,"Harbour Creations File Folder Labels, Laser Printer Compatible",Office Supplies,Labels
2600,"Cuisinart Stove, White",Office Supplies,Appliances
120,"Safco 3-Shelf Cabinet, Mobile",Furniture,Bookcases
7436,"Fiskars Scissors, Steel",Office Supplies,Supplies
3539,"Avery Hole Reinforcements, Durable",Office Supplies,Binders
8332,"Belkin Router, Programmable",Technology,Accessories
8273,"Enermax Flash Drive, USB",Technology,Accessories
667,"Hon Executive Leather Armchair, Red",Furniture,Chairs
6212,"Enermax Cards & Envelopes, Premium",Office Supplies,Paper
6810,Letter Size File,Office Supplies,Storage
9240,Zebra GK420t Direct Thermal/Thermal Transfer Printer,Technology,Machines
9440,"Okidata Printer, Durable",Technology,Machines
5959,"Novimex Round Labels, 5000 Label Set",Office Supplies,Labels
8835,"Sharp Ink, Laser",Technology,Copiers
6866,Fellowes Econo/Stor Drawers,Office Supplies,Storage
1684,"Harbour Creations Swivel Stool, Set of Two",Furniture,Chairs
6830,"Tenex Box, Wire Frame",Office Supplies,Storage
101,"Sauder Classic Bookcase, Mobile",Furniture,Bookcases
5769,"Avery Removable Labels, Alphabetical",Office Supplies,Labels
2035,"Bevis Training Table, with Bottom Storage",Furniture,Tables
1235,"Eldon Photo Frame, Durable",Furniture,Furnishings
10145,"Samsung Office Telephone, with Caller ID",Technology,Phones
9279,"Panasonic Card Printer, Red",Technology,Machines
186,"Bush Westfield Collection Bookcases, Dark Cherry Finish, Fully Assembled",Furniture,Bookcases
9003,"Enermax Flash Drive, Bluetooth",Technology,Accessories
4254,"Jiffy Interoffice Envelope, Security-Tint",Office Supplies,Envelopes
3377,"Avery Color Coded Labels, Alphabetical",Office Supplies,Labels
8849,"HP Copy Machine, High-Speed",Technology,Copiers
9264,"Panasonic Card Printer, Durable",Technology,Machines
869,SAFCO Folding Chair Trolley,Furniture,Chairs
7722,"Stiletto Scissors, High Speed",Office Supplies,Supplies
7851,"Tenex Folders, Industrial",Office Supplies,Storage
821,"Novimex Executive Leather Armchair, Adjustable",Furniture,Chairs
3946,"Wilson Jones Binder, Durable",Office Supplies,Binders
4466,"Ames Manila Envelope, Set of 50",Office Supplies,Envelopes
6112,Xerox 1982,Office Supplies,Paper
8851,"Canon Fax Machine, Laser",Technology,Copiers
1754,"Lesro Round Table, Rectangular",Furniture,Tables
8597,"Hewlett Ink, Color",Technology,Copiers
5022,"Stockwell Paper Clips, Assorted Sizes",Office Supplies,Fasteners
8668,"HP Personal Copier, Digital",Technology,Copiers
1692,"Hon Rocking Chair, Red",Furniture,Chairs
4839,"Accos Rubber Bands, Assorted Sizes",Office Supplies,Fasteners
7817,"Stiletto Letter Opener, Easy Grip",Office Supplies,Supplies
531,"Office Star Bag Chairs, Adjustable",Furniture,Chairs
8660,"HP Personal Copier, Digital",Technology,Copiers
9479,"Okidata Printer, Durable",Technology,Machines
2802,"BIC Canvas, Fluorescent",Office Supplies,Art
9,"Advantus Frame, Black",Furniture,Furnishings
7475,"Acme Shears, Steel",Office Supplies,Supplies
325,"Safco Corner Shelving, Metal",Furniture,Bookcases
1456,"Linden 12"" Wall Clock With Oak Frame",Furniture,Furnishings
8141,"Logitech Router, Programmable",Technology,Accessories
2324,"Ames Interoffice Envelope, Security-Tint",Office Supplies,Envelopes
5115,"Advantus Staples, 12 Pack",Office Supplies,Fasteners
331,"Ikea Classic Bookcase, Mobile",Furniture,Bookcases
1903,"Chromcraft Conference Table, Adjustable Height",Furniture,Tables
9978,"Nokia Signal Booster, Cordless",Technology,Phones
7480,"Acme Box Cutter, Serrated",Office Supplies,Supplies
7349,"Stiletto Scissors, High Speed",Office Supplies,Supplies
8209,"Enermax Mouse, USB",Technology,Accessories
2168,"Chromcraft Wood Table, Fully Assembled",Furniture,Tables
7281,"Rogers Trays, Industrial",Office Supplies,Storage
5898,"Avery Legal Exhibit Labels, Alphabetical",Office Supplies,Labels
4580,"Jiffy Business Envelopes, Security-Tint",Office Supplies,Envelopes
146,"Ikea Library with Doors, Mobile",Furniture,Bookcases
10278,"StarTech Printer, Durable",Technology,Machines
7489,"Fiskars Box Cutter, High Speed",Office Supplies,Supplies
8056,"Logitech Numeric Keypad, Erganomic",Technology,Accessories
9740,"Samsung Speaker Phone, with Caller ID",Technology,Phones
128,"Dania 3-Shelf Cabinet, Traditional",Furniture,Bookcases
4556,"Jiffy Interoffice Envelope, Set of 50",Office Supplies,Envelopes
4990,"OIC Push Pins, Assorted Sizes",Office Supplies,Fasteners
2565,"Hoover Microwave, Silver",Office Supplies,Appliances
9374,Okidata B401 Printer,Technology,Machines
8292,"Logitech Flash Drive, Erganomic",Technology,Accessories
4589,"GlobeWeis Mailers, Set of 50",Office Supplies,Envelopes
630,"Office Star Steel Folding Chair, Red",Furniture,Chairs
417,"Ikea Corner Shelving, Pine",Furniture,Bookcases
3064,"Sanford Pens, Fluorescent",Office Supplies,Art
10250,"Sharp Wireless Fax, High-Speed",Technology,Copiers
6695,"SanDisk Computer Printout Paper, Premium",Office Supplies,Paper
207,"Safco Stackable Bookrack, Pine",Furniture,Bookcases
6082,"Enermax Note Cards, Premium",Office Supplies,Paper
3774,"Avery Binder Covers, Clear",Office Supplies,Binders
8397,Cherry 142-key Programmable Keyboard,Technology,Accessories
9515,"Memorex Mouse, Bluetooth",Technology,Accessories
9654,"Samsung Audio Dock, Full Size",Technology,Phones
8355,Logitech Wireless Headset H600 Over-The-Head Design,Technology,Accessories
6328,"Xerox Parchment Paper, Recycled",Office Supplies,Paper
6354,"Green Bar Note Cards, 8.5 x 11",Office Supplies,Paper
5562,"Avery Shipping Labels, Laser Printer Compatible",Office Supplies,Labels
5660,"Smead Color Coded Labels, Adjustable",Office Supplies,Labels
5550,"Smead File Folder Labels, Alphabetical",Office Supplies,Labels
8024,"Enermax Numeric Keypad, Bluetooth",Technology,Accessories
2233,"Accos Staples, 12 Pack",Office Supplies,Fasteners
5341,"Hon Legal Exhibit Labels, 5000 Label Set",Office Supplies,Labels
39,"Bevis Coffee Table, Rectangular",Furniture,Tables
2164,"Lesro Round Table, Adjustable Height",Furniture,Tables
9001,"Enermax Flash Drive, Erganomic",Technology,Accessories
8591,"Hewlett Ink, Digital",Technology,Copiers
9814,"Samsung Audio Dock, Cordless",Technology,Phones
2354,Belkin F9S820V06 8 Outlet Surge,Office Supplies,Appliances
4372,"Kraft Interoffice Envelope, Set of 50",Office Supplies,Envelopes
9743,"Motorola Speaker Phone, Cordless",Technology,Phones
4972,"Accos Staples, 12 Pack",Office Supplies,Fasteners
2947,Newell 338,Office Supplies,Art
7544,"Kleencut Trimmer, Steel",Office Supplies,Supplies
4083,"Breville Toaster, Red",Office Supplies,Appliances
1335,Magnifier Swing Arm Lamp,Furniture,Furnishings
4597,"Cameo Peel and Seal, Recycled",Office Supplies,Envelopes
3350,"Avery Removable Labels, Adjustable",Office Supplies,Labels
299,"Ikea Corner Shelving, Traditional",Furniture,Bookcases
8197,"Memorex Router, Erganomic",Technology,Accessories
2260,"Accos Push Pins, Assorted Sizes",Office Supplies,Fasteners
4402,"Cameo Peel and Seal, Security-Tint",Office Supplies,Envelopes
9855,Xiaomi Mi3,Technology,Phones
114,"Dania Library with Doors, Traditional",Furniture,Bookcases
9495,"Konica Calculator, Red",Technology,Machines
744,"Novimex Bag Chairs, Set of Two",Furniture,Chairs
9965,"Motorola Smart Phone, Full Size",Technology,Phones
2155,"Bevis Computer Table, with Bottom Storage",Furniture,Tables
4279,"Jiffy Mailers, Set of 50",Office Supplies,Envelopes
4844,"Accos Push Pins, Assorted Sizes",Office Supplies,Fasteners
2952,"BIC Canvas, Easy-Erase",Office Supplies,Art
7828,"Elite Ruler, Steel",Office Supplies,Supplies
4380,"Kraft Clasp Envelope, with clear poly window",Office Supplies,Envelopes
5859,"Hon Removable Labels, 5000 Label Set",Office Supplies,Labels
4993,"OIC Staples, Assorted Sizes",Office Supplies,Fasteners
6834,"Rogers Lockers, Single Width",Office Supplies,Storage
1560,"Advantus Frame, Durable",Furniture,Furnishings
5579,"Hon Round Labels, Alphabetical",Office Supplies,Labels
3705,"Cardinal Index Tab, Durable",Office Supplies,Binders
1095,"Eldon Clock, Black",Furniture,Furnishings
9870,"Motorola Speaker Phone, Cordless",Technology,Phones
3965,"Cardinal Binding Machine, Economy",Office Supplies,Binders
6310,"Green Bar Computer Printout Paper, Premium",Office Supplies,Paper
4652,"Ames Clasp Envelope, Security-Tint",Office Supplies,Envelopes
1898,"Chromcraft Conference Table, Adjustable Height",Furniture,Tables
7644,"Kleencut Letter Opener, High Speed",Office Supplies,Supplies
4998,"Accos Clamps, 12 Pack",Office Supplies,Fasteners
4388,"Kraft Peel and Seal, Security-Tint",Office Supplies,Envelopes
8087,"Belkin Numeric Keypad, Bluetooth",Technology,Accessories
4677,"Jiffy Manila Envelope, Set of 50",Office Supplies,Envelopes
2192,"Barricks Training Table, with Bottom Storage",Furniture,Tables
2976,"Binney & Smith Pencil Sharpener, Easy-Erase",Office Supplies,Art
679,"Hon Chairmat, Set of Two",Furniture,Chairs
10136,Avaya 5420 Digital phone,Technology,Phones
4277,"Cameo Business Envelopes, Recycled",Office Supplies,Envelopes
8587,"HP Fax Machine, Color",Technology,Copiers
8294,"Enermax Numeric Keypad, USB",Technology,Accessories
7524,"Acme Box Cutter, Steel",Office Supplies,Supplies
9173,Texas Instrument TI-15 Fraction Calculator,Technology,Machines
6237,"Green Bar Note Cards, Premium",Office Supplies,Paper
4550,"Cameo Clasp Envelope, Set of 50",Office Supplies,Envelopes
4419,"Ames Manila Envelope, Security-Tint",Office Supplies,Envelopes
193,O'Sullivan Cherrywood Estates Traditional Bookcase,Furniture,Bookcases
9933,"Samsung Headset, Cordless",Technology,Phones
6217,"Green Bar Note Cards, 8.5 x 11",Office Supplies,Paper
3825,"Acco 3-Hole Punch, Economy",Office Supplies,Binders
6224,"Enermax Memo Slips, 8.5 x 11",Office Supplies,Paper
4901,Stockwell Gold Paper Clips,Office Supplies,Fasteners
7249,"Tenex File Cart, Single Width",Office Supplies,Storage
9824,"Samsung Speaker Phone, Cordless",Technology,Phones
9109,"Logitech Router, USB",Technology,Accessories
9454,Konica Minolta magicolor 1690MF Multifunction Printer,Technology,Machines
1037,"Dania Library with Doors, Mobile",Furniture,Bookcases
8304,"Logitech Numeric Keypad, Erganomic",Technology,Accessories
5362,"Hoover Coffee Grinder, Red",Office Supplies,Appliances
8014,NETGEAR RangeMax WNR1000 Wireless Router,Technology,Accessories
5586,"Smead File Folder Labels, 5000 Label Set",Office Supplies,Labels
6398,"Green Bar Computer Printout Paper, Premium",Office Supplies,Paper
7694,"Elite Ruler, Serrated",Office Supplies,Supplies
4278,"Ames Clasp Envelope, Recycled",Office Supplies,Envelopes
9127,Hewlett-Packard Deskjet 3050a All-in-One Color Inkjet Printer,Technology,Machines
5713,"Harbour Creations Shipping Labels, 5000 Label Set",Office Supplies,Labels
1755,"Lesro Coffee Table, with Bottom Storage",Furniture,Tables
8536,"Canon Fax and Copier, High-Speed",Technology,Copiers
6369,"Green Bar Computer Printout Paper, Recycled",Office Supplies,Paper
6172,Xerox 215,Office Supplies,Paper
5279,"Green Bar Message Books, 8.5 x 11",Office Supplies,Paper
2287,"Acme Ruler, Easy Grip",Office Supplies,Supplies
1863,"SAFCO Bag Chairs, Black",Furniture,Chairs
7658,"Kleencut Trimmer, Easy Grip",Office Supplies,Supplies
1151,"Advantus Stacking Tray, Erganomic",Furniture,Furnishings
4563,"Jiffy Clasp Envelope, Set of 50",Office Supplies,Envelopes
4483,"GlobeWeis Mailers, with clear poly window",Office Supplies,Envelopes
2593,"Hamilton Beach Stove, White",Office Supplies,Appliances
6471,"Enermax Message Books, Recycled",Office Supplies,Paper
4352,"Kraft Manila Envelope, with clear poly window",Office Supplies,Envelopes
7910,"Xerox Computer Printout Paper, Multicolor",Office Supplies,Paper
4106,"Cameo Interoffice Envelope, with clear poly window",Office Supplies,Envelopes
3758,"Wilson Jones Index Tab, Clear",Office Supplies,Binders
9193,"Panasonic Inkjet, Red",Technology,Machines
9134,"Konica Card Printer, White",Technology,Machines
5130,"Accos Paper Clips, Bulk Pack",Office Supplies,Fasteners
9574,"Nokia Signal Booster, VoIP",Technology,Phones
5090,"Stockwell Push Pins, Metal",Office Supplies,Fasteners
79,"Dania Floating Shelf Set, Mobile",Furniture,Bookcases
2082,"Lesro Round Table, Adjustable Height",Furniture,Tables
1963,"Hon Training Table, Fully Assembled",Furniture,Tables
7153,Belkin OmniView SE Rackmount Kit,Office Supplies,Storage
9991,"Cisco Office Telephone, Cordless",Technology,Phones
5113,"Stockwell Push Pins, Assorted Sizes",Office Supplies,Fasteners
5639,"Hon File Folder Labels, Alphabetical",Office Supplies,Labels
844,"Hon Executive Leather Armchair, Black",Furniture,Chairs
6019,"SanDisk Computer Printout Paper, Premium",Office Supplies,Paper
5098,"Stockwell Rubber Bands, 12 Pack",Office Supplies,Fasteners
1641,"Advantus Door Stop, Duo Pack",Furniture,Furnishings
7987,"Enermax Memory Card, USB",Technology,Accessories
1682,"Harbour Creations Steel Folding Chair, Set of Two",Furniture,Chairs
2824,"BIC Sketch Pad, Water Color",Office Supplies,Art
7896,"Xerox Note Cards, 8.5 x 11",Office Supplies,Paper
1271,"Rubbermaid Photo Frame, Black",Furniture,Furnishings
4685,"Kraft Business Envelopes, Recycled",Office Supplies,Envelopes
6970,"Tenex Box, Single Width",Office Supplies,Storage
5331,"Hon Shipping Labels, Laser Printer Compatible",Office Supplies,Labels
7785,"Kleencut Scissors, Steel",Office Supplies,Supplies
8155,"Logitech Memory Card, Bluetooth",Technology,Accessories
1992,"Lesro Coffee Table, with Bottom Storage",Furniture,Tables
311,"Dania 3-Shelf Cabinet, Metal",Furniture,Bookcases
9838,"Cisco Speaker Phone, Full Size",Technology,Phones
3119,"Sanford Pens, Easy-Erase",Office Supplies,Art
2818,Newell 318,Office Supplies,Art
5637,Avery 517,Office Supplies,Labels
9478,"Konica Inkjet, White",Technology,Machines
7917,"Xerox Computer Printout Paper, Premium",Office Supplies,Paper
4489,"Jiffy Interoffice Envelope, with clear poly window",Office Supplies,Envelopes
2370,Harmony HEPA Quiet Air Purifiers,Office Supplies,Appliances
4954,"Stockwell Clamps, 12 Pack",Office Supplies,Fasteners
6982,"Tenex Folders, Wire Frame",Office Supplies,Storage
8201,"Logitech Router, Bluetooth",Technology,Accessories
6605,Xerox 1907,Office Supplies,Paper
1860,"Safco Classic Bookcase, Pine",Furniture,Bookcases
5607,"Hon Shipping Labels, Adjustable",Office Supplies,Labels
7444,"Kleencut Ruler, Easy Grip",Office Supplies,Supplies
6358,Xerox 1958,Office Supplies,Paper
7026,"Rogers Lockers, Industrial",Office Supplies,Storage
957,"Harbour Creations Swivel Stool, Red",Furniture,Chairs
1965,"Hon Conference Table, Rectangular",Furniture,Tables
8679,"Sharp Fax Machine, Digital",Technology,Copiers
6878,"Tenex Trays, Wire Frame",Office Supplies,Storage
3409,"Ibico Index Tab, Clear",Office Supplies,Binders
6713,"SanDisk Parchment Paper, Multicolor",Office Supplies,Paper
2027,"Hon Wood Table, Fully Assembled",Furniture,Tables
226,"Safco Library with Doors, Traditional",Furniture,Bookcases
10214,"Samsung Speaker Phone, Full Size",Technology,Phones
4554,"Cameo Mailers, Set of 50",Office Supplies,Envelopes
3283,"Sanford Pencil Sharpener, Easy-Erase",Office Supplies,Art
8139,"SanDisk Numeric Keypad, Bluetooth",Technology,Accessories
523,"Hon Rocking Chair, Black",Furniture,Chairs
4656,"GlobeWeis Manila Envelope, Security-Tint",Office Supplies,Envelopes
2021,"Bevis Conference Table, Fully Assembled",Furniture,Tables
1947,"Bevis Conference Table, Fully Assembled",Furniture,Tables
2167,"Bevis Wood Table, Adjustable Height",Furniture,Tables
2120,"Hon Conference Table, with Bottom Storage",Furniture,Tables
2147,"Lesro Conference Table, with Bottom Storage",Furniture,Tables
2199,"Hon Conference Table, with Bottom Storage",Furniture,Tables
2703,"Breville Microwave, Red",Office Supplies,Appliances
9766,"Motorola Audio Dock, with Caller ID",Technology,Phones
7700,"Kleencut Box Cutter, High Speed",Office Supplies,Supplies
3805,"Cardinal Binder, Economy",Office Supplies,Binders
8791,"Sharp Personal Copier, Laser",Technology,Copiers
4668,"Jiffy Mailers, Set of 50",Office Supplies,Envelopes
782,"Harbour Creations Swivel Stool, Set of Two",Furniture,Chairs
9804,"Samsung Speaker Phone, VoIP",Technology,Phones
8280,"Memorex Flash Drive, USB",Technology,Accessories
5352,"Hon File Folder Labels, Adjustable",Office Supplies,Labels
6492,Strathmore Photo Mount Cards,Office Supplies,Paper
514,"Office Star Executive Leather Armchair, Adjustable",Furniture,Chairs
2101,"Hon Round Table, with Bottom Storage",Furniture,Tables
1292,"Tenex Photo Frame, Black",Furniture,Furnishings
553,"Hon Chairmat, Set of Two",Furniture,Chairs
2029,"Hon Training Table, Adjustable Height",Furniture,Tables
2313,"Advantus Rubber Bands, Bulk Pack",Office Supplies,Fasteners
8286,"Memorex Mouse, USB",Technology,Accessories
9216,"Panasonic Calculator, Durable",Technology,Machines
5208,"Fellowes Shelving, Blue",Office Supplies,Storage
1582,"Deflect-O Light Bulb, Black",Furniture,Furnishings
2226,"Tenex Clock, Erganomic",Furniture,Furnishings
7834,"Kleencut Shears, High Speed",Office Supplies,Supplies
7947,"Memorex Memory Card, Erganomic",Technology,Accessories
9098,"Konica Card Printer, Red",Technology,Machines
6199,"Xerox Note Cards, Recycled",Office Supplies,Paper
8277,"Logitech Flash Drive, Erganomic",Technology,Accessories
4531,"Jiffy Peel and Seal, Security-Tint",Office Supplies,Envelopes
5698,"Smead Legal Exhibit Labels, Alphabetical",Office Supplies,Labels
204,"Dania 3-Shelf Cabinet, Pine",Furniture,Bookcases
10000,"Motorola Signal Booster, VoIP",Technology,Phones
4191,"Eaton Note Cards, Premium",Office Supplies,Paper
4965,"Stockwell Push Pins, 12 Pack",Office Supplies,Fasteners
9272,"Konica Inkjet, Wireless",Technology,Machines
8268,"Belkin Router, Erganomic",Technology,Accessories
6794,"Eldon Folders, Industrial",Office Supplies,Storage
5794,"Novimex Round Labels, Laser Printer Compatible",Office Supplies,Labels
6629,"SanDisk Cards & Envelopes, Multicolor",Office Supplies,Paper
8940,"Hewlett Personal Copier, Laser",Technology,Copiers
2586,"Hamilton Beach Coffee Grinder, White",Office Supplies,Appliances
2351,Hoover Commercial SteamVac,Office Supplies,Appliances
9532,"Motorola Smart Phone, Full Size",Technology,Phones
10095,"Samsung Speaker Phone, Cordless",Technology,Phones
5957,"Avery File Folder Labels, 5000 Label Set",Office Supplies,Labels
2145,"Bevis Coffee Table, Rectangular",Furniture,Tables
5126,"Stockwell Staples, Metal",Office Supplies,Fasteners
7798,"Elite Letter Opener, Easy Grip",Office Supplies,Supplies
2471,"Breville Stove, Black",Office Supplies,Appliances
9628,"Motorola Audio Dock, Full Size",Technology,Phones
7651,"Kleencut Box Cutter, Steel",Office Supplies,Supplies
8809,"Sharp Wireless Fax, Laser",Technology,Copiers
1942,"Lesro Training Table, with Bottom Storage",Furniture,Tables
8634,"Brother Personal Copier, Laser",Technology,Copiers
9885,"Samsung Signal Booster, Full Size",Technology,Phones
864,"Hon Swivel Stool, Black",Furniture,Chairs
6182,"Enermax Cards & Envelopes, Multicolor",Office Supplies,Paper
566,"Hon Bag Chairs, Black",Furniture,Chairs
4977,"Stockwell Staples, Assorted Sizes",Office Supplies,Fasteners
6265,"SanDisk Cards & Envelopes, Recycled",Office Supplies,Paper
5095,"Stockwell Rubber Bands, Assorted Sizes",Office Supplies,Fasteners
8939,"HP Ink, Color",Technology,Copiers
7518,"Fiskars Box Cutter, Easy Grip",Office Supplies,Supplies
9538,"Motorola Audio Dock, with Caller ID",Technology,Phones
804,"Novimex Steel Folding Chair, Set of Two",Furniture,Chairs
8625,"Brother Ink, Laser",Technology,Copiers
4458,"Ames Business Envelopes, Recycled",Office Supplies,Envelopes
8944,"HP Wireless Fax, Color",Technology,Copiers
2212,"Tenex Frame, Erganomic",Furniture,Furnishings
5075,"Accos Clamps, Metal",Office Supplies,Fasteners
2660,"KitchenAid Microwave, White",Office Supplies,Appliances
2080,"Hon Training Table, Fully Assembled",Furniture,Tables
9430,"Epson Inkjet, Durable",Technology,Machines
1230,"Advantus Photo Frame, Duo Pack",Furniture,Furnishings
1714,"Hon Steel Folding Chair, Adjustable",Furniture,Chairs
9341,I.R.I.S IRISCard Anywhere 5 Card Scanner,Technology,Machines
6196,"Green Bar Memo Slips, Multicolor",Office Supplies,Paper
8853,Canon Image Class D660 Copier,Technology,Copiers
5732,"Smead Removable Labels, Laser Printer Compatible",Office Supplies,Labels
9443,"StarTech Inkjet, Wireless",Technology,Machines
1823,"Rubbermaid Stacking Tray, Erganomic",Furniture,Furnishings
1699,"Hon Swivel Stool, Adjustable",Furniture,Chairs
1746,"Lesro Computer Table, Fully Assembled",Furniture,Tables
122,"Bush Corner Shelving, Mobile",Furniture,Bookcases
8711,"Sharp Copy Machine, Color",Technology,Copiers
6226,"SanDisk Memo Slips, Recycled",Office Supplies,Paper
1331,"Deflect-O Stacking Tray, Durable",Furniture,Furnishings
4276,"Jiffy Mailers, with clear poly window",Office Supplies,Envelopes
1694,"Hon Training Table, Rectangular",Furniture,Tables
7025,"Fellowes File Cart, Blue",Office Supplies,Storage
1313,"Advantus Stacking Tray, Durable",Furniture,Furnishings
9548,"Motorola Speaker Phone, with Caller ID",Technology,Phones
7225,"Eldon Lockers, Blue",Office Supplies,Storage
9270,"HP Officejet Pro 8600 e-All-In-One Printer, Copier, Scanner, Fax",Technology,Machines
2998,"Boston Pens, Easy-Erase",Office Supplies,Art
1670,"Harbour Creations Executive Leather Armchair, Red",Furniture,Chairs
106,"Sauder Floating Shelf Set, Metal",Furniture,Bookcases
2518,"Hoover Refrigerator, Black",Office Supplies,Appliances
4699,"Cameo Manila Envelope, Set of 50",Office Supplies,Envelopes
754,"Office Star Rocking Chair, Set of Two",Furniture,Chairs
2685,"Hamilton Beach Blender, Black",Office Supplies,Appliances
5440,"KitchenAid Stove, Silver",Office Supplies,Appliances
2171,"Barricks Wood Table, Adjustable Height",Furniture,Tables
9347,"Panasonic Card Printer, Wireless",Technology,Machines
5503,"Novimex Round Labels, Alphabetical",Office Supplies,Labels
8510,"Brother Copy Machine, High-Speed",Technology,Copiers
1720,"Hon Conference Table, with Bottom Storage",Furniture,Tables
5160,"Advantus Thumb Tacks, Bulk Pack",Office Supplies,Fasteners
5034,"Advantus Paper Clips, Metal",Office Supplies,Fasteners
544,"SAFCO Swivel Stool, Black",Furniture,Chairs
9290,"Konica Printer, Durable",Technology,Machines
9481,"Okidata Phone, White",Technology,Machines
2276,"Accos Rubber Bands, Metal",Office Supplies,Fasteners
5605,"Hon Removable Labels, Laser Printer Compatible",Office Supplies,Labels
2094,"Bevis Computer Table, Fully Assembled",Furniture,Tables
5426,"KitchenAid Toaster, White",Office Supplies,Appliances
8037,Microsoft Wireless Mobile Mouse 4000,Technology,Accessories
3354,"Avery Legal Exhibit Labels, Alphabetical",Office Supplies,Labels
4126,"Cameo Mailers, Recycled",Office Supplies,Envelopes
4514,"Cameo Manila Envelope, Set of 50",Office Supplies,Envelopes
5048,"Stockwell Staples, Bulk Pack",Office Supplies,Fasteners
9399,"Okidata Receipt Printer, Red",Technology,Machines
7268,"Eldon Shelving, Industrial",Office Supplies,Storage
8986,"Enermax Mouse, Programmable",Technology,Accessories
5366,"Hoover Stove, Black",Office Supplies,Appliances
7387,"Stockwell Staples, Metal",Office Supplies,Fasteners
1495,"Rubbermaid Photo Frame, Black",Furniture,Furnishings
4753,"Stockwell Rubber Bands, Assorted Sizes",Office Supplies,Fasteners
5483,"Kraft Business Envelopes, Recycled",Office Supplies,Envelopes
615,"Office Star Rocking Chair, Red",Furniture,Chairs
8184,"Enermax Memory Card, USB",Technology,Accessories
2712,"Cuisinart Stove, White",Office Supplies,Appliances
8107,"Memorex Flash Drive, Programmable",Technology,Accessories
2453,Belkin 8 Outlet SurgeMaster II Gold Surge Protector with Phone Protection,Office Supplies,Appliances
30,"Barricks Coffee Table, Adjustable Height",Furniture,Tables
3953,"Wilson Jones 3-Hole Punch, Durable",Office Supplies,Binders
8503,"Belkin Keyboard, USB",Technology,Accessories
9150,"Epson Card Printer, Red",Technology,Machines
1753,"Lesro Coffee Table, Fully Assembled",Furniture,Tables
7844,"Stiletto Ruler, Easy Grip",Office Supplies,Supplies
5543,"Hon Round Labels, Laser Printer Compatible",Office Supplies,Labels
1841,"Safco Stackable Bookrack, Traditional",Furniture,Bookcases
793,"Harbour Creations Swivel Stool, Adjustable",Furniture,Chairs
3907,"Acco Binding Machine, Recycled",Office Supplies,Binders
3745,"Acco Binder, Clear",Office Supplies,Binders
4830,"Stockwell Paper Clips, Assorted Sizes",Office Supplies,Fasteners
4573,"Ames Business Envelopes, Recycled",Office Supplies,Envelopes
1912,"Hon Wood Table, with Bottom Storage",Furniture,Tables
8553,"Canon Fax and Copier, Laser",Technology,Copiers
7606,"Elite Shears, Steel",Office Supplies,Supplies
6214,"Eaton Parchment Paper, 8.5 x 11",Office Supplies,Paper
9135,"Panasonic Receipt Printer, Red",Technology,Machines
1570,"Deflect-O Light Bulb, Erganomic",Furniture,Furnishings
5896,"Hon File Folder Labels, Laser Printer Compatible",Office Supplies,Labels
2125,"Barricks Wood Table, with Bottom Storage",Furniture,Tables
6378,Xerox 1980,Office Supplies,Paper
4104,"Breville Blender, Black",Office Supplies,Appliances
995,"SAFCO Swivel Stool, Set of Two",Furniture,Chairs
1162,"Tenex Photo Frame, Duo Pack",Furniture,Furnishings
2066,"Hon Round Table, with Bottom Storage",Furniture,Tables
2371,"Hamilton Beach Blender, Black",Office Supplies,Appliances
458,"Sauder Library with Doors, Pine",Furniture,Bookcases
4324,"GlobeWeis Mailers, Security-Tint",Office Supplies,Envelopes
1584,"Career Cubicle Clock, 8 1/4"", Black",Furniture,Furnishings
6129,Unpadded Memo Slips,Office Supplies,Paper
4631,Multimedia Mailers,Office Supplies,Envelopes
4355,"Ames Interoffice Envelope, Set of 50",Office Supplies,Envelopes
3638,"Ibico Binding Machine, Durable",Office Supplies,Binders
833,"Novimex Steel Folding Chair, Adjustable",Furniture,Chairs
4979,"Stockwell Staples, 12 Pack",Office Supplies,Fasteners
42,"Bevis Computer Table, Adjustable Height",Furniture,Tables
7,"Advantus Clock, Duo Pack",Furniture,Furnishings
4293,"Jiffy Peel and Seal, Set of 50",Office Supplies,Envelopes
3588,"Acco Index Tab, Clear",Office Supplies,Binders
9310,"Konica Inkjet, Wireless",Technology,Machines
5956,"Novimex Legal Exhibit Labels, Adjustable",Office Supplies,Labels
5063,"OIC Rubber Bands, Metal",Office Supplies,Fasteners
3272,"Sanford Sketch Pad, Water Color",Office Supplies,Art
3333,"Binney & Smith Pens, Fluorescent",Office Supplies,Art
1652,"Advantus Light Bulb, Durable",Furniture,Furnishings
3675,"Ibico Binder Covers, Clear",Office Supplies,Binders
8427,"Logitech Mouse, Programmable",Technology,Accessories
2984,"Binney & Smith Sketch Pad, Blue",Office Supplies,Art
1531,"Eldon Door Stop, Duo Pack",Furniture,Furnishings
1417,"Advantus Clock, Erganomic",Furniture,Furnishings
1994,"Lesro Round Table, Rectangular",Furniture,Tables
1351,"Advantus Door Stop, Durable",Furniture,Furnishings
2644,"Cuisinart Toaster, White",Office Supplies,Appliances
5878,"Avery Removable Labels, 5000 Label Set",Office Supplies,Labels
20,"Advantus Clock, Black",Furniture,Furnishings
8737,"Brother Fax Machine, Color",Technology,Copiers
9653,"Motorola Signal Booster, with Caller ID",Technology,Phones
6178,Computer Printout Paper with Letter-Trim Fine Perforations,Office Supplies,Paper
5874,Color-Coded Legal Exhibit Labels,Office Supplies,Labels
275,"Safco Classic Bookcase, Pine",Furniture,Bookcases
7097,"Fellowes Lockers, Wire Frame",Office Supplies,Storage
1041,"Dania Corner Shelving, Pine",Furniture,Bookcases
9598,"Okidata Receipt Printer, White",Technology,Machines
510,"Bush Library with Doors, Pine",Furniture,Bookcases
9390,"StarTech Phone, White",Technology,Machines
9103,"Logitech Memory Card, Bluetooth",Technology,Accessories
1561,"Eldon Light Bulb, Erganomic",Furniture,Furnishings
2079,"Lesro Round Table, Fully Assembled",Furniture,Tables
5905,"Avery File Folder Labels, 5000 Label Set",Office Supplies,Labels
297,"Dania Stackable Bookrack, Pine",Furniture,Bookcases
9284,"StarTech Calculator, Wireless",Technology,Machines
10241,"SanDisk Keyboard, Bluetooth",Technology,Accessories
2665,"Hamilton Beach Toaster, Red",Office Supplies,Appliances
9226,"Epson Calculator, Wireless",Technology,Machines
9817,"Cisco Office Telephone, with Caller ID",Technology,Phones
4119,"Cameo Clasp Envelope, with clear poly window",Office Supplies,Envelopes
4408,"Ames Peel and Seal, with clear poly window",Office Supplies,Envelopes
3478,"Wilson Jones 3-Hole Punch, Economy",Office Supplies,Binders
170,"Bush Corner Shelving, Traditional",Furniture,Bookcases
10010,"Apple Audio Dock, Cordless",Technology,Phones
1709,"Hon Swivel Stool, Set of Two",Furniture,Chairs
8393,"Belkin Flash Drive, Programmable",Technology,Accessories
6604,"Green Bar Parchment Paper, Premium",Office Supplies,Paper
1820,"Rubbermaid Door Stop, Erganomic",Furniture,Furnishings
9477,"Epson Calculator, Wireless",Technology,Machines
2010,"Bevis Computer Table, with Bottom Storage",Furniture,Tables
2359,"Hamilton Beach Refrigerator, White",Office Supplies,Appliances
1880,"Sauder 3-Shelf Cabinet, Metal",Furniture,Bookcases
5129,"Stockwell Thumb Tacks, Metal",Office Supplies,Fasteners
2127,"Hon Computer Table, Fully Assembled",Furniture,Tables
3855,"Cardinal 3-Hole Punch, Economy",Office Supplies,Binders
8089,"Memorex Flash Drive, USB",Technology,Accessories
5818,Avery 5,Office Supplies,Labels
3074,Staples,Office Supplies,Art
6595,"Enermax Computer Printout Paper, Premium",Office Supplies,Paper
4178,"Eaton Parchment Paper, Recycled",Office Supplies,Paper
7595,"Fiskars Shears, Easy Grip",Office Supplies,Supplies
5065,"OIC Rubber Bands, Assorted Sizes",Office Supplies,Fasteners
5967,"Novimex Round Labels, Alphabetical",Office Supplies,Labels
10143,"Apple Speaker Phone, Cordless",Technology,Phones
9788,"Motorola Signal Booster, Full Size",Technology,Phones
592,"Hon Chairmat, Adjustable",Furniture,Chairs
4780,"OIC Paper Clips, 12 Pack",Office Supplies,Fasteners
8836,"Brother Fax Machine, High-Speed",Technology,Copiers
7536,"Stiletto Shears, Easy Grip",Office Supplies,Supplies
5029,"Accos Paper Clips, Metal",Office Supplies,Fasteners
237,"Bush Classic Bookcase, Metal",Furniture,Bookcases
643,"Harbour Creations Rocking Chair, Red",Furniture,Chairs
3178,"Stanley Highlighters, Blue",Office Supplies,Art
4784,"OIC Staples, 12 Pack",Office Supplies,Fasteners
2814,"BIC Canvas, Easy-Erase",Office Supplies,Art
10057,"Samsung Signal Booster, VoIP",Technology,Phones
393,"Sauder Classic Bookcase, Traditional",Furniture,Bookcases
1197,"Eldon Clock, Durable",Furniture,Furnishings
7103,"Tenex File Cart, Blue",Office Supplies,Storage
217,"Bush Stackable Bookrack, Pine",Furniture,Bookcases
7461,"Kleencut Shears, High Speed",Office Supplies,Supplies
2751,"Cuisinart Stove, Red",Office Supplies,Appliances
8288,"Enermax Keyboard, Programmable",Technology,Accessories
1,"Advantus Photo Frame, Duo Pack",Furniture,Furnishings
7704,"Fiskars Letter Opener, Easy Grip",Office Supplies,Supplies
3202,"BIC Pencil Sharpener, Easy-Erase",Office Supplies,Art
2186,"Lesro Conference Table, Adjustable Height",Furniture,Tables
5438,"KitchenAid Microwave, Silver",Office Supplies,Appliances
7976,"SanDisk Flash Drive, Bluetooth",Technology,Accessories
6642,"Green Bar Memo Slips, Premium",Office Supplies,Paper
6734,"SanDisk Note Cards, Premium",Office Supplies,Paper
5498,"Novimex Removable Labels, 5000 Label Set",Office Supplies,Labels
1017,"Chromcraft Coffee Table, Adjustable Height",Furniture,Tables
6869,"Rogers Shelving, Single Width",Office Supplies,Storage
759,"Hon Rocking Chair, Red",Furniture,Chairs
8519,"Brother Fax and Copier, Digital",Technology,Copiers
1784,"Office Star Chairmat, Black",Furniture,Chairs
5615,"Novimex Shipping Labels, Adjustable",Office Supplies,Labels
1892,"Sauder Classic Bookcase, Mobile",Furniture,Bookcases
4311,"GlobeWeis Manila Envelope, Set of 50",Office Supplies,Envelopes
7716,"Fiskars Box Cutter, Serrated",Office Supplies,Supplies
7414,"Kleencut Box Cutter, Steel",Office Supplies,Supplies
7512,"Acme Letter Opener, Steel",Office Supplies,Supplies
5783,"Harbour Creations Legal Exhibit Labels, Adjustable",Office Supplies,Labels
2742,"KitchenAid Refrigerator, Red",Office Supplies,Appliances
59,"Sauder Stackable Bookrack, Mobile",Furniture,Bookcases
2394,"Hoover Refrigerator, Black",Office Supplies,Appliances
8676,"Brother Fax and Copier, Digital",Technology,Copiers
2020,"Lesro Training Table, Fully Assembled",Furniture,Tables
9376,"Panasonic Calculator, Wireless",Technology,Machines
6325,"Universal Ultra Bright White Copier/Laser Paper, 8 1/2"" x 11"", Ream",Office Supplies,Paper
1578,"Rubbermaid Photo Frame, Black",Furniture,Furnishings
8347,"SanDisk Keyboard, Bluetooth",Technology,Accessories
10124,Nokia Lumia 925,Technology,Phones
5049,"Stockwell Thumb Tacks, Metal",Office Supplies,Fasteners
144,"Ikea 3-Shelf Cabinet, Mobile",Furniture,Bookcases
5576,"Hon Removable Labels, Laser Printer Compatible",Office Supplies,Labels
3345,"Avery Color Coded Labels, 5000 Label Set",Office Supplies,Labels
3044,Bulldog Table or Wall-Mount Pencil Sharpener,Office Supplies,Art
5646,"Hon File Folder Labels, 5000 Label Set",Office Supplies,Labels
832,"Office Star Swivel Stool, Set of Two",Furniture,Chairs
3084,"Binney & Smith Highlighters, Blue",Office Supplies,Art
9175,"Panasonic Phone, Durable",Technology,Machines
5414,"Jiffy Peel and Seal, Set of 50",Office Supplies,Envelopes
1825,"Rubbermaid Door Stop, Black",Furniture,Furnishings
3964,"Acco Binder, Clear",Office Supplies,Binders
4088,"Breville Refrigerator, Black",Office Supplies,Appliances
2602,Belkin 8-Outlet Premiere SurgeMaster II Surge Protectors,Office Supplies,Appliances
1460,"Eldon Door Stop, Erganomic",Furniture,Furnishings
2615,"KitchenAid Microwave, Black",Office Supplies,Appliances
7065,"Eldon Lockers, Wire Frame",Office Supplies,Storage
1831,"SAFCO Chairmat, Black",Furniture,Chairs
8189,Sony 8GB Class 10 Micro SDHC R40 Memory Card,Technology,Accessories
2173,"Bevis Round Table, with Bottom Storage",Furniture,Tables
4771,"OIC Push Pins, 12 Pack",Office Supplies,Fasteners
2235,"Accos Clamps, 12 Pack",Office Supplies,Fasteners
3481,"Avery Hole Reinforcements, Recycled",Office Supplies,Binders
1937,"Barricks Conference Table, with Bottom Storage",Furniture,Tables
3449,"Wilson Jones 3-Hole Punch, Recycled",Office Supplies,Binders
9608,"Panasonic Receipt Printer, Durable",Technology,Machines
2861,"Binney & Smith Markers, Water Color",Office Supplies,Art
6447,"Eaton Note Cards, 8.5 x 11",Office Supplies,Paper
4716,"Enermax Memo Slips, Premium",Office Supplies,Paper
4417,"GlobeWeis Mailers, Recycled",Office Supplies,Envelopes
876,"Novimex Bag Chairs, Black",Furniture,Chairs
9523,"Memorex Flash Drive, Erganomic",Technology,Accessories
9355,Hewlett-Packard 300S Scientific Calculator,Technology,Machines
2962,"Boston Canvas, Easy-Erase",Office Supplies,Art
1465,"Tenex Frame, Durable",Furniture,Furnishings
2891,"Binney & Smith Sketch Pad, Water Color",Office Supplies,Art
4361,"Kraft Mailers, with clear poly window",Office Supplies,Envelopes
9289,"Epson Phone, White",Technology,Machines
4497,"GlobeWeis Clasp Envelope, Set of 50",Office Supplies,Envelopes
2989,"Stanley Pens, Blue",Office Supplies,Art
6317,"Green Bar Message Books, 8.5 x 11",Office Supplies,Paper
9417,"Panasonic Inkjet, Wireless",Technology,Machines
2549,Eureka Disposable Bags for Sanitaire Vibra Groomer I Upright Vac,Office Supplies,Appliances
363,"Ikea Classic Bookcase, Pine",Furniture,Bookcases
5864,"Smead Color Coded Labels, Adjustable",Office Supplies,Labels
4661,"Ames Manila Envelope, Security-Tint",Office Supplies,Envelopes
4728,"Enermax Memo Slips, Multicolor",Office Supplies,Paper
9233,Cisco Desktop Collaboration Experience DX650 IP Video Phone,Technology,Machines
1842,"Safco Corner Shelving, Pine",Furniture,Bookcases
7356,"Stiletto Ruler, Serrated",Office Supplies,Supplies
4099,"Breville Refrigerator, Red",Office Supplies,Appliances
2068,"Barricks Round Table, Adjustable Height",Furniture,Tables
3284,Boston 1799 Powerhouse Electric Pencil Sharpener,Office Supplies,Art
2099,"Hon Round Table, Rectangular",Furniture,Tables
10063,"Motorola Office Telephone, with Caller ID",Technology,Phones
4822,"OIC Rubber Bands, Bulk Pack",Office Supplies,Fasteners
5283,"Hamilton Beach Blender, Black",Office Supplies,Appliances
2704,"Fellowes Smart Surge Ten-Outlet Protector, Platinum",Office Supplies,Appliances
5339,"Hon Color Coded Labels, 5000 Label Set",Office Supplies,Labels
9406,Hewlett-Packard Desktjet 6988DT Refurbished Printer,Technology,Machines
1708,"Hon Round Table, with Bottom Storage",Furniture,Tables
2437,"Hamilton Beach Stove, Black",Office Supplies,Appliances
2110,"Hon Computer Table, Fully Assembled",Furniture,Tables
8903,"Sharp Ink, Color",Technology,Copiers
8462,Kingston Digital DataTraveler 64GB USB 2.0,Technology,Accessories
2737,"Hamilton Beach Blender, Black",Office Supplies,Appliances
9541,"Motorola Speaker Phone, VoIP",Technology,Phones
8883,"HP Copy Machine, Color",Technology,Copiers
28,"Barricks Coffee Table, Fully Assembled",Furniture,Tables
7244,"Rogers Box, Single Width",Office Supplies,Storage
4759,"OIC Paper Clips, Bulk Pack",Office Supplies,Fasteners
1168,"Eldon Door Stop, Erganomic",Furniture,Furnishings
1946,"Barricks Conference Table, with Bottom Storage",Furniture,Tables
2364,"Cuisinart Stove, Black",Office Supplies,Appliances
8529,"Brother Wireless Fax, Laser",Technology,Copiers
117,"Sauder 3-Shelf Cabinet, Metal",Furniture,Bookcases
4633,"Kraft Manila Envelope, Recycled",Office Supplies,Envelopes
4164,"Cuisinart Refrigerator, Red",Office Supplies,Appliances
2132,"Lesro Training Table, Rectangular",Furniture,Tables
7382,"Stockwell Paper Clips, Assorted Sizes",Office Supplies,Fasteners
4813,"Stockwell Rubber Bands, Bulk Pack",Office Supplies,Fasteners
2621,"Breville Toaster, Silver",Office Supplies,Appliances
1189,"Rubbermaid Photo Frame, Erganomic",Furniture,Furnishings
5062,"Accos Clamps, Assorted Sizes",Office Supplies,Fasteners
3062,"Stanley Pens, Blue",Office Supplies,Art
886,"Office Star Chairmat, Red",Furniture,Chairs
171,"Dania Stackable Bookrack, Pine",Furniture,Bookcases
7196,"Smead Lockers, Single Width",Office Supplies,Storage
7546,"Kleencut Shears, Serrated",Office Supplies,Supplies
807,"Novimex Chairmat, Red",Furniture,Chairs
5147,"Stockwell Clamps, Assorted Sizes",Office Supplies,Fasteners
7528,"Fiskars Scissors, High Speed",Office Supplies,Supplies
2095,"Barricks Conference Table, Fully Assembled",Furniture,Tables
8778,"Brother Copy Machine, Color",Technology,Copiers
7579,"Kleencut Letter Opener, Easy Grip",Office Supplies,Supplies
1358,"Rubbermaid Frame, Duo Pack",Furniture,Furnishings
7457,"Fiskars Letter Opener, Steel",Office Supplies,Supplies
2992,"BIC Highlighters, Easy-Erase",Office Supplies,Art
2536,"Hamilton Beach Microwave, Silver",Office Supplies,Appliances
4858,"OIC Thumb Tacks, Assorted Sizes",Office Supplies,Fasteners
8850,"Canon Wireless Fax, Laser",Technology,Copiers
8190,"Enermax Mouse, USB",Technology,Accessories
1931,"Chromcraft Training Table, Fully Assembled",Furniture,Tables
6518,"Enermax Memo Slips, Multicolor",Office Supplies,Paper
977,"Hon Steel Folding Chair, Set of Two",Furniture,Chairs
10164,"Samsung Signal Booster, Cordless",Technology,Phones
2304,"Advantus Clamps, Metal",Office Supplies,Fasteners
2174,"Chromcraft Coffee Table, Rectangular",Furniture,Tables
2104,"Chromcraft Coffee Table, Rectangular",Furniture,Tables
9407,Hewlett-Packard Deskjet 5550 Printer,Technology,Machines
487,"Ikea Stackable Bookrack, Mobile",Furniture,Bookcases
5070,"Advantus Rubber Bands, 12 Pack",Office Supplies,Fasteners
7373,"Stockwell Push Pins, 12 Pack",Office Supplies,Fasteners
9332,"StarTech Printer, Durable",Technology,Machines
4723,"Enermax Note Cards, Premium",Office Supplies,Paper
9140,"Konica Card Printer, Durable",Technology,Machines
5717,"Smead Shipping Labels, 5000 Label Set",Office Supplies,Labels
5955,"Smead Shipping Labels, Adjustable",Office Supplies,Labels
2932,"Quartet Alpha White Chalk, 12/Pack",Office Supplies,Art
8287,"SanDisk Memory Card, Programmable",Technology,Accessories
9183,"Panasonic Printer, White",Technology,Machines
7590,"Fiskars Scissors, Steel",Office Supplies,Supplies
3646,"Acco Index Tab, Clear",Office Supplies,Binders
9247,"Epson Inkjet, White",Technology,Machines
8681,"Canon Fax Machine, Digital",Technology,Copiers
605,"Novimex Executive Leather Armchair, Adjustable",Furniture,Chairs
571,"Office Star Rocking Chair, Set of Two",Furniture,Chairs
4109,"Cameo Manila Envelope, Security-Tint",Office Supplies,Envelopes
6456,"Enermax Message Books, Recycled",Office Supplies,Paper
5027,"Accos Push Pins, 12 Pack",Office Supplies,Fasteners
5084,"Stockwell Push Pins, 12 Pack",Office Supplies,Fasteners
7747,"Kleencut Shears, High Speed",Office Supplies,Supplies
6432,"Wirebound Message Forms, Four 2 3/4 x 5 Forms per Page, Pink Paper",Office Supplies,Paper
2375,"Breville Microwave, Silver",Office Supplies,Appliances
6987,"Eldon Trays, Wire Frame",Office Supplies,Storage
2538,"Cuisinart Toaster, White",Office Supplies,Appliances
5118,"OIC Staples, Assorted Sizes",Office Supplies,Fasteners
3319,"Binney & Smith Highlighters, Easy-Erase",Office Supplies,Art
2046,"Barricks Coffee Table, Rectangular",Furniture,Tables
8891,"Canon Ink, Laser",Technology,Copiers
2006,"Bevis Round Table, Fully Assembled",Furniture,Tables
50,"Sauder Library with Doors, Traditional",Furniture,Bookcases
5757,"Novimex Color Coded Labels, Adjustable",Office Supplies,Labels
7969,"Logitech Keyboard, Programmable",Technology,Accessories
9252,"Konica Printer, White",Technology,Machines
6627,"Eaton Computer Printout Paper, Multicolor",Office Supplies,Paper
2389,"Breville Refrigerator, Red",Office Supplies,Appliances
2436,"KitchenAid Microwave, Black",Office Supplies,Appliances
8073,"Logitech Memory Card, Erganomic",Technology,Accessories
5880,"Hon Shipping Labels, Alphabetical",Office Supplies,Labels
4262,"Jiffy Peel and Seal, Security-Tint",Office Supplies,Envelopes
3002,"Boston Pens, Blue",Office Supplies,Art
6500,Xerox 1998,Office Supplies,Paper
9914,"Motorola Audio Dock, Cordless",Technology,Phones
6485,"Eaton Cards & Envelopes, Recycled",Office Supplies,Paper
4383,"Cameo Mailers, Recycled",Office Supplies,Envelopes
1740,"Ikea Corner Shelving, Traditional",Furniture,Bookcases
1059,"Deflect-O Door Stop, Duo Pack",Furniture,Furnishings
7623,"Fiskars Box Cutter, Steel",Office Supplies,Supplies
7641,"Fiskars Ruler, Serrated",Office Supplies,Supplies
2556,"Breville Refrigerator, White",Office Supplies,Appliances
7029,"Smead Folders, Industrial",Office Supplies,Storage
8716,"Brother Fax Machine, Digital",Technology,Copiers
4709,"Ames Interoffice Envelope, with clear poly window",Office Supplies,Envelopes
1187,"Eldon Stacking Tray, Duo Pack",Furniture,Furnishings
3511,"Wilson Jones Hole Reinforcements, Clear",Office Supplies,Binders
2512,"KitchenAid Stove, Black",Office Supplies,Appliances
4098,"Breville Refrigerator, White",Office Supplies,Appliances
581,"SAFCO Chairmat, Red",Furniture,Chairs
747,Global Enterprise Series Seating Low-Back Swivel/Tilt Chairs,Furniture,Chairs
2743,"Hoover Coffee Grinder, White",Office Supplies,Appliances
9163,"Epson Card Printer, Red",Technology,Machines
3416,"Mead 1st Gear 2"" Zipper Binder, Asst. Colors",Office Supplies,Binders
7697,"Acme Trimmer, Steel",Office Supplies,Supplies
8344,"Belkin Keyboard, Bluetooth",Technology,Accessories
4598,"Jiffy Clasp Envelope, Security-Tint",Office Supplies,Envelopes
1991,"Barricks Round Table, Adjustable Height",Furniture,Tables
9459,"Konica Inkjet, Durable",Technology,Machines
78,"Safco Floating Shelf Set, Metal",Furniture,Bookcases
7566,"Elite Box Cutter, Serrated",Office Supplies,Supplies
7587,"Acme Letter Opener, High Speed",Office Supplies,Supplies
9714,"Cisco Smart Phone, Full Size",Technology,Phones
9987,"Cisco Headset, VoIP",Technology,Phones
4374,"Jiffy Business Envelopes, Recycled",Office Supplies,Envelopes
7519,"Elite Scissors, High Speed",Office Supplies,Supplies
2131,"Hon Computer Table, Adjustable Height",Furniture,Tables
420,"Bush 3-Shelf Cabinet, Pine",Furniture,Bookcases
740,"Harbour Creations Rocking Chair, Black",Furniture,Chairs
7147,"Smead File Cart, Single Width",Office Supplies,Storage
8813,"HP Personal Copier, Digital",Technology,Copiers
8154,"Belkin Keyboard, Programmable",Technology,Accessories
587,"SAFCO Rocking Chair, Set of Two",Furniture,Chairs
1466,"Eldon Frame, Erganomic",Furniture,Furnishings
9269,"StarTech Card Printer, Durable",Technology,Machines
7296,"Rogers Shelving, Blue",Office Supplies,Storage
47,"Bevis Conference Table, Rectangular",Furniture,Tables
9012,"Epson Inkjet, White",Technology,Machines
2629,"Hamilton Beach Toaster, Black",Office Supplies,Appliances
8252,"SanDisk Mouse, Programmable",Technology,Accessories
5969,"Novimex File Folder Labels, Alphabetical",Office Supplies,Labels
1938,"Bevis Conference Table, with Bottom Storage",Furniture,Tables
815,"Hon Executive Leather Armchair, Red",Furniture,Chairs
3075,"Binney & Smith Canvas, Blue",Office Supplies,Art
919,"SAFCO Rocking Chair, Adjustable",Furniture,Chairs
9292,"Panasonic Receipt Printer, White",Technology,Machines
4414,"Kraft Interoffice Envelope, with clear poly window",Office Supplies,Envelopes
9152,"Okidata Phone, Wireless",Technology,Machines
1119,"Advantus Door Stop, Durable",Furniture,Furnishings
2274,"Accos Staples, Metal",Office Supplies,Fasteners
2648,"Breville Stove, Black",Office Supplies,Appliances
2640,"KitchenAid Toaster, White",Office Supplies,Appliances
509,"Bush Corner Shelving, Pine",Furniture,Bookcases
2103,"Lesro Computer Table, Adjustable Height",Furniture,Tables
3729,"Wilson Jones Binder Covers, Clear",Office Supplies,Binders
6493,"Green Bar Message Books, Premium",Office Supplies,Paper
272,"Safco Library with Doors, Metal",Furniture,Bookcases
8424,Maxell iVDR EX 500GB Cartridge,Technology,Accessories
3393,"Ibico Binding Machine, Economy",Office Supplies,Binders
4499,"GlobeWeis Clasp Envelope, Security-Tint",Office Supplies,Envelopes
7783,"Kleencut Box Cutter, Easy Grip",Office Supplies,Supplies
5429,"KitchenAid Refrigerator, Black",Office Supplies,Appliances
4329,"Jiffy Mailers, Set of 50",Office Supplies,Envelopes
9620,"Panasonic Phone, Durable",Technology,Machines
6476,"Xerox Memo Slips, 8.5 x 11",Office Supplies,Paper
2197,"Barricks Wood Table, Fully Assembled",Furniture,Tables
1919,"Bevis Wood Table, with Bottom Storage",Furniture,Tables
9974,"Cisco Speaker Phone, with Caller ID",Technology,Phones
4476,"Cameo Business Envelopes, Set of 50",Office Supplies,Envelopes
1479,"Eldon Door Stop, Erganomic",Furniture,Furnishings
3915,"Avery Index Tab, Clear",Office Supplies,Binders
4366,"GlobeWeis Business Envelopes, Security-Tint",Office Supplies,Envelopes
2182,"Barricks Round Table, Rectangular",Furniture,Tables
2427,"Hoover Blender, Black",Office Supplies,Appliances
2115,"Chromcraft Conference Table, Rectangular",Furniture,Tables
9639,iOttie XL Car Mount,Technology,Phones
5597,"Harbour Creations File Folder Labels, 5000 Label Set",Office Supplies,Labels
5771,"Harbour Creations File Folder Labels, Alphabetical",Office Supplies,Labels
1698,"Hon Chairmat, Red",Furniture,Chairs
1014,"Hon Bag Chairs, Red",Furniture,Chairs
8612,"HP Copy Machine, Color",Technology,Copiers
7930,"SanDisk Keyboard, USB",Technology,Accessories
7470,"Kleencut Ruler, Serrated",Office Supplies,Supplies
1750,"Lesro Conference Table, with Bottom Storage",Furniture,Tables
2191,"Bevis Coffee Table, Fully Assembled",Furniture,Tables
2718,"KitchenAid Microwave, White",Office Supplies,Appliances
45,"Bevis Conference Table, Fully Assembled",Furniture,Tables
344,"Global Adaptabilites Bookcase, Cherry/Storm Gray Finish",Furniture,Bookcases
9484,Lexmark 20R1285 X6650 Wireless All-in-One Printer,Technology,Machines
6287,Xerox 1984,Office Supplies,Paper
25,"Barricks Round Table, with Bottom Storage",Furniture,Tables
4326,"Ames Manila Envelope, Set of 50",Office Supplies,Envelopes
4376,"Cameo Interoffice Envelope, with clear poly window",Office Supplies,Envelopes
6102,"Post-it “Important Message” Note Pad, Neon Colors, 50 Sheets/Pad",Office Supplies,Paper
4612,"Kraft Clasp Envelope, with clear poly window",Office Supplies,Envelopes
1761,"Novimex Chairmat, Set of Two",Furniture,Chairs
8870,"Sharp Wireless Fax, High-Speed",Technology,Copiers
3212,"Boston Pencil Sharpener, Water Color",Office Supplies,Art
3248,"Stride Job 150 Highlighters, Chisel Tip, Assorted Colors",Office Supplies,Art
2361,"Breville Microwave, Black",Office Supplies,Appliances
628,"Novimex Chairmat, Set of Two",Furniture,Chairs
760,"Novimex Executive Leather Armchair, Black",Furniture,Chairs
9931,"Cisco Signal Booster, Full Size",Technology,Phones
4688,"Ames Clasp Envelope, Security-Tint",Office Supplies,Envelopes
9196,Socket Bluetooth Cordless Hand Scanner (CHS),Technology,Machines
4437,"Ames Manila Envelope, Recycled",Office Supplies,Envelopes
2296,"Acme Ruler, Serrated",Office Supplies,Supplies
9386,"Okidata Inkjet, Wireless",Technology,Machines
1350,"Eldon Light Bulb, Black",Furniture,Furnishings
5949,"Harbour Creations Shipping Labels, Laser Printer Compatible",Office Supplies,Labels
3792,"Ibico Index Tab, Economy",Office Supplies,Binders
40,"Bevis Conference Table, with Bottom Storage",Furniture,Tables
9345,Wasp CCD Handheld Bar Code Reader,Technology,Machines
116,"Sauder Floating Shelf Set, Mobile",Furniture,Bookcases
1925,"Lesro Training Table, with Bottom Storage",Furniture,Tables
9199,"StarTech Printer, Durable",Technology,Machines
9364,"Konica Phone, White",Technology,Machines
5748,"Hon File Folder Labels, Adjustable",Office Supplies,Labels
2414,"KitchenAid Stove, White",Office Supplies,Appliances
3529,"Acco Binding Machine, Clear",Office Supplies,Binders
904,"Harbour Creations Steel Folding Chair, Adjustable",Furniture,Chairs
1927,"Bevis Computer Table, Fully Assembled",Furniture,Tables
3326,Staples,Office Supplies,Art
1953,"Lesro Computer Table, Adjustable Height",Furniture,Tables
2124,"Lesro Coffee Table, with Bottom Storage",Furniture,Tables
6910,"Eldon File Cart, Single Width",Office Supplies,Storage
4606,"Jiffy Business Envelopes, Set of 50",Office Supplies,Envelopes
5887,"Avery Legal Exhibit Labels, 5000 Label Set",Office Supplies,Labels
7385,"Stockwell Clamps, Metal",Office Supplies,Fasteners
10153,"Cisco Smart Phone, with Caller ID",Technology,Phones
2765,"Breville Microwave, Red",Office Supplies,Appliances
8847,"Canon Fax Machine, Color",Technology,Copiers
5788,"Hon Color Coded Labels, 5000 Label Set",Office Supplies,Labels
6528,Xerox 1989,Office Supplies,Paper
6539,"SanDisk Note Cards, Premium",Office Supplies,Paper
3133,Panasonic KP-310 Heavy-Duty Electric Pencil Sharpener,Office Supplies,Art
2067,"Bevis Coffee Table, Adjustable Height",Furniture,Tables
9306,"StarTech Phone, Durable",Technology,Machines
3652,"Ibico Binder, Recycled",Office Supplies,Binders
4241,"Elite Letter Opener, Easy Grip",Office Supplies,Supplies
2625,"Hoover Blender, Silver",Office Supplies,Appliances
2907,"Stanley Canvas, Easy-Erase",Office Supplies,Art
7263,"Fellowes Trays, Single Width",Office Supplies,Storage
9499,"Konica Phone, Wireless",Technology,Machines
7193,"Eldon Folders, Wire Frame",Office Supplies,Storage
1734,"Ikea 3-Shelf Cabinet, Mobile",Furniture,Bookcases
9201,"StarTech Card Printer, White",Technology,Machines
4659,"GlobeWeis Mailers, Set of 50",Office Supplies,Envelopes
7669,"Elite Letter Opener, Steel",Office Supplies,Supplies
8603,"Hewlett Personal Copier, High-Speed",Technology,Copiers
562,"Office Star Executive Leather Armchair, Adjustable",Furniture,Chairs
6221,"Eaton Computer Printout Paper, Multicolor",Office Supplies,Paper
419,"Bush Floating Shelf Set, Traditional",Furniture,Bookcases
6502,Xerox 1969,Office Supplies,Paper
2787,"KitchenAid Coffee Grinder, Red",Office Supplies,Appliances
9421,"Epson Calculator, White",Technology,Machines
1367,"Tenex Frame, Duo Pack",Furniture,Furnishings
9451,"StarTech Inkjet, Durable",Technology,Machines
3558,"Ibico Hole Reinforcements, Clear",Office Supplies,Binders
9285,"Panasonic Inkjet, White",Technology,Machines
2772,"Hamilton Beach Stove, Black",Office Supplies,Appliances
2527,"KitchenAid Microwave, Silver",Office Supplies,Appliances
1759,"Novimex Chairmat, Black",Furniture,Chairs
3473,"Wilson Jones 3-Hole Punch, Economy",Office Supplies,Binders
689,"Office Star Chairmat, Set of Two",Furniture,Chairs
1018,"Chromcraft Computer Table, Fully Assembled",Furniture,Tables
8823,"Canon Ink, Color",Technology,Copiers
1958,"Chromcraft Round Table, Rectangular",Furniture,Tables
1268,"Deflect-O Clock, Durable",Furniture,Furnishings
8028,"Belkin Keyboard, USB",Technology,Accessories
915,"SAFCO Steel Folding Chair, Set of Two",Furniture,Chairs
6949,"Rogers Folders, Blue",Office Supplies,Storage
5102,"Stockwell Staples, Bulk Pack",Office Supplies,Fasteners
3522,"Ibico Index Tab, Clear",Office Supplies,Binders
9444,Cubify CubeX 3D Printer Triple Head Print,Technology,Machines
9901,"Cisco Speaker Phone, Cordless",Technology,Phones
9258,"Okidata Card Printer, Wireless",Technology,Machines
6945,"Rogers Lockers, Wire Frame",Office Supplies,Storage
3673,"Wilson Jones 3-Hole Punch, Recycled",Office Supplies,Binders
6100,"Enermax Parchment Paper, Multicolor",Office Supplies,Paper
3177,"Boston Pencil Sharpener, Water Color",Office Supplies,Art
7620,"Stiletto Ruler, Easy Grip",Office Supplies,Supplies
6513,"SanDisk Memo Slips, Premium",Office Supplies,Paper
2767,"Breville Refrigerator, Silver",Office Supplies,Appliances
1990,"Lesro Coffee Table, Fully Assembled",Furniture,Tables
2656,"Cuisinart Microwave, White",Office Supplies,Appliances
96,"Safco Library with Doors, Metal",Furniture,Bookcases
9040,"Hewlett Copy Machine, Color",Technology,Copiers
2019,"Chromcraft Wood Table, Adjustable Height",Furniture,Tables
9678,"Motorola Audio Dock, Full Size",Technology,Phones
2558,"KitchenAid Blender, White",Office Supplies,Appliances
9251,"Okidata Card Printer, Durable",Technology,Machines
6789,"Smead File Folder Labels, Laser Printer Compatible",Office Supplies,Labels
3713,"Ibico Binder Covers, Clear",Office Supplies,Binders
9457,"Panasonic Receipt Printer, Durable",Technology,Machines
3987,"Wilson Jones Index Tab, Economy",Office Supplies,Binders
5617,"Novimex Removable Labels, Adjustable",Office Supplies,Labels
1955,"Barricks Conference Table, Adjustable Height",Furniture,Tables
360,"Dania Floating Shelf Set, Traditional",Furniture,Bookcases
7920,"SanDisk Memory Card, Bluetooth",Technology,Accessories
2089,"Hon Computer Table, Fully Assembled",Furniture,Tables
9353,"Panasonic Printer, Red",Technology,Machines
3442,"Ibico Binder Covers, Durable",Office Supplies,Binders
6359,Xerox 1938,Office Supplies,Paper
7367,"Stockwell Staples, 12 Pack",Office Supplies,Fasteners
3578,"Avery Binder, Economy",Office Supplies,Binders
4555,"Ames Peel and Seal, Recycled",Office Supplies,Envelopes
4997,"Stockwell Thumb Tacks, 12 Pack",Office Supplies,Fasteners
2687,"KitchenAid Refrigerator, Red",Office Supplies,Appliances
9751,"Motorola Smart Phone, Full Size",Technology,Phones
1242,"Eldon Photo Frame, Erganomic",Furniture,Furnishings
1523,"Advantus Light Bulb, Erganomic",Furniture,Furnishings
6051,Xerox 1901,Office Supplies,Paper
8187,"Enermax Router, USB",Technology,Accessories
1879,"Sauder Floating Shelf Set, Metal",Furniture,Bookcases
4347,"GlobeWeis Interoffice Envelope, Security-Tint",Office Supplies,Envelopes
5107,"Accos Rubber Bands, 12 Pack",Office Supplies,Fasteners
8228,"SanDisk Keyboard, Erganomic",Technology,Accessories
178,"Ikea Library with Doors, Traditional",Furniture,Bookcases
221,"Safco Corner Shelving, Pine",Furniture,Bookcases
2091,"Bevis Round Table, Adjustable Height",Furniture,Tables
9384,"Konica Card Printer, Durable",Technology,Machines
9425,"Panasonic Phone, Wireless",Technology,Machines
6750,"Smead Color Coded Labels, 5000 Label Set",Office Supplies,Labels
505,"Bush Corner Shelving, Metal",Furniture,Bookcases
1480,"Tenex Clock, Black",Furniture,Furnishings
2666,"Hamilton Beach Coffee Grinder, Black",Office Supplies,Appliances
5060,"Accos Rubber Bands, 12 Pack",Office Supplies,Fasteners
7013,"Rogers Shelving, Industrial",Office Supplies,Storage
3724,"Acco Binding Machine, Clear",Office Supplies,Binders
4842,"Advantus Rubber Bands, 12 Pack",Office Supplies,Fasteners
4831,"Stockwell Clamps, 12 Pack",Office Supplies,Fasteners
9340,"StarTech Calculator, White",Technology,Machines
737,"Harbour Creations Steel Folding Chair, Set of Two",Furniture,Chairs
4354,"Cameo Manila Envelope, with clear poly window",Office Supplies,Envelopes
7608,"Fiskars Ruler, Easy Grip",Office Supplies,Supplies
2897,"Binney & Smith Canvas, Fluorescent",Office Supplies,Art
1381,"Deflect-O Light Bulb, Duo Pack",Furniture,Furnishings
5454,"Kleencut Scissors, Easy Grip",Office Supplies,Supplies
9031,"Epson Inkjet, Wireless",Technology,Machines
10075,"Cisco Speaker Phone, VoIP",Technology,Phones
1735,"Ikea Floating Shelf Set, Mobile",Furniture,Bookcases
2539,"Breville Coffee Grinder, Black",Office Supplies,Appliances
6743,"Smead Removable Labels, 5000 Label Set",Office Supplies,Labels
9776,Panasonic Business Telephones KX-T7736,Technology,Phones
8086,"Enermax Flash Drive, Programmable",Technology,Accessories
6373,"Enermax Memo Slips, 8.5 x 11",Office Supplies,Paper
2397,"KitchenAid Toaster, Silver",Office Supplies,Appliances
5510,"Hon Removable Labels, Laser Printer Compatible",Office Supplies,Labels
2052,"Hon Wood Table, with Bottom Storage",Furniture,Tables
1988,"Hon Wood Table, Rectangular",Furniture,Tables
9253,Okidata C610n Printer,Technology,Machines
9635,"Cisco Speaker Phone, VoIP",Technology,Phones
9283,"StarTech Calculator, Durable",Technology,Machines
9015,"Epson Calculator, Durable",Technology,Machines
6034,"Green Bar Message Books, Recycled",Office Supplies,Paper
2150,"Barricks Training Table, with Bottom Storage",Furniture,Tables
7655,"Acme Scissors, High Speed",Office Supplies,Supplies
7739,"Elite Ruler, High Speed",Office Supplies,Supplies
7603,"Fiskars Trimmer, Serrated",Office Supplies,Supplies
2668,"Hamilton Beach Blender, Silver",Office Supplies,Appliances
2195,"Barricks Computer Table, Adjustable Height",Furniture,Tables
9234,"Panasonic Card Printer, Wireless",Technology,Machines
548,"Hon Steel Folding Chair, Set of Two",Furniture,Chairs
882,"Harbour Creations Rocking Chair, Red",Furniture,Chairs
9035,"Hewlett Ink, High-Speed",Technology,Copiers
41,"Bevis Wood Table, Fully Assembled",Furniture,Tables
2117,"Hon Coffee Table, Adjustable Height",Furniture,Tables
91,"Dania Corner Shelving, Pine",Furniture,Bookcases
1972,"Lesro Conference Table, Fully Assembled",Furniture,Tables
741,"Novimex Executive Leather Armchair, Adjustable",Furniture,Chairs
7990,"Enermax Memory Card, Bluetooth",Technology,Accessories
9692,"Samsung Signal Booster, VoIP",Technology,Phones
3225,"Sanford Canvas, Blue",Office Supplies,Art
8535,"Canon Wireless Fax, High-Speed",Technology,Copiers
6267,"SanDisk Message Books, Multicolor",Office Supplies,Paper
4487,"Cameo Mailers, Set of 50",Office Supplies,Envelopes
5047,"Accos Thumb Tacks, Bulk Pack",Office Supplies,Fasteners
245,"Bush Saratoga Collection 5-Shelf Bookcase, Hanover Cherry, *Special Order",Furniture,Bookcases
5300,"Hamilton Beach Coffee Grinder, Silver",Office Supplies,Appliances
5539,"Harbour Creations File Folder Labels, Alphabetical",Office Supplies,Labels
1828,"Safco Library with Doors, Metal",Furniture,Bookcases
4069,"Boston Highlighters, Water Color",Office Supplies,Art
99,"Dania Classic Bookcase, Traditional",Furniture,Bookcases
435,"Ikea Library with Doors, Traditional",Furniture,Bookcases
1987,"Barricks Training Table, Rectangular",Furniture,Tables
635,"Harbour Creations Chairmat, Set of Two",Furniture,Chairs
8353,"Logitech Numeric Keypad, Programmable",Technology,Accessories
7746,"Acme Ruler, Easy Grip",Office Supplies,Supplies
6419,"Green Bar Message Books, Recycled",Office Supplies,Paper
2936,"BIC Pencil Sharpener, Blue",Office Supplies,Art
43,"Bevis Round Table, Adjustable Height",Furniture,Tables
1500,"Eldon Stacking Tray, Erganomic",Furniture,Furnishings
5815,"Hon Shipping Labels, Adjustable",Office Supplies,Labels
9369,"Panasonic Card Printer, Red",Technology,Machines
1081,"Eldon Frame, Erganomic",Furniture,Furnishings
2172,"Lesro Computer Table, with Bottom Storage",Furniture,Tables
2043,"Barricks Conference Table, Rectangular",Furniture,Tables
